time,open,high,low,close,volume,returns_simple,returns_log,volatility_20,sma_5,sma_10,sma_20,sma_50,sma_200,ema_12,ema_26,rsi_14,roc_12,macd,macd_signal,macd_hist,bb_upper,bb_middle,bb_lower,bb_width,bb_position,atr_14,stoch_k,stoch_d,high_low_ratio,close_open_ratio,body_size,wick_upper,wick_lower,returns_lag_1,close_lag_1,volume_lag_1,returns_lag_2,close_lag_2,volume_lag_2,returns_lag_3,close_lag_3,volume_lag_3,returns_lag_5,close_lag_5,volume_lag_5,volume_sma_20,volume_ratio
2025-03-17 00:00:00+00:00,1.2926199999999999,1.29984,1.29248,1.29846,44858.0,,,,,,,,,1.29846,1.29846,,,0.0,0.0,0.0,,,,,,,,,0.0056682531614374206,0.004497635660705811,0.005840000000000067,0.0013800000000001589,0.00013999999999980695,,,,,,,,,,,,,,
2025-03-18 00:00:00+00:00,1.29892,1.30099,1.29515,1.30016,45997.0,0.0013092432573973412,0.0013083869457758102,,,,,,,1.2987215384615385,1.2985859259259258,,,0.0001356125356126725,2.7122507122534503e-05,0.000108490028490138,,,,,,,,,0.004491754860940244,0.0009537287718433946,0.0012399999999999078,0.0008300000000001084,0.003770000000000051,,1.29846,44858.0,,,,,,,,,,,
2025-03-19 00:00:00+00:00,1.30005,1.30112,1.2955,1.30019,49961.0,2.3074083189689176e-05,2.3073816987126565e-05,,,,,,,1.2989474556213019,1.298704746227709,,,0.0002427093935928326,7.023988441659412e-05,0.0001724695091762385,,,,,,,,,0.0043224451810888855,0.00010767657034743306,0.000140000000000029,0.0009300000000000974,0.004549999999999832,0.0013092432573973412,1.30016,45997.0,,1.29846,44858.0,,,,,,,,
2025-03-20 00:00:00+00:00,1.3004,1.3014700000000001,1.29358,1.29676,48460.0,-0.002638075973511622,-0.0026415618279147864,,,,,,,1.2986109239872554,1.2985606909515826,,,5.023303567286419e-05,6.623851466784815e-05,-1.6005478994983956e-05,,,,,,,,,0.006084394953576742,-0.002806995897467602,0.0036400000000000876,0.0010700000000001264,0.0031799999999999606,2.3074083189689176e-05,1.30019,49961.0,0.0013092432573973412,1.30016,45997.0,,1.29846,44858.0,,,,,
2025-03-21 00:00:00+00:00,1.29673,1.29703,1.28877,1.29165,45914.0,-0.003940590394521659,-0.003948374978150432,,1.297444,,,,,1.2975400126046008,1.298048787918132,,,-0.0005087753135311068,-4.8764250971942856e-05,-0.000460011062559164,,,,,,,,,0.006394921224789947,-0.003932953973599639,0.005079999999999973,0.00029999999999996696,0.0028799999999999937,-0.002638075973511622,1.29676,48460.0,2.3074083189689176e-05,1.30019,49961.0,0.0013092432573973412,1.30016,45997.0,,,,,
2025-03-24 00:00:00+00:00,1.29071,1.29731,1.28948,1.29197,62198.0,0.0002477451321953872,0.0002477144484378537,,1.296146,,,,,1.2966830875885085,1.2975985073316036,,,-0.0009154197430951694,-0.00022209534939658817,-0.0006933243936985813,,,,,,,,,0.00606051224099631,0.0009752548433787462,0.0012600000000000389,0.0053399999999999,0.0012300000000000644,-0.003940590394521659,1.29165,45914.0,-0.002638075973511622,1.29676,48460.0,2.3074083189689176e-05,1.30019,49961.0,,1.29846,44858.0,,
2025-03-25 00:00:00+00:00,1.29197,1.29658,1.2901099999999999,1.29429,62824.0,0.0017957073306655857,0.0017940969757860505,,1.294972,,,,,1.2963149202671995,1.2973534327144478,,,-0.0010385124472482854,-0.0003853787689669276,-0.0006531336782813578,,,,,,,,,0.004998879694659001,0.0017924885458435729,0.0023199999999998777,0.0022900000000001253,0.0018600000000001948,0.0002477451321953872,1.29197,62198.0,-0.003940590394521659,1.29165,45914.0,-0.002638075973511622,1.29676,48460.0,0.0013092432573973412,1.30016,45997.0,,
2025-03-26 00:00:00+00:00,1.29429,1.29478,1.28731,1.28734,71004.0,-0.005369739393798922,-0.005384208263662118,,1.2924019999999998,,,,,1.294934163303015,1.296611696957822,,,-0.0016775336548071618,-0.0006438097461349745,-0.0010337239086721873,,,,,,,,,0.005802662855189839,-0.005398729162459034,0.006950000000000012,0.0004900000000001015,2.999999999997449e-05,0.0017957073306655857,1.29429,62824.0,0.0002477451321953872,1.29197,62198.0,-0.003940590394521659,1.29165,45914.0,2.3074083189689176e-05,1.30019,49961.0,,
2025-03-27 00:00:00+00:00,1.2873,1.29913,1.28701,1.29462,76463.0,0.0056550716982306515,0.005639141808503379,,1.291974,,,,,1.2948858304871664,1.2964641638498353,,,-0.0015783333626688822,-0.0008307144694417561,-0.0007476188932271262,,,,,,,,,0.009361820456967996,0.005654168790842094,0.007319999999999993,0.004509999999999792,0.0002900000000001235,-0.005369739393798922,1.28734,71004.0,0.0017957073306655857,1.29429,62824.0,0.0002477451321953872,1.29197,62198.0,-0.002638075973511622,1.29676,48460.0,,
2025-03-28 00:00:00+00:00,1.29466,1.29674,1.29215,1.29372,64095.0,-0.0006951846873987089,-0.0006954264403219525,,1.292388,1.294916,,,,1.2947064719506793,1.2962608924535513,,,-0.0015544205028719116,-0.0009754556761277873,-0.0005789648267441243,,,,,,,,,0.0035479083572953142,-0.0007265868967009406,0.0009399999999999409,0.002080000000000082,0.0015700000000000713,0.0056550716982306515,1.29462,76463.0,-0.005369739393798922,1.28734,71004.0,0.0017957073306655857,1.29429,62824.0,-0.003940590394521659,1.29165,45914.0,,
2025-03-31 00:00:00+00:00,1.2943,1.29717,1.2885499999999999,1.29162,79818.0,-0.0016232260458213243,-0.001624544904616429,,1.292318,1.2942319999999998,,,,1.2942316301121133,1.295917122642177,,,-0.0016854925300637813,-0.0011174630469149862,-0.0005680294831487951,,,,,,,,,0.006673789504653127,-0.002074913674300503,0.0026800000000000157,0.002869999999999928,0.003070000000000128,-0.0006951846873987089,1.29372,64095.0,0.0056550716982306515,1.29462,76463.0,-0.005369739393798922,1.28734,71004.0,0.0002477451321953872,1.29197,62198.0,,
2025-04-01 00:00:00+00:00,1.29108,1.294,1.28784,1.29205,77371.0,0.0003329152537123736,0.00033285984972551024,,1.2918699999999999,1.293421,,,,1.2938959947102497,1.295630669113127,,,-0.0017346744028772232,-0.0012409053181074337,-0.0004937690847697895,,,,,,,,,0.004767617352269605,0.0007507449402112267,0.0009699999999999154,0.0019500000000001183,0.0032399999999999096,-0.0016232260458213243,1.29162,79818.0,-0.0006951846873987089,1.29372,64095.0,0.0056550716982306515,1.29462,76463.0,0.0017957073306655857,1.29429,62824.0,,
2025-04-02 00:00:00+00:00,1.29176,1.3024200000000001,1.28996,1.29982,74994.0,0.006013699160249297,0.005995689040346959,,1.2943660000000001,1.293384,,,,1.294807380139442,1.295940989919562,,0.1047394605917801,-0.001133609780120004,-0.001219446210509948,8.58364303899439e-05,,,,,,,,,0.009585942668985043,0.006200858580418794,0.008059999999999956,0.0026000000000001577,0.0018000000000000238,0.0003329152537123736,1.29205,77371.0,-0.0016232260458213243,1.29162,79818.0,-0.0006951846873987089,1.29372,64095.0,-0.005369739393798922,1.28734,71004.0,,
2025-04-03 00:00:00+00:00,1.29936,1.32061,1.2969,1.30973,133837.0,0.007624132572202402,0.007595215757545598,,1.2973880000000002,1.294681,,,,1.2971031678102969,1.2969623980736686,61.67875647668397,0.7360632537533902,0.00014076973662824344,-0.0009474030210823097,0.0010881727577105533,,,,,,0.008885714285714339,67.61904761904769,,0.01810296778725395,0.007917662418971842,0.01036999999999999,0.01088,0.0024600000000001288,0.006013699160249297,1.29982,74994.0,0.0003329152537123736,1.29205,77371.0,-0.0016232260458213243,1.29162,79818.0,0.0056550716982306515,1.29462,76463.0,,
2025-04-04 00:00:00+00:00,1.30877,1.31128,1.28522,1.28983,146440.0,-0.015193971276522666,-0.015310582356182325,,1.2966099999999998,1.2944989999999998,,,,1.295984218916405,1.296434072290434,43.66837857666921,-0.7968066205708338,-0.000449853374028919,-0.0008478930916716316,0.0003980397176427126,,,,,,0.010221428571428619,13.026278609776769,,0.02020421295829681,-0.014684105657334653,0.018939999999999957,0.0025100000000000122,0.004610000000000003,0.007624132572202402,1.30973,133837.0,0.006013699160249297,1.29982,74994.0,0.0003329152537123736,1.29205,77371.0,-0.0006951846873987089,1.29372,64095.0,,
2025-04-07 00:00:00+00:00,1.2841,1.29331,1.27073,1.27133,167461.0,-0.014342975430870708,-0.014446830156273427,,1.292552,1.292435,,,,1.292191262160035,1.2945745113800315,33.03119482048275,-1.9610413646318394,-0.0023832492199964417,-0.0011549643173365937,-0.001228284902659848,,,,,,0.011417142857142903,1.202886928629018,27.282737719151157,0.01776092753258402,-0.010044598963290371,0.012769999999999948,0.00920999999999994,0.000600000000000156,-0.015193971276522666,1.28983,146440.0,0.007624132572202402,1.30973,133837.0,0.006013699160249297,1.29982,74994.0,-0.0016232260458213243,1.29162,79818.0,,
2025-04-08 00:00:00+00:00,1.27156,1.28137,1.27132,1.27629,130110.0,0.003901426065616276,0.00389383523990146,,1.2894,1.290635,,,,1.2897449141354143,1.2932201031296588,36.704494882064985,-1.189176634537223,-0.0034751889942445935,-0.0016190092527181938,-0.0018561797415263996,,,,,,0.01173357142857147,11.146752205292689,8.458639247899493,0.007874385915426661,0.003706054266663455,0.004729999999999901,0.005079999999999973,0.00024000000000001798,-0.014342975430870708,1.27133,167461.0,-0.015193971276522666,1.28983,146440.0,0.007624132572202402,1.30973,133837.0,0.0003329152537123736,1.29205,77371.0,,
2025-04-09 00:00:00+00:00,1.27577,1.28632,1.2732999999999999,1.28122,166321.0,0.0038627584639854273,0.0038553171689710442,,1.2856800000000002,1.290023,,,,1.288433388883812,1.292331206601536,41.49704530531854,-0.8320626639937487,-0.003897817717724017,-0.002074770945719359,-0.0018230467720046582,,,,,,0.012100000000000031,21.03047313552542,11.126704089815709,0.010162189163453609,0.00425375813677585,0.005449999999999955,0.005099999999999882,0.0024700000000001943,0.003901426065616276,1.27629,130110.0,-0.014342975430870708,1.27133,167461.0,-0.015193971276522666,1.28983,146440.0,0.006013699160249297,1.29982,74994.0,,
2025-04-10 00:00:00+00:00,1.28129,1.29951,1.27872,1.29624,151123.0,0.011723201323738275,0.011655016974300195,,1.282982,1.290185,,,,1.2896344059786102,1.292620746853274,52.26577154704318,0.1506617527756622,-0.002986340874663762,-0.00225708493150824,-0.0007292559431555223,,,,,,0.012995000000000026,51.142742582197414,27.773322641005176,0.0160386965376781,0.011533358020119745,0.014950000000000019,0.003269999999999884,0.002569999999999961,0.0038627584639854273,1.28122,166321.0,0.003901426065616276,1.27629,130110.0,-0.014342975430870708,1.27133,167461.0,0.007624132572202402,1.30973,133837.0,,
2025-04-11 00:00:00+00:00,1.29624,1.31442,1.29617,1.30813,165396.0,0.009172684070851034,0.009130870504905755,,1.286642,1.2916260000000002,1.293271,,,1.292479881981901,1.293769580419698,57.15931242247028,1.6149579753600516,-0.0012896984377970266,-0.0020636076327659974,0.0007739091949689708,1.3119168686266451,1.293271,1.274625131373355,0.03729173725329016,0.8984528770830859,0.013739285714285732,74.97995188452283,49.05105586741522,0.013951212799950981,0.009089310695420147,0.011889999999999956,0.006289999999999907,7.00000000000145e-05,0.011723201323738275,1.29624,151123.0,0.0038627584639854273,1.28122,166321.0,0.003901426065616276,1.27629,130110.0,-0.015193971276522666,1.28983,146440.0,93232.25,1.774021328456623
2025-04-14 00:00:00+00:00,1.3091,1.32,1.30606,1.31875,110639.0,0.0081184591745469,0.008085681766725479,0.006985932036431286,1.296126,1.2943390000000001,1.2942855000000002,,,1.29652143860007,1.2956199818700909,60.094090458897355,1.8638673896587403,0.0009014567299792109,-0.0014705947602169558,0.0023720514901961667,1.3160647489117028,1.2942855000000002,1.2725062510882976,0.04355849782340515,1.0616470085626888,0.014272857142857151,96.27105052125107,74.13124832932377,0.010570616113744123,0.007317535545023816,0.009650000000000158,0.0012499999999999734,0.0030399999999999316,0.009172684070851034,1.30813,165396.0,0.011723201323738275,1.29624,151123.0,0.0038627584639854273,1.28122,166321.0,-0.014342975430870708,1.27133,167461.0,96521.3,1.1462651248998925
2025-04-15 00:00:00+00:00,1.31883,1.3250899999999999,1.31634,1.32256,90175.0,0.0028890995260661967,0.0028849340989907588,0.007000923354310488,1.30538,1.29739,1.2954055,,,1.300527371123136,1.2976155387686026,64.92119979664463,2.2292304362613224,0.0029118323545334057,-0.0005941093372668836,0.003505941691800289,1.320507163165699,1.2954055,1.270303836834301,0.050203326331398124,1.0408904545637054,0.014364285714285703,95.34584253127314,88.86561497901567,0.006615956932010505,0.0028202879264456896,0.003730000000000011,0.002529999999999921,0.002489999999999881,0.0081184591745469,1.31875,110639.0,0.009172684070851034,1.30813,165396.0,0.011723201323738275,1.29624,151123.0,0.003901426065616276,1.27629,130110.0,98730.2,0.9133476889543423
2025-04-16 00:00:00+00:00,1.32261,1.32911,1.32084,1.32432,94947.0,0.001330752480038777,0.001329867813718171,0.0069986265920193415,1.314,1.29984,1.296612,,,1.3041877755657303,1.2995936470079654,63.19999999999993,2.5317043712547,0.004594128557764865,0.00044353824173946617,0.004150590316025399,1.3248104998481165,1.296612,1.2684135001518837,0.0563969996962328,0.9913027315148235,0.014089285714285709,91.79513532031507,94.47067612427975,0.006244714268454754,0.001291228706052826,0.0017099999999998783,0.004790000000000072,0.0017700000000000493,0.0028890995260661967,1.32256,90175.0,0.0081184591745469,1.31875,110639.0,0.009172684070851034,1.30813,165396.0,0.0038627584639854273,1.28122,166321.0,100979.5,0.9402601518129917
2025-04-17 00:00:00+00:00,1.3226200000000001,1.32722,1.3202,1.3262800000000001,84982.0,0.0014800048326690796,0.0014789107049265763,0.006948113895377984,1.320008,1.301495,1.298088,,,1.3075865793248487,1.3015704138962643,64.33603381472355,2.6492782787044007,0.006016165428584408,0.0015580636791084545,0.004458101749475953,1.3292533820093624,1.298088,1.2669226179906374,0.06233076401872495,0.9522967180625442,0.014262857142857133,95.15244946899644,94.09780910686153,0.005292999969840475,0.0027595982748740812,0.0036599999999999966,0.0009399999999999409,0.0024200000000000887,0.001330752480038777,1.32432,94947.0,0.0028890995260661967,1.32256,90175.0,0.0081184591745469,1.31875,110639.0,0.011723201323738275,1.29624,151123.0,102805.6,0.826628121425292
2025-04-18 00:00:00+00:00,1.32554,1.32974,1.3247900000000001,1.3290199999999999,153292.0,0.00206592876315681,0.002063797666953462,0.006845594736052741,1.3241859999999999,1.305414,1.2999565,,,1.3108840286594874,1.303603716570615,66.37478108581433,2.2464648951393187,0.007280312088872476,0.002702513361061259,0.004577798727811217,1.33385759408264,1.2999565,1.2660554059173599,0.06780218816528016,0.9286513575218597,0.014000714285714255,98.77986781901363,95.24248420277503,0.0037245489157422674,0.0026184707528855307,0.0034799999999999276,0.0007200000000000539,0.0007499999999998064,0.0014800048326690796,1.3262800000000001,84982.0,0.001330752480038777,1.32432,94947.0,0.0028890995260661967,1.32256,90175.0,0.009172684070851034,1.30813,165396.0,108174.5,1.4170807352934378
2025-04-21 00:00:00+00:00,1.3272,1.3421,1.32676,1.33738,80904.0,0.006290349279920671,0.006270647609981367,0.0069226783882997646,1.327912,1.3120189999999998,1.302227,,,1.314960331942643,1.30610566349131,68.55809383443874,2.1111221396776396,0.008854668451333092,0.003932944379115626,0.004921724072217466,1.339763594411321,1.302227,1.264690405588679,0.07507318882264213,0.9682497247192704,0.014656428571428555,93.3865769931343,95.77296476038146,0.01147018797948237,0.007611897889904199,0.010180000000000078,0.0047200000000000575,0.00043999999999999595,0.00206592876315681,1.3290199999999999,153292.0,0.0014800048326690796,1.3262800000000001,84982.0,0.001330752480038777,1.32432,94947.0,0.0081184591745469,1.31875,110639.0,109109.8,0.7414915983715487
2025-04-22 00:00:00+00:00,1.3365,1.34226,1.33251,1.3327200000000001,88281.0,-0.003484424770820449,-0.003490509517485417,0.007020892081043561,1.329944,1.3176619999999999,1.3041485,,,1.3176925885668518,1.308077095825287,63.82120651991269,3.325244412054309,0.009615492741564813,0.005069454051605464,0.004546038689959349,1.343846609341166,1.3041485,1.2644503906588338,0.07939621868233226,0.8598597071016192,0.01446285714285711,86.66293862714963,92.94312781309918,0.007315865298037041,-0.0028363047001619952,0.0037799999999998946,0.005759999999999987,0.00021000000000004349,0.006290349279920671,1.33738,80904.0,0.00206592876315681,1.3290199999999999,153292.0,0.0014800048326690796,1.3262800000000001,84982.0,0.0028890995260661967,1.32256,90175.0,110382.65,0.7997724280038575
2025-04-23 00:00:00+00:00,1.33219,1.33378,1.32331,1.32484,105352.0,-0.00591271985113162,-0.005930269189557923,0.007049794394895023,1.3300480000000001,1.322024,1.3060235,,,1.3187921903257978,1.3093187924308214,56.45781690742797,4.208977999417928,0.009473397894976365,0.005950242820279645,0.00352315507469672,1.3459207745540611,1.3060235,1.266126225445939,0.07979454910812223,0.7358118469283348,0.013517142857142814,75.6465818537677,85.23203249135054,0.007902841097792926,-0.005547839739138287,0.007349999999999968,0.0015899999999999803,0.0015300000000000313,-0.003484424770820449,1.3327200000000001,88281.0,0.006290349279920671,1.33738,80904.0,0.00206592876315681,1.3290199999999999,153292.0,0.001330752480038777,1.32432,94947.0,112100.05,0.9398033274739842
2025-04-24 00:00:00+00:00,1.3254299999999999,1.33483,1.32439,1.33371,74985.0,0.006695148093354586,0.006672835126402769,0.007086108167291781,1.331534,1.325771,1.307978,,,1.3210872379679828,1.3111255485470568,70.70592676481691,4.498977505112476,0.009961689420926012,0.006752532140408919,0.003209157280517093,1.3493266218697353,1.307978,1.2666293781302649,0.0826972437394704,0.8111591007925975,0.012401428571428532,88.04697329791689,83.45216459294473,0.007827788649706463,0.006208246170456895,0.008280000000000065,0.0011200000000000099,0.0010399999999999299,-0.00591271985113162,1.32484,105352.0,-0.003484424770820449,1.3327200000000001,88281.0,0.006290349279920671,1.33738,80904.0,0.0014800048326690796,1.3262800000000001,84982.0,112026.15,0.6693526466811544
2025-04-25 00:00:00+00:00,1.33382,1.33392,1.32733,1.33073,73052.0,-0.002234368790816621,-0.002236868717295975,0.007119624660494796,1.331876,1.328031,1.3098285,,,1.3225707398190625,1.3125777301361636,82.83945157010172,3.8642856027848413,0.009993009682898846,0.0074006276489069055,0.00259238203399194,1.3517983926048567,1.3098285,1.2678586073951434,0.08393978520971324,0.7490058790093408,0.011259285714285678,83.74682830561032,82.4801278190983,0.004952169110187713,-0.002322033770937784,0.003090000000000037,9.999999999998899e-05,0.0034000000000000696,0.006695148093354586,1.33371,74985.0,-0.00591271985113162,1.32484,105352.0,-0.003484424770820449,1.3327200000000001,88281.0,0.00206592876315681,1.3290199999999999,153292.0,112474.0,0.6495012180592848
2025-04-28 00:00:00+00:00,1.3307,1.34435,1.32793,1.34374,73466.0,0.00977658878961174,0.009729107166806526,0.007315497263231874,1.333148,1.33053,1.3124345,,,1.3258275490776683,1.3148860464223737,84.24205503096762,3.664444855890875,0.010941502655294588,0.008108802650184443,0.0028327000051101454,1.3560828727194114,1.3124345,1.2687861272805885,0.08729674543882293,0.8586101617263464,0.011714285714285677,99.14144968332161,90.31175042894961,0.012219625820471133,0.009704258264247504,0.01303999999999994,0.0006099999999999994,0.002769999999999939,-0.002234368790816621,1.33073,73052.0,0.006695148093354586,1.33371,74985.0,-0.00591271985113162,1.32484,105352.0,0.006290349279920671,1.33738,80904.0,112156.4,0.6550317235574609
2025-04-29 00:00:00+00:00,1.34315,1.3443100000000001,1.33795,1.33987,67013.0,-0.0028800214327177054,-0.002884176674485439,0.007389066297267957,1.3345779999999998,1.3322610000000001,1.3148255,,,1.3279879261426424,1.3167367096503462,80.0985322795853,2.4263643521668246,0.011251216492296212,0.008737285418606796,0.002513931073689416,1.3590080121274783,1.3148255,1.2706429878725216,0.08836502425495674,0.7834209599460962,0.0112385714285714,93.17385342069169,92.02071046987453,0.004746729160291777,-0.0024479986864398575,0.0032800000000001717,0.0011600000000000499,0.0019199999999999218,0.00977658878961174,1.34374,73466.0,-0.002234368790816621,1.33073,73052.0,0.006695148093354586,1.33371,74985.0,-0.003484424770820449,1.3327200000000001,88281.0,111638.5,0.6002678287508342
2025-04-30 00:00:00+00:00,1.33914,1.3413599999999999,1.33081,1.33253,73359.0,-0.0054781434019717246,-0.005493203455475285,0.007493892550646598,1.3361159999999999,1.333082,1.3164609999999999,,,1.3286867067360821,1.3179065830095797,70.21727019498609,1.0449289099525991,0.010780123726502389,0.009145853080185916,0.0016342706463164727,1.3607263134489846,1.3164609999999999,1.2721956865510151,0.08853062689796953,0.6815078076711174,0.010507142857142826,75.46699875467006,89.26076728622779,0.007917270155268427,-0.0049604886944384025,0.006610000000000005,0.0022199999999998887,0.0017199999999999438,-0.0028800214327177054,1.33987,67013.0,0.00977658878961174,1.34374,73466.0,-0.002234368790816621,1.33073,73052.0,-0.00591271985113162,1.32484,105352.0,111556.75,0.6575935566426954
2025-05-01 00:00:00+00:00,1.3326,1.33443,1.32593,1.32688,68957.0,-0.0042400546329163236,-0.004249069154962644,0.007433786586141701,1.3347499999999999,1.333142,1.3173185,,,1.3284087518536078,1.3185712805644256,61.22620045503538,0.32663924510041903,0.00983747128918222,0.009284176721985178,0.0005532945671970421,1.361699099021123,1.3173185,1.272937900978877,0.08876119804224603,0.6077216194789213,0.00981071428571426,54.374510316009655,74.33845416379047,0.006406005064512203,-0.004310864584589373,0.005719999999999947,0.0018299999999999983,0.0009500000000000064,-0.0054781434019717246,1.33253,73359.0,-0.0028800214327177054,1.33987,67013.0,0.00977658878961174,1.34374,73466.0,0.006695148093354586,1.33371,74985.0,108312.75,0.6366471167983455
2025-05-02 00:00:00+00:00,1.3268499999999999,1.33297,1.32467,1.32656,82238.0,-0.00024116724948763935,-0.00024119633498515902,0.00643893942865894,1.3339159999999999,1.332896,1.3191549999999999,,,1.3281243284915143,1.3191630375596535,55.33397076902055,0.1691434094478691,0.008961290931860821,0.009219599563960307,-0.0002583086320994861,1.361750061487899,1.3191549999999999,1.2765599385121007,0.08519012297579831,0.5869232223329903,0.00940785714285711,36.48696893966421,55.44282600344797,0.0062567844650826005,-0.0002186105415510052,0.00028999999999990145,0.006120000000000125,0.0018899999999999473,-0.0042400546329163236,1.32688,68957.0,-0.0054781434019717246,1.33253,73359.0,-0.0028800214327177054,1.33987,67013.0,-0.002234368790816621,1.33073,73052.0,105102.65,0.7824541055815434
2025-05-05 00:00:00+00:00,1.3258,1.33355,1.3256700000000001,1.3289900000000001,70245.0,0.0018318055723074433,0.0018301298625509781,0.005262610084218794,1.330966,1.332057,1.322038,,,1.328257508723589,1.3198909607033826,54.475845746902515,0.20433091051663224,0.008366548020206421,0.009048989255209531,-0.0006824412350031096,1.3583448046978586,1.322038,1.2857311953021415,0.07261360939571704,0.5957396286709048,0.00934571428571426,36.39751552795078,42.41966492787488,0.005929314742774503,0.002400319039270443,0.003190000000000026,0.0045599999999998975,0.00012999999999996348,-0.00024116724948763935,1.32656,82238.0,-0.0042400546329163236,1.32688,68957.0,-0.0054781434019717246,1.33253,73359.0,0.00977658878961174,1.34374,73466.0,100241.85,0.7007552234919846
2025-05-06 00:00:00+00:00,1.32874,1.34016,1.32593,1.33625,70052.0,0.005462795054891112,0.005447928108795357,0.0053001049105410305,1.3302420000000001,1.3324099999999999,1.325036,,,1.3294871227661138,1.321102741392021,57.713694555799826,0.5440098719357174,0.008384381374092698,0.008916067678986166,-0.0005316863048934681,1.3547387933472863,1.325036,1.295333206652714,0.05940558669457241,0.6887701245617763,0.009771428571428542,66.45962732919241,46.448037265602466,0.010649204864359189,0.005620205799812839,0.007509999999999906,0.00391000000000008,0.002809999999999979,0.0018318055723074433,1.3289900000000001,70245.0,-0.00024116724948763935,1.32656,82238.0,-0.0042400546329163236,1.32688,68957.0,-0.0028800214327177054,1.33987,67013.0,97238.95,0.720410905300808
2025-05-07 00:00:00+00:00,1.33626,1.33775,1.32792,1.32897,84056.0,-0.005448082319925107,-0.005462977244222948,0.005559250341988311,1.32953,1.3328229999999999,1.3274234999999999,,,1.3294075654174808,1.3216855012889086,51.62734422262545,-0.6288414661502362,0.007722064128572237,0.00867726696890338,-0.0009552028403311437,1.3488089207839185,1.3274234999999999,1.3060380792160813,0.04277084156783717,0.536157810866248,0.009972142857142827,26.901140684410706,43.25276118051796,0.00739670571946696,-0.005485451138851907,0.007290000000000019,0.0014899999999999913,0.0010499999999999954,0.005462795054891112,1.33625,70052.0,0.0018318055723074433,1.3289900000000001,70245.0,-0.00024116724948763935,1.32656,82238.0,-0.0054781434019717246,1.33253,73359.0,93125.7,0.902607980396389
2025-05-08 00:00:00+00:00,1.32829,1.33554,1.32355,1.3242,81056.0,-0.0035892458069030075,-0.003595702604286176,0.005167998422352844,1.3289940000000002,1.3318720000000002,1.3288215,,,1.328606401507099,1.321871760452693,47.15399149740208,-0.6392940752746326,0.006734641054406021,0.008288741786003908,-0.0015541007315978874,1.3445242604344956,1.3288215,1.3131187395655046,0.031405520868990955,0.3528443448118954,0.01047499999999998,4.230038022813972,32.53026867880569,0.009054523485878225,-0.0030886573025222224,0.004089999999999927,0.007249999999999979,0.0006500000000000394,-0.005448082319925107,1.32897,84056.0,0.005462795054891112,1.33625,70052.0,0.0018318055723074433,1.3289900000000001,70245.0,-0.0042400546329163236,1.32688,68957.0,89622.35,0.904417257525606
2025-05-09 00:00:00+00:00,1.32429,1.33216,1.3211,1.32989,62099.0,0.004296933997885555,0.004287728537743236,0.004872733237457451,1.32966,1.331788,1.3299094999999999,,,1.3288038781983145,1.3224657041228638,45.43348372149737,0.38117810452582945,0.0063381740754506755,0.007898628243893261,-0.0015604541684425856,1.3422260946677853,1.3299094999999999,1.3175929053322144,0.024633189335570904,0.4992083850883377,0.01016928571428569,37.806451612903565,22.979210106709406,0.008316477302634104,0.004210874583612216,0.005600000000000049,0.0022699999999999942,0.003190000000000026,-0.0035892458069030075,1.3242,81056.0,-0.005448082319925107,1.32897,84056.0,0.005462795054891112,1.33625,70052.0,-0.00024116724948763935,1.32656,82238.0,84457.5,0.7352692182458633
2025-05-12 00:00:00+00:00,1.3279,1.32983,1.31388,1.31744,85734.0,-0.009361676529637819,-0.009405772446949078,0.005061851849461926,1.3273499999999998,1.329158,1.329844,,,1.3270555892447276,1.3220934297433924,41.49220489977717,-1.2199053767310741,0.004962159501335162,0.007311334495381641,-0.0023491749940464796,1.342421641649915,1.329844,1.317266358350085,0.025155283299830078,0.006902790473289175,0.010616428571428558,11.683623235969833,17.906704290562452,0.01210681321350508,-0.007939640514938165,0.010460000000000136,0.0019299999999999873,0.0035600000000000076,0.004296933997885555,1.32989,62099.0,-0.0035892458069030075,1.3242,81056.0,-0.005448082319925107,1.32897,84056.0,0.0018318055723074433,1.3289900000000001,70245.0,83212.25,1.0303050332132588
2025-05-13 00:00:00+00:00,1.31676,1.33156,1.31639,1.3303099999999999,68957.0,0.009768945834345288,0.009721538181472495,0.005487112472905095,1.3261619999999998,1.3282019999999999,1.3302315,,,1.3275562678224617,1.3227020645772152,52.8853254562717,-0.031561624071005163,0.004854203245246547,0.006819908245354623,-0.0019657050001080766,1.3423327696593546,1.3302315,1.3181302303406455,0.024202539318709082,0.503243461314788,0.010952142857142855,53.92189038398407,34.47065507761915,0.011403357112252129,0.010185595838563908,0.013549999999999951,0.0012500000000001954,0.00036999999999998145,-0.009361676529637819,1.31744,85734.0,0.004296933997885555,1.32989,62099.0,-0.0035892458069030075,1.3242,81056.0,0.005462795054891112,1.33625,70052.0,82151.35,0.8393897361394548
2025-05-14 00:00:00+00:00,1.33023,1.33593,1.32524,1.32535,78536.0,-0.003728454270057191,-0.003735422281011386,0.005553620520281785,1.325438,1.3274839999999999,1.330283,,,1.3272168420036214,1.3228982079418659,45.40052816901411,-1.3685683242293827,0.0043186340617555885,0.006319653408634817,-0.002001019346879228,1.3422867153897404,1.330283,1.3182792846102598,0.024007430779480643,0.2945219525857655,0.010970000000000004,37.64358385297044,34.41636582430811,0.00806579394122314,-0.003682046251933448,0.0048799999999999955,0.005700000000000038,0.0001100000000000545,0.009768945834345288,1.3303099999999999,68957.0,-0.009361676529637819,1.31744,85734.0,0.004296933997885555,1.32989,62099.0,-0.005448082319925107,1.32897,84056.0,81330.8,0.9656366345837001
2025-05-15 00:00:00+00:00,1.32553,1.3318699999999999,1.32488,1.32966,69640.0,0.0032519711774248172,0.0032466949548101537,0.005591580138066882,1.32653,1.327762,1.330452,,,1.3275927124646028,1.3233990814276535,49.41980262444425,-0.762014225260647,0.004193631036949252,0.005894448934297704,-0.001700817897348452,1.3423127403691866,1.330452,1.3185912596308134,0.023721480738373213,0.4666125395486497,0.010998571428571413,51.78864456842838,47.78470626846096,0.005256982988132176,0.00310605718755168,0.004129999999999967,0.0022099999999998232,0.0006500000000000394,-0.003728454270057191,1.32535,78536.0,0.009768945834345288,1.3303099999999999,68957.0,-0.009361676529637819,1.31744,85734.0,-0.0035892458069030075,1.3242,81056.0,80563.7,0.8644091569776463
2025-05-16 00:00:00+00:00,1.32985,1.33315,1.32497,1.32771,64834.0,-0.001466540318577736,-0.0014676167413710782,0.005583397984524884,1.3260939999999999,1.327877,1.3303865,,,1.3276107567008177,1.3237184087293088,40.12322858903264,-0.36171793505587463,0.003892347971508947,0.005494028741739953,-0.001601680770231006,1.3422949106058653,1.3303865,1.3184780893941346,0.023816821211730677,0.3876214430042539,0.010409999999999999,45.448570489648134,44.96026630368232,0.006160983949808374,-0.0016117977570403407,0.0021400000000000308,0.0033000000000000806,0.0027399999999999647,0.0032519711774248172,1.32966,69640.0,-0.003728454270057191,1.32535,78536.0,0.009768945834345288,1.3303099999999999,68957.0,0.004296933997885555,1.32989,62099.0,76140.8,0.8515014289316634
2025-05-19 00:00:00+00:00,1.327,1.34028,1.3265500000000001,1.33585,73178.0,0.006130856888929115,0.006112139648689185,0.005573994870517241,1.329776,1.3285630000000002,1.3303099999999999,,,1.3288783325929996,1.3246170451197306,47.64692109576217,0.6760219462196975,0.0042612874732690376,0.00524748048804577,-0.0009861930147767326,1.3420476802155321,1.3303099999999999,1.3185723197844677,0.023475360431064463,0.7359921167672098,0.010936428571428545,79.94905385735112,59.06208963847587,0.01027810008608736,0.006624995321331006,0.008850000000000025,0.004429999999999934,0.0004499999999998394,-0.001466540318577736,1.32771,64834.0,0.0032519711774248172,1.32966,69640.0,-0.003728454270057191,1.32535,78536.0,-0.009361676529637819,1.31744,85734.0,75754.5,0.9659888191460573
2025-05-20 00:00:00+00:00,1.33576,1.33938,1.33338,1.3391199999999999,71343.0,0.0024478796272036085,0.002444888450235293,0.005538926381191257,1.331538,1.32885,1.33063,,,1.330453973732538,1.3256913380738244,54.0503995082974,0.9468097937522544,0.004762635658713599,0.005150511522179336,-0.0003878758634657375,1.342977447211127,1.33063,1.3182825527888729,0.024694894422254254,0.8437957601612165,0.010611428571428558,95.60606060606041,73.66789498435321,0.004480554393930347,0.0025091104606008484,0.0033599999999998076,0.000260000000000149,0.0023800000000000487,0.006130856888929115,1.33585,73178.0,-0.001466540318577736,1.32771,64834.0,0.0032519711774248172,1.32966,69640.0,0.009768945834345288,1.3303099999999999,68957.0,74907.6,0.9524133732758758
2025-05-21 00:00:00+00:00,1.33842,1.34679,1.3377,1.34186,82798.0,0.0020461198398948888,0.0020440293877533305,0.005355413182478908,1.33484,1.3301390000000002,1.331481,,,1.3322087470044552,1.3268890167350225,59.54869964303925,0.9684045779125454,0.005319730269432776,0.005184355271630025,0.00013537499780275162,1.3444772519293262,1.331481,1.3184847480706736,0.025992503858652594,0.8993074332677301,0.01065357142857142,85.01975083561264,86.85828843300806,0.006774179124498862,0.002563605741284567,0.0034400000000001096,0.004929999999999879,0.0007200000000000539,0.0024478796272036085,1.3391199999999999,71343.0,0.006130856888929115,1.33585,73178.0,-0.001466540318577736,1.32771,64834.0,-0.003728454270057191,1.32535,78536.0,73779.9,1.1222297671859138
2025-05-22 00:00:00+00:00,1.34149,1.34399,1.33901,1.34175,79713.0,-8.197576498292225e-05,-8.197912517958223e-05,0.005163903267849047,1.337258,1.331894,1.331883,,,1.3336766320806928,1.327989830310206,59.708551706506476,0.4115996258185265,0.005686801770486749,0.00528484457140137,0.0004019571990853789,1.3456444183785488,1.331883,1.318121581621451,0.027522836757097657,0.8585022898286654,0.010416428571428564,84.68550592525088,88.43710578897465,0.003711570709893784,0.00019377678405062564,0.00025999999999992696,0.0022400000000000198,0.0024800000000000377,0.0020461198398948888,1.34186,82798.0,0.0024478796272036085,1.3391199999999999,71343.0,0.006130856888929115,1.33585,73178.0,0.0032519711774248172,1.32966,69640.0,74016.3,1.0769654792255219
2025-05-23 00:00:00+00:00,1.3415,1.35384,1.34017,1.35384,73798.0,0.009010620458356655,0.008970267042892149,0.005474747684620461,1.342484,1.334289,1.3330385,1.31613,,1.3367786886836632,1.3299046576946352,64.13698941859136,1.871374071649469,0.006874030989028057,0.0056026818549267075,0.0012713491341013496,1.3499196065676204,1.3330385,1.3161573934323796,0.03376221313524086,1.1161177857824551,0.01082999999999999,100.0,89.90175225362117,0.010097204987295286,0.009114814158246188,0.012340000000000018,0.0,0.0013299999999998313,-8.197576498292225e-05,1.34175,79713.0,0.0020461198398948888,1.34186,82798.0,0.0024478796272036085,1.3391199999999999,71343.0,-0.001466540318577736,1.32771,64834.0,74053.6,0.9965484459904717
2025-05-26 00:00:00+00:00,1.35206,1.35923,1.35205,1.35575,46080.0,0.001410801867281375,0.001409807621339843,0.005062979788428578,1.3464639999999999,1.33812,1.333639,1.3172758,,1.3396973519630995,1.3318191274950326,61.81245456748247,2.3825706086693828,0.007878224468066852,0.006057790377554736,0.0018204340905121161,1.3528206468202506,1.333639,1.3144573531797494,0.03836329364050117,1.0763582294888467,0.010326428571428561,92.32635060639487,92.3372855105486,0.005295961644846,0.002721740733911098,0.003689999999999971,0.0034799999999999276,1.0000000000065512e-05,0.009010620458356655,1.35384,73798.0,-8.197576498292225e-05,1.34175,79713.0,0.0020461198398948888,1.34186,82798.0,0.006130856888929115,1.33585,73178.0,72684.3,0.6339745997416223
2025-05-27 00:00:00+00:00,1.35585,1.35858,1.34994,1.35015,62391.0,-0.004130555043334039,-0.004139109349966177,0.005113829038134048,1.34867,1.340104,1.3341530000000001,1.3182756,,1.341305451661084,1.333176969902808,63.09671036359135,1.5234342689996876,0.008128481758276074,0.006471928653699004,0.00165655310457707,1.3545500989681323,1.3341530000000001,1.313755901031868,0.040794197936264265,0.8921390984324068,0.01024142857142856,79.97794928335176,90.76809996324887,0.006399288967892443,-0.004221753138540191,0.005700000000000038,0.002729999999999899,0.00021000000000004349,0.001410801867281375,1.35575,46080.0,0.009010620458356655,1.35384,73798.0,-8.197576498292225e-05,1.34175,79713.0,0.0024478796272036085,1.3391199999999999,71343.0,72453.2,0.861121385942926
2025-05-28 00:00:00+00:00,1.35008,1.35212,1.3449200000000001,1.34627,67413.0,-0.002873754767988679,-0.002877891929247603,0.004988024445708661,1.3495519999999999,1.342196,1.33484,1.3191972,,1.3420692283286095,1.3341468239840815,63.79892459672378,2.1883349526354245,0.007922404344528067,0.006762023791864817,0.0011603805526632502,1.355921026640335,1.33484,1.313758973359665,0.04216205328066991,0.7710968539390461,0.009899285714285697,71.42227122381509,81.24219037118723,0.005348109963083091,-0.0028300415221314216,0.003809999999999869,0.0020400000000000418,0.0013499999999999623,-0.004130555043334039,1.35015,62391.0,0.001410801867281375,1.35575,46080.0,0.009010620458356655,1.35384,73798.0,0.0020461198398948888,1.34186,82798.0,72155.9,0.9342687153787841
2025-05-29 00:00:00+00:00,1.34643,1.35063,1.34145,1.3483800000000001,81232.0,0.0015672933364034858,0.0015660664139998952,0.004863523452649163,1.350878,1.344068,1.335915,1.3202295999999998,,1.343040116278054,1.335201133318594,62.10236942008121,1.3583300133051885,0.007838982959460061,0.006977415625383866,0.0008615673340761952,1.3574742378539244,1.335915,1.3143557621460755,0.04311847570784888,0.7890872136681576,0.009764999999999977,76.07497243660463,75.82506431459048,0.006808169803764492,0.0014461798602768642,0.0019500000000001183,0.0022499999999998632,0.0049799999999999844,-0.002873754767988679,1.34627,67413.0,-0.004130555043334039,1.35015,62391.0,0.001410801867281375,1.35575,46080.0,-8.197576498292225e-05,1.34175,79713.0,72769.65,1.1162895520316507
2025-05-30 00:00:00+00:00,1.3487,1.35099,1.34471,1.3449200000000001,74694.0,-0.002566042213619335,-0.0025693401428989403,0.004917584532024196,1.349094,1.345789,1.336833,1.321295,,1.3433293291583535,1.3359210493690685,70.38575667655795,1.47659108914627,0.007408279789284933,0.00706358845816408,0.0003446913311208532,1.358278269482053,1.336833,1.3153877305179469,0.042890538964106106,0.6885497406961466,0.009069999999999958,66.59663865546258,71.36462743862744,0.00466942271659269,-0.002810576093745274,0.0037799999999998946,0.0022899999999999032,0.00021000000000004349,0.0015672933364034858,1.3483800000000001,81232.0,-0.002873754767988679,1.34627,67413.0,-0.004130555043334039,1.35015,62391.0,0.009010620458356655,1.35384,73798.0,72392.45,1.0317926800377664
2025-06-02 00:00:00+00:00,1.3459699999999999,1.35586,1.34498,1.3542100000000001,68798.0,0.006907474050501072,0.006883726744836761,0.005106466746320268,1.348786,1.347625,1.338094,1.3225398000000002,,1.3450032785186068,1.337275786452841,68.72453776245705,1.8463366574913942,0.007727492065765729,0.00719636917968441,0.0005311228860813188,1.360540043280439,1.338094,1.3156479567195607,0.0448920865608784,0.8589942289304207,0.00876785714285709,85.38573508005875,76.01911539070865,0.008034204443919333,0.006084728365615559,0.008240000000000247,0.0016499999999999293,0.0009899999999998244,-0.002566042213619335,1.3449200000000001,74694.0,0.0015672933364034858,1.3483800000000001,81232.0,-0.002873754767988679,1.34627,67413.0,0.001410801867281375,1.35575,46080.0,72320.1,0.9512984633594256
2025-06-03 00:00:00+00:00,1.35373,1.35583,1.34909,1.35137,62646.0,-0.002097163659993795,-0.0020993657870547596,0.005034345952160178,1.3490300000000002,1.34885,1.3388499999999999,1.3236814,,1.3459827741311288,1.3383198022711493,71.0858995137761,1.782015651008128,0.007662971859979439,0.007289689715743416,0.00037328214423602325,1.3620406932330957,1.3388499999999999,1.315659306766904,0.04638138646619172,0.7699358719930927,0.008485714285714239,77.11790393013099,76.3667592218841,0.004987531172069967,-0.0017463759000126834,0.0023600000000001398,0.0020999999999999908,0.0022800000000000598,0.006907474050501072,1.3542100000000001,68798.0,-0.002566042213619335,1.3449200000000001,74694.0,0.0015672933364034858,1.3483800000000001,81232.0,-0.004130555043334039,1.35015,62391.0,71949.8,0.8706903980275136
2025-06-04 00:00:00+00:00,1.3512,1.35789,1.35003,1.3552,65509.0,0.0028341608885797953,0.002830152226950462,0.004850113717383075,1.350816,1.350184,1.3401615,1.3250386,,1.3474008088801859,1.3395701872881012,70.85919634106476,1.4485159261893161,0.007830621592084697,0.007397876091011673,0.00043274550107302336,1.3639584332610644,1.3401615,1.3163645667389356,0.047593866522128714,0.815975588850463,0.008547857142857107,88.23701109165212,83.58021670061395,0.0057998819362455566,0.0029515938606847723,0.0040000000000000036,0.002690000000000081,0.0011699999999998933,-0.002097163659993795,1.35137,62646.0,0.006907474050501072,1.3542100000000001,68798.0,-0.002566042213619335,1.3449200000000001,74694.0,-0.002873754767988679,1.34627,67413.0,71022.45,0.922370320933733
2025-06-05 00:00:00+00:00,1.3550499999999999,1.36155,1.35398,1.35663,69641.0,0.0010551948051948923,0.0010546384784774184,0.004729053847989033,1.3524660000000002,1.351672,1.341783,1.3262788,,1.3488206844370803,1.3408338771186121,73.82207578253696,1.3075751239620153,0.007986807318468125,0.007515662336502965,0.0004711449819651608,1.3654195168865102,1.341783,1.3181464831134897,0.0472730337730205,0.814069117528765,0.008504285714285678,85.94285714285701,83.76592405488003,0.005580003390755089,0.0011646506416636347,0.0015800000000001369,0.0049200000000000355,0.0010699999999999044,0.0028341608885797953,1.3552,65509.0,-0.002097163659993795,1.35137,62646.0,0.006907474050501072,1.3542100000000001,68798.0,0.0015672933364034858,1.3483800000000001,81232.0,70451.7,0.9884928255812139
2025-06-06 00:00:00+00:00,1.35651,1.35837,1.35065,1.35242,66693.0,-0.003103277975571861,-0.003108103127780241,0.004765094882965444,1.353966,1.35153,1.3429095,1.3274527999999999,,1.3493744252929138,1.3416921084431592,64.59397569138616,0.7869673438361604,0.007682316849754622,0.0075489932391532965,0.00013332361060132587,1.3663057466400503,1.3429095,1.3195132533599496,0.04679249328010071,0.7032484130108211,0.00807499999999999,67.58963436279704,80.58983419910206,0.005708285887520276,-0.003024208455953143,0.004090000000000149,0.0018599999999999728,0.0017700000000000493,0.0010551948051948923,1.35663,69641.0,0.0028341608885797953,1.3552,65509.0,-0.002097163659993795,1.35137,62646.0,-0.002566042213619335,1.3449200000000001,74694.0,70681.4,0.9435721420345382
2025-06-09 00:00:00+00:00,1.35237,1.35803,1.35162,1.35422,54529.0,0.001330947486727574,0.0013300625612272486,0.004114348605997145,1.353968,1.3513769999999998,1.3447485000000001,1.3287048,,1.350119898324773,1.3426201004103326,63.652802893309186,0.9293832681199911,0.0074997979144404425,0.007539154174210727,-3.9356259770284216e-05,1.3653278419924464,1.3447485000000001,1.3241691580075539,0.04115868398489253,0.7301215462446858,0.008104285714285706,69.26624737945487,74.2662462950363,0.004733352040288894,0.001366100042829014,0.0018499999999999073,0.003810000000000091,0.0007500000000000284,-0.003103277975571861,1.35242,66693.0,0.0010551948051948923,1.35663,69641.0,0.0028341608885797953,1.3552,65509.0,0.006907474050501072,1.3542100000000001,68798.0,69121.15,0.7888902311376476
2025-06-10 00:00:00+00:00,1.3542,1.35632,1.34552,1.3492899999999999,65464.0,-0.0036404720060256857,-0.0036471146507140667,0.0037530553731141354,1.3535519999999999,1.351291,1.3456975,1.3298496,,1.3499922216594233,1.3431141670466042,56.46199339015461,-0.3360810730957908,0.006878054612819096,0.007406934261932401,-0.0005288796491133051,1.365195473848851,1.3456975,1.326199526151149,0.03899594769770198,0.5921249568762652,0.008226428571428555,45.6078083407269,60.821230027659595,0.008004209621356359,-0.0036389508556353284,0.004910000000000192,0.0021199999999998997,0.003769999999999829,0.001330947486727574,1.35422,54529.0,-0.003103277975571861,1.35242,66693.0,0.0010551948051948923,1.35663,69641.0,-0.002097163659993795,1.35137,62646.0,68946.5,0.9494898218183664
2025-06-11 00:00:00+00:00,1.3492899999999999,1.35664,1.34633,1.3537,64490.0,0.0032683855953872243,0.003263056032740281,0.0036414804270079875,1.353252,1.352034,1.347115,1.3309271999999999,,1.350562649096435,1.3438983028209297,59.66984949020862,-0.15120781855062565,0.006664346275505384,0.007258416664646998,-0.0005940703891416143,1.3643785624792113,1.347115,1.3298514375207888,0.03452712495842247,0.6907196156045281,0.008607142857142844,63.28344246959705,59.38583272992627,0.007616163108517428,0.003257738051266917,0.004410000000000025,0.0029400000000001647,0.0029599999999998516,-0.0036404720060256857,1.3492899999999999,65464.0,0.001330947486727574,1.35422,54529.0,-0.003103277975571861,1.35242,66693.0,0.0028341608885797953,1.3552,65509.0,68244.2,0.9449887316431287
2025-06-12 00:00:00+00:00,1.35398,1.36226,1.35218,1.36112,73460.0,0.005481273546576126,0.00546630603583376,0.0037446026068522105,1.35415,1.3533079999999997,1.348688,1.3319549999999998,,1.3521868569277529,1.3451739840934533,56.372549019607916,0.8125023145576526,0.007012872834299522,0.007209307898577504,-0.00019643506427798225,1.3649595232036944,1.348688,1.3324164767963058,0.03254304640738859,0.8820170934328211,0.008350714285714291,94.52186448822721,67.8043717661837,0.007405665922181798,0.005245680028212168,0.007140000000000146,0.0011399999999999189,0.0018000000000000238,0.0032683855953872243,1.3537,64490.0,-0.0036404720060256857,1.3492899999999999,65464.0,0.001330947486727574,1.35422,54529.0,0.0010551948051948923,1.35663,69641.0,68435.2,1.0734242027494623
2025-06-13 00:00:00+00:00,1.36107,1.36314,1.35156,1.35701,82563.0,-0.0030195721170801493,-0.003024140223100003,0.003817686535480782,1.355068,1.354517,1.3501530000000002,1.3332986,,1.3529288789388678,1.3460507260124568,51.06203641267703,0.7977597361599063,0.00687815292641103,0.007143076904144209,-0.0002649239777331794,1.3634818481754483,1.3501530000000002,1.336824151824552,0.02665769635089621,0.7572240267778939,0.008665000000000003,71.73812816966357,76.51447837582927,0.008533466960449756,-0.002991871835874424,0.0040599999999999525,0.0020700000000000163,0.005449999999999955,0.005481273546576126,1.36112,73460.0,0.0032683855953872243,1.3537,64490.0,-0.0036404720060256857,1.3492899999999999,65464.0,-0.003103277975571861,1.35242,66693.0,69321.65,1.1910131971757743
2025-06-16 00:00:00+00:00,1.35491,1.36213,1.35339,1.35696,68642.0,-3.6845712264588215e-05,-3.684639108451881e-05,0.0036345368182110586,1.355616,1.3547920000000002,1.3512085,1.3350111999999998,,1.3535490514098112,1.3468588203819043,56.332527431653226,0.6363191385217676,0.00669023102790689,0.0070525077288967454,-0.0003622767009898555,1.363026009355543,1.3512085,1.339390990644457,0.023635018711086087,0.7433465388923999,0.00867214285714286,71.50760719225414,79.25586661671497,0.006440867822190758,0.0015107298667609106,0.0020499999999998852,0.005170000000000119,0.0015199999999999658,-0.0030195721170801493,1.35701,82563.0,0.005481273546576126,1.36112,73460.0,0.0032683855953872243,1.3537,64490.0,0.001330947486727574,1.35422,54529.0,69094.85,0.9934459659439161
2025-06-17 00:00:00+00:00,1.35752,1.3578700000000001,1.34146,1.3418999999999999,72587.0,-0.011098337460205165,-0.011160383506477788,0.004474550936797596,1.3541379999999998,1.353845,1.3513475,1.3363234,,1.3517568896544554,1.346491500353615,46.63587374903761,-0.22454867203999082,0.005265389300840306,0.006695084043285458,-0.0014296947424451518,1.3626191147911435,1.3513475,1.3400758852088563,0.02254322958228716,0.08091630280768576,0.009330000000000014,2.0746887966797587,48.44014138619915,0.012228929130337608,-0.011640211640211782,0.01562000000000019,0.0003500000000000725,0.0004399999999997739,-3.6845712264588215e-05,1.35696,68642.0,-0.0030195721170801493,1.35701,82563.0,0.005481273546576126,1.36112,73460.0,-0.0036404720060256857,1.3492899999999999,65464.0,69157.05,1.0495965342651254
2025-06-18 00:00:00+00:00,1.34204,1.34756,1.33999,1.34177,72195.0,-9.687756166631978e-05,-9.688225460039277e-05,0.004451427365290149,1.351752,1.3525019999999999,1.351343,1.3375344,,1.3502204450922315,1.3461417595866805,44.751468953469804,-0.9186167581099112,0.004078685505551016,0.00617180433573857,-0.002093118830187554,1.3626306235902743,1.351343,1.3400553764097256,0.022575247180548708,0.07595148689010389,0.00921500000000002,7.688984881209039,27.09042695671431,0.0056418015010024644,-0.00020122673781646072,0.00026999999999999247,0.005520000000000191,0.0017799999999998928,-0.011098337460205165,1.3418999999999999,72587.0,-3.6845712264588215e-05,1.35696,68642.0,-0.0030195721170801493,1.35701,82563.0,0.0032683855953872243,1.3537,64490.0,68626.9,1.0519927317130746
2025-06-19 00:00:00+00:00,1.34168,1.34692,1.33819,1.3446799999999999,57996.0,0.0021687770631328984,0.0021664286609856336,0.004477459271701078,1.3484639999999999,1.351307,1.3514895,1.3385032000000001,,1.3493680689241958,1.3460334810987782,49.80775392502384,-0.4950531682662842,0.003334587825417623,0.005604361033674381,-0.0022697732082567583,1.3623196751455893,1.3514895,1.3406593248544107,0.02166035029117852,0.18562373606795277,0.009390000000000025,26.0120240480957,11.925232575328161,0.006492250944462553,0.0022310140702619893,0.0029999999999998916,0.0022400000000000198,0.003489999999999993,-9.687756166631978e-05,1.34177,72195.0,-0.011098337460205165,1.3418999999999999,72587.0,-3.6845712264588215e-05,1.35696,68642.0,0.005481273546576126,1.36112,73460.0,67541.05,0.8586777966880882
2025-06-20 00:00:00+00:00,1.34546,1.35101,1.34402,1.34477,63554.0,6.693042210792477e-05,6.692818236716031e-05,0.00395926879716227,1.346016,1.350542,1.3510360000000001,1.3392359999999999,,1.3486606737050888,1.345939889906276,41.131153701615986,-0.7696280991735494,0.002720783798812798,0.005027645586702065,-0.002306861787889267,1.362206015125087,1.3510360000000001,1.3398659848749133,0.022340030250173726,0.21951694201706026,0.009107857142857176,26.372745490982055,20.02458480676226,0.0051979148850733225,-0.0005130988942347609,0.0006900000000000794,0.005549999999999944,0.0007500000000000284,0.0021687770631328984,1.3446799999999999,57996.0,-9.687756166631978e-05,1.34177,72195.0,-0.011098337460205165,1.3418999999999999,72587.0,-0.0030195721170801493,1.35701,82563.0,67028.85,0.9481588897914852
2025-06-23 00:00:00+00:00,1.33983,1.35301,1.33696,1.3520400000000001,83453.0,0.005406128929110743,0.005391568268410435,0.0041479462756943,1.345032,1.350324,1.3508505,1.3399018,,1.349180570058152,1.3463917499132185,50.581092801387825,-0.33833838260983995,0.002788820144933535,0.004579880498348359,-0.001791060353414824,1.361812173854122,1.3508505,1.339888826145878,0.021923347708244112,0.5542572245730917,0.00977285714285717,57.60122230710524,36.661997282060995,0.01187095056359288,0.009030797905387454,0.012210000000000054,0.0009699999999999154,0.00287000000000015,6.693042210792477e-05,1.34477,63554.0,0.0021687770631328984,1.3446799999999999,57996.0,-9.687756166631978e-05,1.34177,72195.0,-3.6845712264588215e-05,1.35696,68642.0,68897.5,1.211263108240502
2025-06-24 00:00:00+00:00,1.35186,1.36474,1.35091,1.3613,71085.0,0.006848909795567959,0.006825562554352337,0.004313693196777795,1.3489119999999999,1.351525,1.351408,1.3406765999999999,,1.3510450977415134,1.3474960647344616,54.83512999365878,0.6566007601188979,0.003549033007051783,0.004373711000089044,-0.0008246779930372612,1.3633132144258826,1.351408,1.3395027855741173,0.02381042885176532,0.9154482080765468,0.010199285714285744,87.61699064074841,57.19698614627856,0.01015940644971719,0.006934547858664433,0.009439999999999893,0.0034400000000001096,0.0009500000000000064,0.005406128929110743,1.3520400000000001,83453.0,6.693042210792477e-05,1.34477,63554.0,0.0021687770631328984,1.3446799999999999,57996.0,-0.011098337460205165,1.3418999999999999,72587.0,69332.2,1.0252811824808674
2025-06-25 00:00:00+00:00,1.36101,1.36706,1.35897,1.36603,57487.0,0.003474619848674143,0.003468597303798406,0.004292072443003756,1.353764,1.3527580000000001,1.352396,1.3415107999999998,,1.353350467319742,1.3488689488282053,57.08044591744499,0.8720887300438702,0.004481518491536773,0.00439527249837859,8.624599315818372e-05,1.3657030466492845,1.352396,1.3390889533507153,0.02661409329856923,1.0122849704871633,0.01023642857142859,96.57807308970145,80.59876201251836,0.005922271106783841,0.003674882689252816,0.0050200000000000244,0.0010299999999998644,0.0020400000000000418,0.006848909795567959,1.3613,71085.0,0.005406128929110743,1.3520400000000001,83453.0,6.693042210792477e-05,1.34477,63554.0,-9.687756166631978e-05,1.34177,72195.0,68835.9,0.8351310871216909
2025-06-26 00:00:00+00:00,1.36599,1.37697,1.36384,1.37243,68361.0,0.004685109404624965,0.004674168439329101,0.0043795240402796825,1.3593140000000001,1.3538890000000001,1.3535985,1.3424338,,1.3562857800397816,1.350614211877968,64.59092897768696,1.7149760244276742,0.005671568161813578,0.004650531631065588,0.0010210365307479902,1.3694758645897451,1.3535985,1.3377211354102547,0.031754729179490404,1.0930297781334226,0.010622857142857156,88.65283679080235,90.94930017375073,0.009566972450325398,0.004692406898712503,0.006440000000000001,0.0045399999999999885,0.0021500000000000963,0.003474619848674143,1.36603,57487.0,0.006848909795567959,1.3613,71085.0,0.005406128929110743,1.3520400000000001,83453.0,0.0021687770631328984,1.3446799999999999,57996.0,68192.35,1.0024731513138936
2025-06-27 00:00:00+00:00,1.37246,1.37515,1.36821,1.37161,58833.0,-0.0005974803815130825,-0.0005976589440448445,0.004319389255075424,1.364682,1.355349,1.354933,1.3432855999999997,,1.3586433523413535,1.352169455442563,62.86432904275768,1.3230405555145228,0.006473896898790521,0.005015204684610575,0.0014586922141799456,1.372167670198237,1.354933,1.3376983298017628,0.0344693403964742,0.9838212686456254,0.01066071428571431,86.60334916270928,90.61141968107103,0.005059747304262997,-0.0006197096842397019,0.0008500000000000174,0.002690000000000081,0.0034000000000000696,0.004685109404624965,1.37243,68361.0,0.003474619848674143,1.36603,57487.0,0.006848909795567959,1.3613,71085.0,6.693042210792477e-05,1.34477,63554.0,67399.3,0.8729022408244596
2025-06-30 00:00:00+00:00,1.36981,1.37398,1.36733,1.3724,56897.0,0.0005759654712345075,0.0005757996667845176,0.004088880039072962,1.368754,1.356893,1.3558425,1.3439860000000001,,1.3607597596734529,1.3536680142986695,68.21118991331753,0.8287292817679525,0.007091745374783409,0.005430512822645142,0.0016612325521382669,1.3747547092282904,1.3558425,1.3369302907717098,0.03782441845658058,0.9377463203831328,0.010364285714285746,88.57785553611609,87.94468049654257,0.004845526085689336,0.0018872048965316906,0.0025900000000000922,0.0015799999999999148,0.0024800000000000377,-0.0005974803815130825,1.37161,58833.0,0.004685109404624965,1.37243,68361.0,0.003474619848674143,1.36603,57487.0,0.005406128929110743,1.3520400000000001,83453.0,66804.25,0.8516973096771537
2025-07-01 00:00:00+00:00,1.37237,1.37876,1.36995,1.37415,59340.0,0.001275138443602497,0.0012743261450327498,0.004037745351291299,1.371324,1.360118,1.3569815,1.3448146,,1.362819796646768,1.355185198424694,66.82020069090302,1.2630710164258134,0.007634598222073796,0.005871329902530874,0.0017632683195429226,1.3774402145503453,1.3569815,1.3365227854496549,0.040917429100690406,0.9195889227974549,0.010257142857142885,88.97129186602872,88.05083218828469,0.006411236036822752,0.0012953462140231364,0.0017799999999998928,0.004610000000000003,0.0024200000000000887,0.0005759654712345075,1.3724,56897.0,-0.0005974803815130825,1.37161,58833.0,0.004685109404624965,1.37243,68361.0,0.006848909795567959,1.3613,71085.0,66638.95,0.8904702129910511
2025-07-02 00:00:00+00:00,1.37408,1.37517,1.35618,1.36315,55700.0,-0.008004948513626542,-0.00803716013070097,0.00446171884105026,1.370748,1.362256,1.3573790000000001,1.3455807999999998,,1.3628705971626496,1.3557751837265686,51.57682150069906,0.45616672562198884,0.0070954134360809995,0.006116146609240899,0.0009792668268401002,1.3780002551560375,1.3573790000000001,1.3367577448439627,0.04124251031207482,0.6399284368563366,0.010893571428571456,62.655502392344786,80.06821659816319,0.013930968712174054,-0.00801819315555873,0.010929999999999884,0.0010900000000000354,0.006970000000000143,0.001275138443602497,1.37415,59340.0,0.0005759654712345075,1.3724,56897.0,-0.0005974803815130825,1.37161,58833.0,0.003474619848674143,1.36603,57487.0,66148.5,0.8420447931547956
2025-07-03 00:00:00+00:00,1.36327,1.3672900000000001,1.35853,1.36531,34756.0,0.0015845651615742362,0.0015833110628246023,0.004467988169993831,1.3693240000000002,1.364319,1.357813,1.3462128000000002,,1.3632458899068574,1.3564814664134894,56.648510092918904,1.7445413220061223,0.0067644234933679215,0.006245801986066305,0.0005186215073016169,1.3787311080959932,1.357813,1.3368948919040067,0.04183621619198652,0.6791988062590635,0.010692142857142897,67.82296650717717,73.14992025518355,0.006416125275578514,0.0014941661600662427,0.0020400000000000418,0.001980000000000093,0.0047399999999999665,-0.008004948513626542,1.36315,55700.0,0.001275138443602497,1.37415,59340.0,0.0005759654712345075,1.3724,56897.0,0.004685109404624965,1.37243,68361.0,64404.25,0.5396538271930812
2025-07-04 00:00:00+00:00,1.36523,1.36674,1.36342,1.3636599999999999,39983.0,-0.0012085167471125313,-0.0012092475923617112,0.004411119101407616,1.367734,1.366208,1.358375,1.3468714,,1.3633095991519564,1.35701320964212,55.23273976882218,1.6314271447416446,0.006296389509836464,0.006255919490820337,4.047001901612713e-05,1.3792869985704475,1.358375,1.3374630014295528,0.041823997140894686,0.6263628625020202,0.01030500000000004,63.875598086124185,64.78468899521538,0.00243462446650924,-0.001151313377234847,0.0015700000000000713,0.0015100000000001224,0.00023999999999979593,0.0015845651615742362,1.36531,34756.0,-0.008004948513626542,1.36315,55700.0,0.001275138443602497,1.37415,59340.0,-0.0005974803815130825,1.37161,58833.0,63068.75,0.6339589733425826
2025-07-07 00:00:00+00:00,1.3648,1.36567,1.35744,1.35978,54656.0,-0.0028452840150769987,-0.0028493395301952234,0.00446441057924225,1.36521,1.366982,1.3586529999999999,1.3471922,,1.3627665838978091,1.3572181570760369,66.91900075700238,1.1229437486985838,0.0055484268217722565,0.006114420957010721,-0.0005659941352384647,1.379480081661293,1.3586529999999999,1.3378259183387067,0.041654163322586424,0.5270561190071725,0.00972071428571432,54.59330143540677,62.09728867623604,0.0060524496609745395,-0.003691773669270047,0.0050200000000000244,0.0008699999999999264,0.0023400000000000087,-0.0012085167471125313,1.3636599999999999,39983.0,0.0015845651615742362,1.36531,34756.0,-0.008004948513626542,1.36315,55700.0,0.0005759654712345075,1.3724,56897.0,63075.1,0.8665226055923811
2025-07-08 00:00:00+00:00,1.35994,1.36455,1.3525,1.35805,60574.0,-0.0012722646310432406,-0.0012730746467980965,0.004387530857753344,1.36199,1.366657,1.3590909999999998,1.3475558,,1.3620409556058384,1.3572797750704044,64.9522409992653,0.9875294660053361,0.004761180535433951,0.005843772872695368,-0.001082592337261417,1.3794522417158281,1.3590909999999998,1.3387297582841715,0.04072248343165663,0.4744367260472479,0.010040714285714307,50.45454545454551,56.30781499202548,0.008873016457420488,-0.0013917013364750542,0.0018899999999999473,0.004610000000000003,0.005549999999999944,-0.0028452840150769987,1.35978,54656.0,-0.0012085167471125313,1.3636599999999999,39983.0,0.0015845651615742362,1.36531,34756.0,0.001275138443602497,1.37415,59340.0,62830.6,0.9640843792674271
2025-07-09 00:00:00+00:00,1.35788,1.36186,1.35633,1.3584100000000001,57056.0,0.00026508596885244096,0.00026505083977501295,0.004332824217848546,1.3610419999999999,1.365895,1.3593264999999999,1.3480734,,1.3614823470510942,1.3573634954355596,63.22990942378126,0.4711399071033391,0.004118851615534602,0.005498788621263215,-0.0013799370057286124,1.3795335725242388,1.3593264999999999,1.339119427475761,0.040414145048477845,0.47732229646574487,0.009812142857142889,51.315789473684596,52.12121212121229,0.004070935873558082,0.00039016202766480035,0.0005300000000001415,0.003449999999999953,0.0015499999999999403,-0.0012722646310432406,1.35805,60574.0,-0.0028452840150769987,1.35978,54656.0,-0.0012085167471125313,1.3636599999999999,39983.0,-0.008004948513626542,1.36315,55700.0,62458.9,0.9134967154400734
2025-07-10 00:00:00+00:00,1.35833,1.36185,1.3532199999999999,1.3572600000000001,52692.0,-0.0008465779845554522,-0.0008469365340717863,0.004152839026243572,1.359432,1.364378,1.3591335,1.348681,,1.3608327551970798,1.3573558291069996,61.79414542020784,-0.29677514140893424,0.0034769260900802124,0.005094416115026614,-0.0016174900249464018,1.379342181068446,1.3591335,1.338924818931554,0.040417362136892176,0.4536461584589716,0.009929285714285752,48.564593301435835,50.11164274322198,0.006358398538231538,-0.0007883530053194703,0.0010699999999999044,0.0035199999999999676,0.004040000000000266,0.00026508596885244096,1.3584100000000001,57056.0,-0.0012722646310432406,1.35805,60574.0,-0.0028452840150769987,1.35978,54656.0,0.0015845651615742362,1.36531,34756.0,61420.5,0.8578894668718099
2025-07-11 00:00:00+00:00,1.35686,1.35846,1.34802,1.34891,64196.0,-0.006152100555531059,-0.006171102701650034,0.004322993336141683,1.3564820000000002,1.362108,1.3587285,1.349128,,1.3589984851667598,1.3567302121361107,47.1034610401628,-1.253266765737211,0.002268273030649137,0.004529187498151119,-0.0022609144675019817,1.3794349010189544,1.3587285,1.3380220989810456,0.04141280203790876,0.2629114786530933,0.009528571428571457,2.8952504879637533,34.258544421028056,0.007739582329436363,-0.0058936474635075,0.007949999999999902,0.0016000000000000458,0.0008900000000000574,-0.0008465779845554522,1.3572600000000001,52692.0,0.00026508596885244096,1.3584100000000001,57056.0,-0.0012722646310432406,1.35805,60574.0,-0.0012085167471125313,1.3636599999999999,39983.0,60502.15,1.0610532022415733
2025-07-14 00:00:00+00:00,1.3483,1.35034,1.34234,1.34257,55767.0,-0.004700091184734356,-0.004711171345449772,0.004432956412391196,1.35304,1.359125,1.358009,1.3493996,,1.3564710259103352,1.3556813075334357,31.676775582078037,-2.175702950241542,0.0007897183768994509,0.0037812936739007857,-0.0029915752970013348,1.3799380836921842,1.358009,1.3360799163078159,0.04385816738436832,0.1479789074474037,0.009112142857142886,0.6315211422294155,17.363788310542997,0.005958720960545824,-0.004267933887990952,0.005730000000000013,0.0020400000000000418,0.00022999999999995246,-0.006152100555531059,1.34891,64196.0,-0.0008465779845554522,1.3572600000000001,52692.0,0.00026508596885244096,1.3584100000000001,57056.0,-0.0028452840150769987,1.35978,54656.0,59858.4,0.9316486909105489
2025-07-15 00:00:00+00:00,1.34249,1.34661,1.33784,1.33836,57637.0,-0.0031357769054872753,-0.0031407037562536347,0.003736016929605662,1.349102,1.355546,1.357832,1.3494418000000001,,1.353684714231822,1.3543982477161443,22.65269816169203,-2.4241584707023134,-0.0007135334843222374,0.0028823282422561812,-0.0035958617265784186,1.3803575836772295,1.357832,1.3353064163227704,0.04505116735445913,0.06778034525064067,0.009160714285714331,1.2707722385143576,1.5991812895691708,0.006552795959233813,-0.003085866284108885,0.004129999999999967,0.0041200000000001236,0.000520000000000076,-0.004700091184734356,1.34257,55767.0,-0.006152100555531059,1.34891,64196.0,-0.0008465779845554522,1.3572600000000001,52692.0,-0.0012722646310432406,1.35805,60574.0,59110.9,0.9750655124520181
2025-07-16 00:00:00+00:00,1.3373300000000001,1.34844,1.3364,1.34172,70345.0,0.0025105352819869697,0.0025073891528312573,0.003782273182018027,1.3457640000000002,1.353403,1.3578295,1.3496967999999998,,1.351843988965388,1.3534591182556892,17.70767613038919,-2.2354998542698947,-0.001615129290301276,0.00198283673574469,-0.003597966026045966,1.3803625993733284,1.3578295,1.3352964006266717,0.04506619874665674,0.14253696899175258,0.009082857142857186,12.559017941454195,4.820437107399318,0.00897355633068006,0.0032719196255551783,0.004389999999999894,0.006720000000000059,0.0009300000000000974,-0.0031357769054872753,1.33836,57637.0,-0.004700091184734356,1.34257,55767.0,-0.006152100555531059,1.34891,64196.0,0.00026508596885244096,1.3584100000000001,57056.0,59018.4,1.1919164192861886
2025-07-17 00:00:00+00:00,1.34181,1.34198,1.3373300000000001,1.3412600000000001,57493.0,-0.00034284351429503257,-0.00034290229856893495,0.003748189386162382,1.342564,1.3509980000000001,1.3576584999999999,1.350038,,1.3502156829707128,1.352555479866379,17.842763297308935,-2.3934796055743455,-0.002339796895666213,0.0011183100094625095,-0.0034581069051287227,1.3806588288534813,1.3576584999999999,1.3346581711465184,0.04600065770696293,0.14351596656589574,0.008919285714285732,11.4730878186971,8.43429266622188,0.003466889342856583,-0.00041006218033776327,0.0005499999999998284,0.00017000000000000348,0.003929999999999989,0.0025105352819869697,1.34172,70345.0,-0.0031357769054872753,1.33836,57637.0,-0.004700091184734356,1.34257,55767.0,-0.0008465779845554522,1.3572600000000001,52692.0,58993.25,0.9745691244337276
2025-07-18 00:00:00+00:00,1.34121,1.34741,1.34047,1.3407200000000001,48975.0,-0.0004026065043317706,-0.00040268757209010374,0.003748423138801757,1.340926,1.3487040000000001,1.357456,1.3502545999999997,,1.3487548086675263,1.3516787776540546,16.254793353216925,-1.6454535450977477,-0.002923968986528358,0.00030985421026433603,-0.003233823196792694,1.3809990225667568,1.357456,1.3339129774332432,0.047086045133513554,0.14456560425611129,0.008940000000000012,10.19830028328637,11.41013534781255,0.005176323169640153,-0.00036547526702061534,0.0004899999999998794,0.006199999999999983,0.0002500000000000835,-0.00034284351429503257,1.3412600000000001,57493.0,0.0025105352819869697,1.34172,70345.0,-0.0031357769054872753,1.33836,57637.0,-0.006152100555531059,1.34891,64196.0,58264.3,0.8405661786033642
2025-07-21 00:00:00+00:00,1.34064,1.35096,1.34009,1.34884,52165.0,0.006056447282057231,0.00603818072175275,0.0038015472777259258,1.3421800000000002,1.34761,1.357296,1.3508826000000003,,1.3487679150263683,1.3514684978278284,26.261489401613247,-1.2063194439358083,-0.0027005828014601274,-0.00029223319208055673,-0.002408349609379571,1.3810366667755403,1.357296,1.3335553332244598,0.04748133355108042,0.32190896153110243,0.009087142857142865,32.086664947124106,17.919351016369188,0.008058776430117683,0.006079297766970126,0.008199999999999985,0.0021199999999998997,0.0005500000000000504,-0.0004026065043317706,1.3407200000000001,48975.0,-0.00034284351429503257,1.3412600000000001,57493.0,0.0025105352819869697,1.34172,70345.0,-0.004700091184734356,1.34257,55767.0,56699.9,0.9200192592932263
2025-07-22 00:00:00+00:00,1.34806,1.35333,1.34611,1.3526,49248.0,0.0027875804394887904,0.0027837023424687195,0.0035072500607050234,1.3450280000000001,1.3470650000000002,1.3568609999999999,1.3513283999999999,,1.3493574665607733,1.351552312803545,38.55003255914907,-0.8110526084214429,-0.002194846242771664,-0.0006727558022187783,-0.0015220904405528859,1.3806115784084665,1.3568609999999999,1.3331104215915333,0.04750115681693323,0.4102969214745337,0.008246428571428575,52.444156685011166,31.57637397180721,0.00533786781014343,0.0033564985952979362,0.0045399999999999885,0.0007299999999998974,0.0019500000000001183,0.006056447282057231,1.34884,52165.0,-0.0004026065043317706,1.3407200000000001,48975.0,-0.00034284351429503257,1.3412600000000001,57493.0,-0.0031357769054872753,1.33836,57637.0,55608.05,0.8856271708862296
2025-07-23 00:00:00+00:00,1.35228,1.35829,1.3513,1.35778,57110.0,0.003829661392872996,0.0038223469083991696,0.003528274669602441,1.34824,1.347002,1.3564485,1.351977,,1.3506532409360388,1.3520136229662454,42.330413526176386,-0.14708261630557898,-0.0013603820302066083,-0.0008102810478163444,-0.000550100982390264,1.3798119814231613,1.3564485,1.3330850185768386,0.04672696284632272,0.5284953251590334,0.00812,70.46802900461414,51.666283545583134,0.005148109413896251,0.004050729867872601,0.00550000000000006,0.0005100000000000104,0.0009799999999999809,0.0027875804394887904,1.3526,49248.0,0.006056447282057231,1.34884,52165.0,-0.0004026065043317706,1.3407200000000001,48975.0,0.0025105352819869697,1.34172,70345.0,55589.2,1.0273578320968821
2025-07-24 00:00:00+00:00,1.35776,1.35877,1.3502,1.35086,58722.0,-0.005096554670123266,-0.0051095864016876555,0.003478940757337287,1.35016,1.3463619999999998,1.3553700000000002,1.3524010000000002,,1.3506850500228018,1.3519281694131902,38.22663723325981,-0.5294355877913206,-0.0012431193903883475,-0.000896848716330745,-0.00034627067405760246,1.377590701585397,1.3553700000000002,1.3331492984146034,0.04444140317079359,0.3985180557268237,0.008494999999999999,49.40211820977097,57.43810129979875,0.00634410671720235,-0.005107857216884154,0.006900000000000128,0.0010099999999999554,0.0006599999999998829,0.003829661392872996,1.35778,57110.0,0.0027875804394887904,1.3526,49248.0,0.006056447282057231,1.34884,52165.0,-0.00034284351429503257,1.3412600000000001,57493.0,55107.25,1.0655948173788385
2025-07-25 00:00:00+00:00,1.3508499999999999,1.35113,1.34154,1.34358,55328.0,-0.005389159498393581,-0.005403733402756077,0.0036271131310757305,1.350732,1.345829,1.3539685000000001,1.3527183999999999,,1.3495919654039092,1.3513097864936947,35.97645429362882,-1.0917175226919795,-0.001717821089785465,-0.0010610431910216891,-0.000656777898763776,1.375398142308578,1.3539685000000001,1.3325388576914223,0.0428592846171556,0.25761377977265976,0.008592142857142857,25.50621669626995,48.458787970218346,0.007137647181410849,-0.005410917102070504,0.007269999999999888,0.000280000000000058,0.0020400000000000418,-0.005096554670123266,1.35086,58722.0,0.003829661392872996,1.35778,57110.0,0.0027875804394887904,1.3526,49248.0,-0.0004026065043317706,1.3407200000000001,48975.0,54932.0,1.0072089128376902
2025-07-28 00:00:00+00:00,1.3424,1.34517,1.33494,1.33494,57744.0,-0.006430580985129275,-0.006451346240673501,0.003798597005158737,1.3479519999999998,1.3450659999999999,1.3520955000000001,1.3527002000000001,,1.347337816880231,1.3500972097163841,32.13236431111801,-1.644489633526378,-0.0027593928361531184,-0.001400713120047975,-0.0013586797161051433,1.3732890516260547,1.3520955000000001,1.3309019483739455,0.04238710325210926,0.09526604358965218,0.008462142857142863,0.0,24.969444968680303,0.007663265764753443,-0.005588266139302157,0.007460000000000022,0.002769999999999939,0.0,-0.005389159498393581,1.34358,55328.0,-0.005096554670123266,1.35086,58722.0,0.003829661392872996,1.35778,57110.0,0.006056447282057231,1.34884,52165.0,54974.35,1.0503807684856665
2025-07-29 00:00:00+00:00,1.33493,1.33637,1.33067,1.33433,59207.0,-0.0004569493760019361,-0.0004570538091830467,0.0037544629822863157,1.344298,1.344663,1.3501045,1.3526044000000002,,1.3453366142832723,1.3489292682559113,31.45409735058523,-1.080872704628184,-0.0035926539726389706,-0.001839101290566174,-0.0017535526820727965,1.370017319964719,1.3501045,1.330191680035281,0.039825639929437884,0.10391094711977243,0.00847428571428572,11.738293778062856,12.414836824777597,0.004271806824398791,-0.0004496638762524517,0.0005999999999999339,0.0014400000000001079,0.0036599999999999966,-0.006430580985129275,1.33494,57744.0,-0.005389159498393581,1.34358,55328.0,-0.005096554670123266,1.35086,58722.0,0.0027875804394887904,1.3526,49248.0,54967.7,1.0771234743312892
2025-07-30 00:00:00+00:00,1.3341,1.3384800000000001,1.32269,1.32318,67264.0,-0.008356253700358973,-0.00839136291277744,0.00378736039762707,1.337378,1.3428090000000001,1.348106,1.3522307999999998,,1.3419279043935382,1.3470219150517697,27.255739455419004,-1.444244992812294,-0.0050940106582315625,-0.002490083164099252,-0.0026039274941323104,1.370388093258937,1.348106,1.325823906741063,0.04456418651787386,-0.0593280602127148,0.008985714285714295,1.3580931263860863,4.365462301482975,0.011933372632597373,-0.008252845417857011,0.01092000000000004,0.0043800000000000505,0.0004900000000001015,-0.0004569493760019361,1.33433,59207.0,-0.006430580985129275,1.33494,57744.0,-0.005389159498393581,1.34358,55328.0,0.003829661392872996,1.35778,57110.0,55545.9,1.210962465276465
2025-07-31 00:00:00+00:00,1.32313,1.3281,1.31848,1.3202099999999999,65106.0,-0.0022445925724392524,-0.002247115446270284,0.0037204778375753314,1.331248,1.3407040000000001,1.3458510000000001,1.3518000000000001,,1.3385866883329938,1.3450358472701571,29.364394593039833,-1.3561373621447226,-0.006449158937163357,-0.0032818983187120733,-0.003167260618451284,1.369863471233441,1.3458510000000001,1.3218385287665593,0.048024942466881715,-0.03391006179096274,0.008927142857142864,4.293869446512261,5.796752116987062,0.007286719537043321,-0.0022117693397262815,0.0029200000000000337,0.004970000000000141,0.0017299999999997873,-0.008356253700358973,1.32318,67264.0,-0.0004569493760019361,1.33433,59207.0,-0.006430580985129275,1.33494,57744.0,-0.005096554670123266,1.35086,58722.0,57063.4,1.1409414791267256
2025-08-01 00:00:00+00:00,1.32008,1.3309199999999999,1.31391,1.32778,77123.0,0.005733936267715123,0.005717559826313508,0.00407310812702827,1.328088,1.33941,1.3440569999999998,1.3512788,,1.3369241208971487,1.3437576363612567,39.550657058075394,-1.0389649107116286,-0.006833515464107931,-0.0039922217477912445,-0.0028412937163166865,1.3678272867152736,1.3440569999999998,1.320286713284726,0.04754057343054763,0.15761877012739312,0.00957071428571429,30.918412839946527,12.190125137614954,0.012810857220322621,0.0057991534742201575,0.00770000000000004,0.0031399999999999206,0.006170000000000009,-0.0022445925724392524,1.3202099999999999,65106.0,-0.008356253700358973,1.32318,67264.0,-0.0004569493760019361,1.33433,59207.0,-0.005389159498393581,1.34358,55328.0,58920.4,1.3089354451089945
2025-08-04 00:00:00+00:00,1.32687,1.3331,1.32534,1.32873,49030.0,0.0007154799740920481,0.0007152241403174067,0.0040809454223642225,1.3268460000000002,1.337399,1.3425045,1.3507384,,1.335663486912972,1.3426444781122746,42.86772330025179,-0.9341962035697889,-0.006980991199302622,-0.00458997563809352,-0.0023910155612091016,1.3660053402761312,1.3425045,1.3190036597238688,0.04700168055226239,0.20693601083723384,0.00949857142857142,33.03611234953191,22.74946487866356,0.005840163163321359,0.0013998329231672145,0.0018599999999999728,0.004369999999999985,0.0015300000000000313,0.005733936267715123,1.32778,77123.0,-0.0022445925724392524,1.3202099999999999,65106.0,-0.008356253700358973,1.32318,67264.0,-0.006430580985129275,1.33494,57744.0,58639.1,0.836131523164578
2025-08-05 00:00:00+00:00,1.32802,1.33161,1.32596,1.32979,46336.0,0.0007977542465362752,0.0007974362097495669,0.004103770811929127,1.325938,1.335118,1.3410915,1.3503312,,1.3347598735417456,1.3416922945484024,40.85262996472934,-0.8152336058237444,-0.006932421006656808,-0.005058464711806179,-0.0018739562948506296,1.3640488501817711,1.3410915,1.318134149818229,0.04591470036354206,0.2538587879150383,0.00904214285714284,35.39901917075362,33.11784812007735,0.004248791162514331,0.0013310372314425957,0.0017700000000000493,0.0018199999999999328,0.0020599999999999508,0.0007154799740920481,1.32873,49030.0,0.005733936267715123,1.32778,77123.0,-0.0022445925724392524,1.3202099999999999,65106.0,-0.0004569493760019361,1.33433,59207.0,57927.2,0.7999005648469113
2025-08-06 00:00:00+00:00,1.32949,1.33673,1.32813,1.33564,48180.0,0.004399190849682988,0.004389542695316251,0.0042737176247543696,1.32843,1.3329039999999999,1.339953,1.3501185999999998,,1.3348952776122462,1.341243976433706,46.01983002832848,-0.9786186649269076,-0.0063486988214598306,-0.005316511533736909,-0.0010321872877229214,1.361509800953956,1.339953,1.318396199046044,0.043113601907911914,0.39996196538595125,0.009324285714285705,48.439589835042284,38.958240451775936,0.006438860770866357,0.004604534155910184,0.006149999999999878,0.0010900000000000354,0.0013600000000000279,0.0007977542465362752,1.32979,46336.0,0.0007154799740920481,1.32873,49030.0,0.005733936267715123,1.32778,77123.0,-0.008356253700358973,1.32318,67264.0,57483.4,0.8381550151869931
2025-08-07 00:00:00+00:00,1.33469,1.34474,1.33368,1.34412,61938.0,0.006349016201970592,0.0063289461040610465,0.00456569946923431,1.333212,1.3322299999999998,1.339296,1.3500334,,1.3363144656719006,1.3414570152163945,52.164502164502075,-0.626940706786932,-0.005142549544493891,-0.0052817191358883065,0.00013916959139441583,1.3593826705213095,1.339296,1.3192093294786906,0.040173341042618826,0.6200796317857229,0.00961857142857143,67.34284440481495,50.39381780353694,0.008228431985239466,0.007015742642026046,0.00943000000000005,0.0006200000000000649,0.0010099999999999554,0.004399190849682988,1.33564,48180.0,0.0007977542465362752,1.32979,46336.0,0.0007154799740920481,1.32873,49030.0,-0.0022445925724392524,1.3202099999999999,65106.0,57945.7,1.0688972607113212
2025-08-08 00:00:00+00:00,1.3439999999999999,1.34581,1.34171,1.3447,54109.0,0.00043150909145017735,0.0004314160181758554,0.004368006209441639,1.336596,1.332342,1.3390855,1.3500290000000001,,1.3376045478762237,1.3416972363114763,47.0845070422535,-0.9633372122140539,-0.004092688435252567,-0.005043912995761159,0.0009512245605085914,1.3588333371633867,1.3390855,1.3193376628366131,0.03949567432677359,0.6421548079809358,0.009135000000000004,68.63575568435134,61.47272997473618,0.0030490072135048655,0.0005205622071838662,0.000700000000000145,0.0011099999999999444,0.0022899999999999032,0.006349016201970592,1.34412,61938.0,0.004399190849682988,1.33564,48180.0,0.0007977542465362752,1.32979,46336.0,0.005733936267715123,1.32778,77123.0,57441.35,0.9419869136084024
2025-08-11 00:00:00+00:00,1.3437000000000001,1.34759,1.33987,1.34299,43771.0,-0.0012716591061203708,-0.0012724683506896957,0.004245481013051469,1.3394480000000002,1.3331469999999999,1.3391065,1.3498046,,1.3384330789721894,1.3417929965847004,43.031182015953526,-0.5825918303895329,-0.0033599176125109764,-0.004707113919111122,0.0013471963066001456,1.3588708254108868,1.3391065,1.3193421745891132,0.03952865082177359,0.5982451947957904,0.009170714285714301,64.82389656709745,66.9341655520879,0.0057483674487525385,-0.0005286710995615831,0.0007100000000002105,0.003889999999999949,0.0031200000000000117,0.00043150909145017735,1.3447,54109.0,0.006349016201970592,1.34412,61938.0,0.004399190849682988,1.33564,48180.0,0.0007154799740920481,1.32873,49030.0,56841.55,0.7700528926463124
2025-08-12 00:00:00+00:00,1.3425500000000001,1.35229,1.3419400000000001,1.34994,59501.0,0.005175019918242096,0.005161675521212447,0.004325870674023961,1.3434779999999997,1.334708,1.3396855,1.3497760000000003,,1.3402033745149295,1.342396478319167,44.457013574660614,0.473362211405344,-0.0021931038042375395,-0.004204311896136406,0.0020112080918988666,1.3600277727861299,1.3396855,1.3193432272138703,0.040684545572259534,0.7520490239171257,0.009410714285714288,80.31654034774834,71.25873086639903,0.00766700742255201,0.005474317377068452,0.007389999999999786,0.0023500000000000743,0.0006099999999999994,-0.0012716591061203708,1.34299,43771.0,0.00043150909145017735,1.3447,54109.0,0.006349016201970592,1.34412,61938.0,0.0007977542465362752,1.32979,46336.0,56934.75,1.0450735271516955
2025-08-13 00:00:00+00:00,1.34817,1.3584,1.34817,1.35764,48045.0,0.005703957212913169,0.0056877512451971425,0.0044630874103894075,1.347878,1.3381539999999998,1.3404814999999999,1.3498247999999997,,1.3428859322818636,1.3435256280733028,54.741258741258726,1.700450956597296,-0.0006396957914391876,-0.0034913886751969624,0.0028516928837577747,1.362347796367747,1.3404814999999999,1.3186152036322527,0.04373259273549435,0.8923503942192262,0.009529285714285716,98.29175095527064,81.14406262337214,0.007535134498099615,0.006975339559824304,0.009469999999999867,0.0007600000000000939,0.0,0.005175019918242096,1.34994,59501.0,-0.0012716591061203708,1.34299,43771.0,0.00043150909145017735,1.3447,54109.0,0.004399190849682988,1.33564,48180.0,55819.75,0.8607168609676683
2025-08-14 00:00:00+00:00,1.35654,1.3594,1.3519999999999999,1.35291,55102.0,-0.0034839869184760675,-0.003490070134239362,0.004552366840046959,1.349636,1.341424,1.341064,1.3497504,,1.3444280965461923,1.3442207667345396,56.76577229876724,1.3924591367952486,0.00020732981165272335,-0.0027516449778270252,0.0029589747894797486,1.3636272037665436,1.341064,1.3185007962334565,0.045126407533087054,0.7625070473716402,0.009372857142857152,85.73312816003543,88.11380648768481,0.005469691258102958,-0.002683105306339684,0.003630000000000022,0.0028599999999998627,0.0009100000000001884,0.005703957212913169,1.35764,48045.0,0.005175019918242096,1.34994,59501.0,-0.0012716591061203708,1.34299,43771.0,0.006349016201970592,1.34412,61938.0,55700.2,0.9892603617222201
2025-08-15 00:00:00+00:00,1.35232,1.35742,1.35232,1.3550499999999999,43938.0,0.0015817755800457967,0.001580525890698149,0.004554605777870242,1.3517059999999999,1.3441509999999999,1.3417805,1.349803,,1.3460622355390859,1.3450229321616107,66.10088070456351,2.4085914236913983,0.0010393033774751537,-0.0019934553067665894,0.003032758684241743,1.3651918723827146,1.3417805,1.3183691276172855,0.046822744765429025,0.7833985932793327,0.00900642857142859,90.43745878214976,91.48744596581861,0.0037636987565035276,0.0020146858049517728,0.002729999999999899,0.0023700000000002053,0.0,-0.0034839869184760675,1.35291,55102.0,0.005703957212913169,1.35764,48045.0,0.005175019918242096,1.34994,59501.0,0.00043150909145017735,1.3447,54109.0,55448.35,0.7924131195968861
2025-08-18 00:00:00+00:00,1.35468,1.35641,1.35008,1.35012,42995.0,-0.0036382421312866065,-0.0036448766310222015,0.004451504983233894,1.353132,1.34629,1.3418445,1.3497210000000002,,1.346686506994611,1.345400492742232,61.824172532574494,2.2655486627127583,0.001286014252378953,-0.0013375613949374809,0.002623575647316434,1.3653439624574586,1.3418445,1.3183450375425416,0.04699892491491697,0.6760784957311506,0.009051428571428584,79.59991206858662,85.2568330035906,0.0046884721358101105,-0.0033774775575505286,0.0045600000000001195,0.0017299999999997873,4.0000000000040004e-05,0.0015817755800457967,1.3550499999999999,43938.0,-0.0034839869184760675,1.35291,55102.0,0.005703957212913169,1.35764,48045.0,-0.0012716591061203708,1.34299,43771.0,54989.85,0.781871563570368
2025-08-19 00:00:00+00:00,1.35007,1.35303,1.34767,1.34914,43569.0,-0.0007258614049121537,-0.0007261249698505195,0.004407174390601478,1.352972,1.348225,1.3416715,1.349718,,1.3470639674569784,1.3456774932798443,72.93286219081271,1.6087002364849632,0.0013864741771341116,-0.0007927542805231623,0.002179228457657274,1.364886796477244,1.3416715,1.3184562035227558,0.04643059295448815,0.660852996370751,0.008306428571428572,77.4455924378986,82.49432109621165,0.003972901255614711,-0.0006893280163660535,0.0009300000000000974,0.0029599999999998516,0.0014700000000000824,-0.0036382421312866065,1.35012,42995.0,0.0015817755800457967,1.3550499999999999,43938.0,-0.0034839869184760675,1.35291,55102.0,0.005175019918242096,1.34994,59501.0,54705.9,0.7964223237347342
2025-08-20 00:00:00+00:00,1.34852,1.3508499999999999,1.3446799999999999,1.34542,51288.0,-0.002757312065463924,-0.002761120452595901,0.0043422172859187355,1.3505280000000002,1.349203,1.3410535,1.3495524,,1.346811049386674,1.3456584197035597,71.97907585004383,1.2560866391215741,0.001152629683114359,-0.0004036774877956581,0.001556307170910017,1.3630914646352197,1.3410535,1.3190155353647801,0.04407592927043957,0.5990676787143464,0.008060000000000003,69.26797098263383,75.43782516303968,0.004585928557625135,-0.0023041132137175606,0.0030999999999998806,0.0023299999999999432,0.000740000000000185,-0.0007258614049121537,1.34914,43569.0,-0.0036382421312866065,1.35012,42995.0,0.0015817755800457967,1.3550499999999999,43938.0,0.005703957212913169,1.35764,48045.0,54414.8,0.9425376919514543
2025-08-21 00:00:00+00:00,1.34515,1.34816,1.34047,1.34115,52000.0,-0.003173730136314279,-0.0031787770990976127,0.004254276642421439,1.348176,1.348906,1.340568,1.349153,,1.3459401187118012,1.3453244626884813,62.36817761332116,0.8542702231179388,0.0006156560233199215,-0.00019981078557254218,0.0008154668088924637,1.362118768065444,1.340568,1.319017231934556,0.043101536130888185,0.5135029990168494,0.007394285714285719,46.41808573106316,64.37721638386519,0.005733885098609383,-0.0029825150057786252,0.0040000000000000036,0.003009999999999957,0.0006800000000000139,-0.002757312065463924,1.34542,51288.0,-0.0007258614049121537,1.34914,43569.0,-0.0036382421312866065,1.35012,42995.0,-0.0034839869184760675,1.35291,55102.0,54078.7,0.9615615759994232
2025-08-22 00:00:00+00:00,1.34056,1.35433,1.33897,1.3523800000000001,56800.0,0.008373410878723453,0.008338548350837537,0.004502448894480188,1.347642,1.3496739999999998,1.341008,1.3490604000000002,,1.3469308696792164,1.345847095081927,68.38178143945302,1.253331736096568,0.0010837745972893664,5.6906290999839555e-05,0.001026868306289527,1.36316841192853,1.341008,1.3188475880714698,0.044320823857060265,0.7565836780623971,0.007937142857142865,79.00717703349335,64.89774458239677,0.011357754477291914,0.008740147000103641,0.011820000000000164,0.0019499999999998963,0.0015899999999999803,-0.003173730136314279,1.34115,52000.0,-0.002757312065463924,1.34542,51288.0,-0.0007258614049121537,1.34914,43569.0,0.0015817755800457967,1.3550499999999999,43938.0,54152.3,1.0488935834673687
2025-08-25 00:00:00+00:00,1.35132,1.35278,1.34453,1.34515,46218.0,-0.005346130525444082,-0.00536047221912333,0.00442248952434582,1.346648,1.34989,1.3415184999999998,1.3488242,,1.3466568897285678,1.3457954584091916,60.893617021276654,0.07663006279201905,0.0008614313193762158,0.0002178112966751148,0.0006436200227011009,1.3635604296843662,1.3415184999999998,1.3194765703156335,0.044083859368732714,0.5823770888484401,0.008122857142857163,54.42916533418639,59.951476032914286,0.0061331450024161545,-0.0045868490502917955,0.006170000000000009,0.0014600000000000168,0.0006200000000000649,0.008373410878723453,1.3523800000000001,56800.0,-0.003173730136314279,1.34115,52000.0,-0.002757312065463924,1.34542,51288.0,-0.0036382421312866065,1.35012,42995.0,53576.0,0.8626623861430491
2025-08-26 00:00:00+00:00,1.34428,1.34925,1.3433899999999999,1.34768,59852.0,0.0018808311340741124,0.0018790645859023648,0.004429805575251347,1.3463559999999999,1.3496640000000002,1.3421859999999999,1.3489398,,1.3468142913087882,1.345935054082585,58.96100029770771,0.22161076820108447,0.0008792372262032,0.0003500964825807319,0.0005291407436224681,1.3641196323341218,1.3421859999999999,1.320252367665878,0.043867264668243866,0.6252414537708182,0.007927142857142895,54.43234836702967,62.62289691156979,0.004348213225691706,0.002522854089991741,0.0034000000000000696,0.0015700000000000713,0.0008900000000000574,-0.005346130525444082,1.34515,46218.0,0.008373410878723453,1.3523800000000001,56800.0,-0.003173730136314279,1.34115,52000.0,-0.0007258614049121537,1.34914,43569.0,53608.25,1.1164699463235603
2025-08-27 00:00:00+00:00,1.3472,1.35009,1.34159,1.34976,50330.0,0.0015433930903478998,0.0015422032833015567,0.003909859291359476,1.347224,1.3488760000000002,1.3435149999999998,1.3490995999999997,,1.3472674772612823,1.346218383409801,54.639684106614105,0.5040990625395696,0.0010490938514813308,0.0004898959563608517,0.0005591978951204791,1.363755463381423,1.3435149999999998,1.3232745366185765,0.040480926762846536,0.6542701835011334,0.0077442857142857435,52.814488497308396,53.892000732841474,0.0062974158368894854,0.0018966334755809312,0.0025600000000001177,0.00032999999999994145,0.005609999999999893,0.0018808311340741124,1.34768,59852.0,-0.005346130525444082,1.34515,46218.0,0.008373410878723453,1.3523800000000001,56800.0,-0.002757312065463924,1.34542,51288.0,52761.55,0.953914356193099
2025-08-28 00:00:00+00:00,1.34869,1.3529900000000001,1.34813,1.35111,53390.0,0.001000177809388214,0.0009996779648242143,0.003834641184302833,1.349216,1.3486960000000001,1.34506,1.3492282,,1.3478586346057004,1.3465807253794453,55.20714865962637,0.0866705186897281,0.0012779092262551472,0.0006474986103397109,0.0006304106159154364,1.3623061022293512,1.34506,1.3278138977706486,0.0344922044587026,0.6754019522655839,0.007798571428571465,59.42241801272673,55.55641829235492,0.0035970424317783795,0.0017911198940131364,0.0024200000000000887,0.0018800000000001038,0.0005599999999998939,0.0015433930903478998,1.34976,50330.0,0.0018808311340741124,1.34768,59852.0,-0.005346130525444082,1.34515,46218.0,-0.003173730136314279,1.34115,52000.0,52175.75,1.0232723056209063
2025-08-29 00:00:00+00:00,1.3507500000000001,1.35161,1.34454,1.34964,55420.0,-0.0010879943157848793,-0.0010885866112488418,0.003708106555998269,1.348668,1.348155,1.3461530000000002,1.3493256,,1.348132690820208,1.346807338314301,55.42325884847502,-0.5892578297634135,0.0013253525059069293,0.0007830693894531546,0.0005422831164537747,1.361448463517347,1.3461530000000002,1.3308575364826534,0.03059092703469357,0.6139880460649376,0.007752142857142874,52.22711698482616,54.82134116495374,0.005238433952757706,-0.0008224415399663365,0.0011100000000001664,0.0008599999999998609,0.005099999999999882,0.001000177809388214,1.35111,53390.0,0.0015433930903478998,1.34976,50330.0,0.0018808311340741124,1.34768,59852.0,0.008373410878723453,1.3523800000000001,56800.0,51090.6,1.0847396585673295
2025-09-01 00:00:00+00:00,1.3491,1.35491,1.3491,1.35434,38398.0,0.0034824101241812677,0.0034763605746515633,0.0037551880666941385,1.350506,1.3485770000000001,1.3474335,1.3493716,,1.349087661463253,1.3473653132539825,53.7250253979006,0.10569808782550519,0.00172234820927053,0.0009709251534166297,0.0007514230558539003,1.3607470519006186,1.3474335,1.3341199480993813,0.02662710380123734,0.7593785659737883,0.007427857142857176,75.23250122369136,62.29401207374807,0.004289912429670609,0.003869043224005887,0.0052400000000001334,0.0005699999999999594,0.0,-0.0010879943157848793,1.34964,55420.0,0.001000177809388214,1.35111,53390.0,0.0015433930903478998,1.34976,50330.0,-0.005346130525444082,1.34515,46218.0,50559.0,0.7594691350699183
2025-09-02 00:00:00+00:00,1.3532199999999999,1.3549,1.3339400000000001,1.33927,67001.0,-0.011127191104154166,-0.0111895613974535,0.004627895643852232,1.348824,1.3475899999999998,1.3479075,1.348931,,1.3475772520073679,1.3467656604203542,36.17341562547042,-1.1645326740710606,0.0008115915870137158,0.000939058440136047,-0.00012746685312233115,1.3590788616472016,1.3479075,1.3367361383527985,0.022342723294403122,0.11340880938342107,0.00819428571428574,20.934799685781122,49.46480596476621,0.015650316963718942,-0.01041612221583393,0.013949999999999907,0.0016800000000001258,0.005329999999999835,0.0034824101241812677,1.35434,38398.0,-0.0010879943157848793,1.34964,55420.0,0.001000177809388214,1.35111,53390.0,0.0018808311340741124,1.34768,59852.0,51592.25,1.2986640435336703
2025-09-03 00:00:00+00:00,1.33883,1.34575,1.33325,1.3443800000000001,59958.0,0.0038155114353342068,0.0038082508343214075,0.004602892363156056,1.3477480000000002,1.3474860000000002,1.3483445,1.3484980000000002,,1.3470853670831575,1.3465889448336612,43.61622511600068,-0.42514739430568066,0.0004964222494963089,0.0008505312020080993,-0.0003541089525117905,1.3580878280275561,1.3483445,1.338601171972444,0.019486656055112128,0.2965530879804347,0.008558571428571447,46.04882085229654,47.40537392058966,0.009297966348800157,0.004128297058867408,0.005550000000000166,0.0013699999999998713,0.005579999999999918,-0.011127191104154166,1.33927,67001.0,0.0034824101241812677,1.35434,38398.0,-0.0010879943157848793,1.34964,55420.0,0.0015433930903478998,1.34976,50330.0,52181.15,1.1490356191843223
2025-09-04 00:00:00+00:00,1.34394,1.3459400000000001,1.3416299999999999,1.34353,45638.0,-0.0006322617117185958,-0.0006324616734445196,0.004382341497517217,1.346232,1.347724,1.348315,1.34792,,1.3465383875319026,1.346362356327464,41.208791208791325,-0.4158204485820682,0.0001760312044385426,0.0007156312024941881,-0.0005395999980556455,1.358115587522664,1.348315,1.3385144124773358,0.019601175045328212,0.25588198212940777,0.008502142857142887,44.3868739205523,37.12349815287664,0.003207967071818462,-0.00030516624117066346,0.00041000000000002146,0.002000000000000224,0.0019000000000000128,0.0038155114353342068,1.3443800000000001,59958.0,-0.011127191104154166,1.33927,67001.0,0.0034824101241812677,1.35434,38398.0,0.001000177809388214,1.35111,53390.0,51366.15,0.8884839529534528
2025-09-05 00:00:00+00:00,1.34273,1.35547,1.34212,1.35029,52346.0,0.005031521439789355,0.005018905635885593,0.004525270315871495,1.346362,1.347515,1.3485945000000001,1.3474936000000002,,1.3471155586808405,1.3466532928958002,50.12620638455827,0.3619687532517674,0.0004622657850403833,0.0006649581190034271,-0.00020269233396304383,1.3582791562855037,1.3485945000000001,1.3389098437144966,0.019369312571007047,0.5875353729660886,0.00900357142857146,76.68766876687675,55.707787846575194,0.009886765065282252,0.005598797295395812,0.007560000000000011,0.005179999999999962,0.0006099999999999994,-0.0006322617117185958,1.34353,45638.0,0.0038155114353342068,1.3443800000000001,59958.0,-0.011127191104154166,1.33927,67001.0,-0.0010879943157848793,1.34964,55420.0,51278.0,1.0208276453839853
2025-09-08 00:00:00+00:00,1.3498299999999999,1.35561,1.34809,1.35435,44110.0,0.0030067615104902856,0.0030022502437065026,0.0045522303348019015,1.346364,1.3484349999999998,1.3491625,1.3471326,,1.3482285496530189,1.347223419347963,53.69870793695859,0.9842299519069364,0.0010051303050557792,0.0007329925562138975,0.0002721377488418816,1.3587955306211121,1.3491625,1.339529469378888,0.019266061242224186,0.7692558657828197,0.00915785714285717,94.36493738819301,71.81316002520735,0.005552479048990269,0.003337394321999542,0.0045200000000000795,0.0012600000000000389,0.0017399999999998528,0.005031521439789355,1.35029,52346.0,-0.0006322617117185958,1.34353,45638.0,0.0038155114353342068,1.3443800000000001,59958.0,0.0034824101241812677,1.35434,38398.0,51294.95,0.8599287064321147
2025-09-09 00:00:00+00:00,1.35443,1.35906,1.35171,1.35269,46475.0,-0.0012256802156015434,-0.0012264319759382998,0.0044243640879473144,1.349048,1.348936,1.3493,1.3467033999999998,,1.3489149266294775,1.347628351248114,55.316659353517466,0.022922551353895385,0.0012865753813635639,0.0008437091212438308,0.00044286626011973303,1.359057460843128,1.3493,1.3395425391568718,0.019514921686256237,0.6737132259355915,0.009242142857142881,75.31964354901196,82.1240832346939,0.005433617458545541,-0.0012863257656965563,0.0017400000000000748,0.004629999999999912,0.0009799999999999809,0.0030067615104902856,1.35435,44110.0,0.005031521439789355,1.35029,52346.0,-0.0006322617117185958,1.34353,45638.0,-0.011127191104154166,1.33927,67001.0,50643.65,0.9176866201389513
2025-09-10 00:00:00+00:00,1.35193,1.35647,1.3513,1.3529900000000001,46831.0,0.0002217803044306521,0.00022175571481452994,0.004224951498838451,1.35077,1.349259,1.3490674999999999,1.3465002000000001,,1.3495418609941734,1.3480255104149204,59.19254658385083,0.5828346281083945,0.001516350579253034,0.0009782374128456716,0.0005381131664073625,1.3581891062182005,1.3490674999999999,1.3399458937817992,0.018243212436401368,0.7150114741948387,0.009062142857142892,76.48198372723819,82.05552155481438,0.003821166453558503,0.0007834499885439366,0.001060000000000061,0.0034799999999999276,0.0006300000000001305,-0.0012256802156015434,1.35269,46475.0,0.0030067615104902856,1.35435,44110.0,0.005031521439789355,1.35029,52346.0,0.0038155114353342068,1.3443800000000001,59958.0,50582.95,0.9258257970323993
2025-09-11 00:00:00+00:00,1.3526500000000001,1.3583,1.34938,1.35712,49457.0,0.00305249854027001,0.003047849125751983,0.004207317041095625,1.353488,1.34986,1.349278,1.3463363999999998,,1.3507077285335314,1.3486991763101115,54.136125654450154,0.7004630179271129,0.0020085522234198905,0.0011843003749605154,0.000824251848459375,1.3589506344313231,1.349278,1.3396053655686768,0.019345268862646314,0.9053704322064092,0.008602142857142892,92.48353351414242,81.42838693013086,0.0065727422777647065,0.0032937396840367643,0.004469999999999974,0.0011799999999999589,0.003270000000000106,0.0002217803044306521,1.3529900000000001,46831.0,-0.0012256802156015434,1.35269,46475.0,0.0030067615104902856,1.35435,44110.0,-0.0006322617117185958,1.34353,45638.0,50300.7,0.9832268735822762
2025-09-12 00:00:00+00:00,1.3568,1.35803,1.35239,1.35508,44141.0,-0.0015031832115067756,-0.0015043141248458289,0.004209144458628358,1.354446,1.350404,1.3492795000000002,1.3461648,,1.3513803856822189,1.34917182991677,59.52792170408732,0.3941441441441435,0.002208555765448761,0.0013891514530581647,0.0008194043123905962,1.358955911851286,1.3492795000000002,1.3396030881487144,0.01935282370257152,0.7997237038453013,0.00841571428571432,84.57962030220888,84.51504584786316,0.0041621158898368284,-0.00126929775363812,0.0017199999999999438,0.0012300000000000644,0.002690000000000081,0.00305249854027001,1.35712,49457.0,0.0002217803044306521,1.3529900000000001,46831.0,-0.0012256802156015434,1.35269,46475.0,0.005031521439789355,1.35029,52346.0,50310.85,0.8773654191889027
2025-09-15 00:00:00+00:00,1.35284,1.36202,1.35284,1.35974,39501.0,0.003438911355787111,0.003433011821578482,0.004183747230152016,1.355524,1.350944,1.3497605,1.346164,,1.3526664801926467,1.3499546573303427,61.11725663716791,0.6387340779063078,0.002711822862303981,0.001653685734907328,0.001058137127396653,1.3605097461914368,1.3497605,1.339011253808563,0.021498492382873824,0.9641953408765501,0.00865285714285716,92.07507820646485,89.7127440076054,0.006751290687925608,0.005074499536676061,0.006899999999999906,0.0022800000000000598,0.0,-0.0015031832115067756,1.35508,44141.0,0.00305249854027001,1.35712,49457.0,0.0002217803044306521,1.3529900000000001,46831.0,0.0030067615104902856,1.35435,44110.0,50136.15,0.7878746174167741
2025-09-16 00:00:00+00:00,1.35967,1.36721,1.3591199999999999,1.3643399999999999,45783.0,0.0033829996911174387,0.003377290220796307,0.004228092067293551,1.3578540000000001,1.3534510000000002,1.3505205,1.3462897999999999,,1.3544624063168549,1.3510202382688359,62.84355179703982,1.0891793367120075,0.003442168048019001,0.0020113821975296627,0.0014307858504893382,1.3630816740567557,1.3505205,1.3379593259432443,0.02512234811351144,1.0500879112716137,0.008623571428571461,91.5488810365131,89.40119318172894,0.005929606989460217,0.003422900450034414,0.004669999999999952,0.00287000000000015,0.0005500000000000504,0.003438911355787111,1.35974,39501.0,-0.0015031832115067756,1.35508,44141.0,0.00305249854027001,1.35712,49457.0,-0.0012256802156015434,1.35269,46475.0,50246.85,0.9111615952044755
2025-09-17 00:00:00+00:00,1.36449,1.37265,1.3618299999999999,1.36233,47623.0,-0.0014732398082588638,-0.001474326093061613,0.0041844502759036065,1.359722,1.355246,1.351366,1.3463682,,1.355672805345031,1.3518579983970704,59.77011494252862,0.5899552549581302,0.0038148069479606583,0.0023720671476158616,0.0014427398003447967,1.3647322692507708,1.351366,1.3379997307492293,0.02673253850154156,0.9101368824127093,0.009049285714285744,73.80710659898499,85.81035528065432,0.00794227536646778,-0.0015855189271321484,0.0021599999999999397,0.008159999999999945,0.000500000000000167,0.0033829996911174387,1.3643399999999999,45783.0,0.003438911355787111,1.35974,39501.0,-0.0015031832115067756,1.35508,44141.0,0.0002217803044306521,1.3529900000000001,46831.0,50063.6,0.9512500099872961
2025-09-18 00:00:00+00:00,1.3624100000000001,1.36608,1.35338,1.35522,51070.0,-0.005218999801810065,-0.005232666352497519,0.004305617945318369,1.359342,1.356415,1.3520695,1.3463274,,1.3556031429842572,1.352107035552843,54.42435775451958,1.19094730711508,0.0034961074314141527,0.00259687520437552,0.0008992322270386325,1.3646284967333084,1.3520695,1.3395105032666916,0.025117993466616806,0.6254280125594922,0.009451428571428602,55.761421319797236,73.70580298509843,0.009371172208202308,-0.005305411667478365,0.00719000000000003,0.00366999999999984,0.0018400000000000638,-0.0014732398082588638,1.36233,47623.0,0.0033829996911174387,1.3643399999999999,45783.0,0.003438911355787111,1.35974,39501.0,0.00305249854027001,1.35712,49457.0,50017.1,1.0210508006261858
2025-09-19 00:00:00+00:00,1.35492,1.35594,1.34632,1.34666,47650.0,-0.0063163176458436165,-0.006336349978412935,0.004147383100105071,1.357658,1.356052,1.3517835000000002,1.3462824,,1.354227274832833,1.3517035514378177,44.26180514046618,0.16959490620210338,0.002523723395015276,0.0025822448425034715,-5.852144748819555e-05,1.3645711606230546,1.3517835000000002,1.3389958393769459,0.02557532124610873,0.29967016051539064,0.009723571428571451,34.03553299492376,54.53468697123532,0.007143599720790669,-0.006133693731157036,0.008259999999999934,0.0010200000000000209,0.00034000000000000696,-0.005218999801810065,1.35522,51070.0,-0.0014732398082588638,1.36233,47623.0,0.0033829996911174387,1.3643399999999999,45783.0,-0.0015031832115067756,1.35508,44141.0,49559.6,0.9614686155659045
2025-09-22 00:00:00+00:00,1.34628,1.35205,1.34528,1.35114,35912.0,0.0033267491423225604,0.0033212277545205423,0.004033241203211236,1.355938,1.355731,1.352083,1.3464538000000001,,1.3537523094739357,1.3516618068868682,60.536126398011675,0.5664183159289422,0.0020905025870674443,0.0024838963914162663,-0.00039339380434882205,1.3644914607807435,1.352083,1.3396745392192564,0.02481692156148707,0.4620017334678875,0.008710000000000027,45.406091370558414,45.06768189509313,0.005010583655283644,0.0035969625649452212,0.0048600000000000865,0.0009099999999999664,0.0009999999999998899,-0.0063163176458436165,1.34666,47650.0,-0.005218999801810065,1.35522,51070.0,-0.0014732398082588638,1.36233,47623.0,0.003438911355787111,1.35974,39501.0,49044.3,0.7322359581031842
2025-09-23 00:00:00+00:00,1.35058,1.35367,1.3486799999999999,1.35235,41299.0,0.0008955400624657273,0.000895139305708627,0.0040180034803908,1.35354,1.355697,1.3523165000000001,1.3467336,,1.3535365695548687,1.3517127841545076,57.60061033759277,0.1525598204830037,0.0018237854003610998,0.002351874193205233,-0.0005280887928441331,1.364550632193425,1.3523165000000001,1.3400823678065752,0.024468264386849903,0.501369120403072,0.008173571428571462,34.55834945196662,37.99999127248293,0.00368987318371727,0.0013088327725810991,0.0017700000000000493,0.0013199999999999878,0.0019000000000000128,0.0033267491423225604,1.35114,35912.0,-0.0063163176458436165,1.34666,47650.0,-0.005218999801810065,1.35522,51070.0,0.0033829996911174387,1.3643399999999999,45783.0,48116.65,0.858309961312768
2025-09-24 00:00:00+00:00,1.35178,1.35274,1.34263,1.3446500000000001,39688.0,-0.005693792287499444,-0.005710063716291861,0.00421011393835723,1.350004,1.354863,1.3520610000000002,1.3467922,,1.3521694050079658,1.3511896149578773,50.944669365722206,-0.7162107283936812,0.0009797900500885248,0.002077457364581891,-0.0010976673144933663,1.3647257906459267,1.3520610000000002,1.3393962093540737,0.02532958129185303,0.20741719278305956,0.008587857142857163,8.286930887651975,29.417123903392334,0.007518685159707033,-0.005302495073067235,0.007129999999999859,0.0009600000000000719,0.002020000000000133,0.0008955400624657273,1.35235,41299.0,0.0033267491423225604,1.35114,35912.0,-0.0063163176458436165,1.34666,47650.0,-0.0014732398082588638,1.36233,47623.0,47584.55,0.8340522291373985
2025-09-25 00:00:00+00:00,1.3440699999999999,1.34672,1.33234,1.33417,44210.0,-0.007793849700665656,-0.007824380485605135,0.004527496932980183,1.3457940000000002,1.352568,1.3512140000000001,1.3466504000000001,,1.349400265775971,1.3499289027387753,37.20634920634922,-1.3691237460171857,-0.000528636962804363,0.0015562384991046404,-0.002084875461909003,1.366199752391413,1.3512140000000001,1.3362282476085874,0.02997150478282551,-0.06867348247948954,0.008661428571428582,4.539816422723903,15.795032254114162,0.010778236656497926,-0.007420343734306571,0.009899999999999798,0.002650000000000041,0.0018299999999999983,-0.005693792287499444,1.3446500000000001,39688.0,0.0008955400624657273,1.35235,41299.0,0.0033267491423225604,1.35114,35912.0,-0.005218999801810065,1.35522,51070.0,47125.55,0.9381322870502307
2025-09-26 00:00:00+00:00,1.33347,1.34131,1.33288,1.3397999999999999,36707.0,0.00421985204284292,0.004210973436052078,0.004652516525747503,1.344422,1.35104,1.350722,1.3466320000000003,,1.3479233018104368,1.3491786136470143,38.73315781322584,-0.97487786310322,-0.0012553118365774552,0.0009939284319682214,-0.0022492402685456766,1.3665479036160042,1.350722,1.3348960963839958,0.031651807232008444,0.15493281568595443,0.00872642857142858,18.50657405110352,10.444440453826461,0.006291983878190729,0.004724585759068478,0.006329999999999947,0.0015100000000001224,0.0005899999999998684,-0.007793849700665656,1.33417,44210.0,-0.005693792287499444,1.3446500000000001,39688.0,0.0008955400624657273,1.35235,41299.0,-0.0063163176458436165,1.34666,47650.0,46189.9,0.7946975421033602
2025-09-29 00:00:00+00:00,1.3385500000000001,1.34569,1.33822,1.34299,33310.0,0.0023809523809523725,0.0023781224049674193,0.00461102939585532,1.342792,1.3493650000000001,1.3501545,1.346515,,1.3471643323011389,1.3487201978213095,42.66263237518903,-1.0411754303230516,-0.0015558655201706184,0.0004839696415404535,-0.002039835161711072,1.3662459105560736,1.3501545,1.3340630894439263,0.03218282111214732,0.2773812315883086,0.008735000000000017,26.420243115851815,16.488877863226406,0.0055622156531322554,0.0033060558902149517,0.0044399999999997775,0.0027000000000001467,0.0003300000000001635,0.00421985204284292,1.3397999999999999,36707.0,-0.007793849700665656,1.33417,44210.0,-0.005693792287499444,1.3446500000000001,39688.0,0.0033267491423225604,1.35114,35912.0,45935.5,0.7251472172938142
2025-09-30 00:00:00+00:00,1.34244,1.3467,1.34132,1.3443800000000001,38272.0,0.0010350039836486413,0.0010344687363158017,0.0038649440806941553,1.341198,1.347369,1.3504099999999999,1.3463506,,1.346735973485579,1.3483987016863976,43.59279654710519,-0.7896212769725722,-0.0016627282008185862,5.46300730686456e-05,-0.001717358273887232,1.3659257034204537,1.3504099999999999,1.334894296579546,0.03103140684090766,0.3056807404538743,0.008750000000000004,29.86851897792135,24.93177871495889,0.0040018447165235576,0.0014430443773338288,0.0019400000000000528,0.0023199999999998777,0.0011200000000000099,0.0023809523809523725,1.34299,33310.0,0.00421985204284292,1.3397999999999999,36707.0,-0.007793849700665656,1.33417,44210.0,0.0008955400624657273,1.35235,41299.0,44499.05,0.8600633047222356
2025-10-01 00:00:00+00:00,1.34435,1.35276,1.3434599999999999,1.34755,44936.0,0.002357964266055612,0.0023551886306919976,0.0038064318801918464,1.3417780000000001,1.345891,1.3505685,1.346146,,1.3468612083339515,1.3483358348948127,42.77517741204881,-0.8964949181461105,-0.0014746265608611697,-0.0002512212537173175,-0.0012234053071438523,1.3658883684548395,1.3505685,1.3352486315451606,0.030639736909678916,0.4014841410388707,0.008777142857142864,37.732572562639554,31.3404448854709,0.006901413676672543,0.0023746799747690933,0.0032000000000000917,0.005209999999999937,0.0008900000000000574,0.0010350039836486413,1.3443800000000001,38272.0,0.0023809523809523725,1.34299,33310.0,0.00421985204284292,1.3397999999999999,36707.0,-0.005693792287499444,1.3446500000000001,39688.0,43747.95,1.0271567010568496
2025-10-02 00:00:00+00:00,1.34751,1.35104,1.34012,1.3437999999999999,36758.0,-0.00278282809543251,-0.002786707360092788,0.0038589530997425957,1.343704,1.344749,1.350582,1.3460048,,1.3463902532056513,1.3479998471248265,41.69855755077993,-1.5054898339123683,-0.0016095939191751452,-0.000522895786808883,-0.0010866981323662621,1.365876207503424,1.350582,1.3352877924965758,0.03058841500684828,0.2782820718732344,0.009154285714285717,28.429670057057425,32.01025386587277,0.008126209257329991,-0.002760827504092947,0.003710000000000102,0.003530000000000033,0.0036799999999999056,0.002357964266055612,1.34755,44936.0,0.0010350039836486413,1.3443800000000001,38272.0,0.0023809523809523725,1.34299,33310.0,-0.007793849700665656,1.33417,44210.0,43303.95,0.8488371153208888
2025-10-03 00:00:00+00:00,1.34303,1.34853,1.3425099999999999,1.34757,33558.0,0.002805477005506818,0.002801548999797402,0.0037368848911121235,1.3452579999999998,1.34484,1.350446,1.3460845999999997,,1.346571752712474,1.3479680065970616,40.92468307233405,-1.0834379335403395,-0.0013962538845875283,-0.0006975674063646122,-0.0006986864782229161,1.3657993996235331,1.350446,1.335092600376467,0.030706799247066208,0.4063399614899661,0.008928571428571444,37.7821880426691,34.64814355412202,0.0044673003999793235,0.0033690272119444547,0.0045399999999999885,0.0009600000000000719,0.000520000000000076,-0.00278282809543251,1.3437999999999999,36758.0,0.002357964266055612,1.34755,44936.0,0.0010350039836486413,1.3443800000000001,38272.0,0.00421985204284292,1.3397999999999999,36707.0,42364.55,0.792124547528535
2025-10-06 00:00:00+00:00,1.34306,1.34901,1.34162,1.34839,43100.0,0.0006085027122895159,0.0006083176495843837,0.003670022625976544,1.346338,1.344565,1.350148,1.3463535999999998,,1.3468514830644012,1.3479992653676496,37.39529002686904,-0.5039772140316785,-0.0011477823032484125,-0.0007876103857413722,-0.00036017191750704024,1.3654134582222988,1.350148,1.334882541777701,0.03053091644459771,0.4424190229209122,0.008878571428571434,39.81642272388975,35.342760274538755,0.005480610209212474,0.00395286230244963,0.005330000000000057,0.0006200000000000649,0.0014399999999998858,0.002805477005506818,1.34757,33558.0,-0.00278282809543251,1.3437999999999999,36758.0,0.002357964266055612,1.34755,44936.0,0.0023809523809523725,1.34299,33310.0,42314.05,1.018574208802986
2025-10-07 00:00:00+00:00,1.34832,1.34873,1.3391899999999999,1.3421699999999999,37729.0,-0.004612908728186982,-0.004623581024521068,0.0037951834341853423,1.3458959999999998,1.343547,1.3496219999999999,1.3465103999999999,,1.3461312549006472,1.347567467933009,35.062240663900326,-0.3334174921658106,-0.001436213032361744,-0.0009173309150654466,-0.0005188821172962973,1.3652395725588673,1.3496219999999999,1.3340044274411325,0.03123514511773484,0.2614225907415784,0.008787142857142867,29.13455838766988,35.57772305140957,0.007107892442835189,-0.004582131920695665,0.0061500000000001,0.00041000000000002146,0.0029799999999999827,0.0006085027122895159,1.34839,43100.0,0.002805477005506818,1.34757,33558.0,-0.00278282809543251,1.3437999999999999,36758.0,0.0010350039836486413,1.3443800000000001,38272.0,41876.75,0.9009533929925316
2025-10-08 00:00:00+00:00,1.34252,1.34388,1.33709,1.34027,40898.0,-0.001415617991759488,-0.0014166209255345918,0.0037990993422885857,1.3444399999999999,1.343109,1.348986,1.3468522,,1.3452295233774707,1.347026914752786,37.99582463465553,-0.8045058247109801,-0.001797391375315316,-0.0010933430071154205,-0.0007040483681998954,1.3650555349554407,1.348986,1.3329164650445593,0.032139069910881446,0.22880360184135456,0.00836500000000002,33.60169491525443,34.18422534227135,0.005066143389018686,-0.0016787662187468667,0.0022499999999998632,0.0013600000000000279,0.0031800000000001827,-0.004612908728186982,1.3421699999999999,37729.0,0.0006085027122895159,1.34839,43100.0,0.002805477005506818,1.34757,33558.0,0.002357964266055612,1.34755,44936.0,41580.1,0.9835955180482971
2025-10-09 00:00:00+00:00,1.3400699999999999,1.3418999999999999,1.32796,1.33012,46951.0,-0.007573100942347533,-0.007601922475747841,0.004017923107785765,1.3417039999999998,1.342704,1.347636,1.3470503999999999,,1.3429049813193983,1.345774550697024,37.04979642968995,-1.643805227936553,-0.0028695693776257247,-0.0014485882812174814,-0.0014209810964082433,1.3652870401065218,1.347636,1.3299849598934783,0.035302080213043485,0.0038252733466896563,0.008673571428571438,8.401400233372026,23.712551178765437,0.010480257420383004,-0.007480528072655026,0.009949999999999903,0.0018299999999999983,0.0021599999999999397,-0.001415617991759488,1.34027,40898.0,-0.004612908728186982,1.3421699999999999,37729.0,0.0006085027122895159,1.34839,43100.0,-0.00278282809543251,1.3437999999999999,36758.0,41454.8,1.132582957823943
2025-10-10 00:00:00+00:00,1.32956,1.33709,1.32614,1.33511,51225.0,0.003751541214326526,0.0037445217340207216,0.004152602023673252,1.339212,1.342235,1.3466375,1.347197,,1.3417057534241061,1.344984583978726,37.54854745999692,-0.7094783029041091,-0.0032788305546198604,-0.0018146367358979573,-0.0014641938187219031,1.3647683331448461,1.3466375,1.3285066668551537,0.03626166628969241,0.18210230859477428,0.008972142857142857,32.58263712313831,24.861910757254915,0.008201571406101215,0.004156960849667776,0.005549999999999944,0.0019799999999998708,0.0034199999999999786,-0.007573100942347533,1.33012,46951.0,-0.001415617991759488,1.34027,40898.0,-0.004612908728186982,1.3421699999999999,37729.0,0.002805477005506818,1.34757,33558.0,41809.0,1.2252146666985577
2025-10-13 00:00:00+00:00,1.33411,1.33661,1.33148,1.33317,44895.0,-0.001453063792496545,-0.0014541205134684485,0.004036326163377838,1.336168,1.341253,1.3453089999999999,1.3472858000000003,,1.340392560589628,1.3441094296099314,35.26881720430113,-0.0749529670132076,-0.003716869020303326,-0.002195083192779031,-0.001521785827524295,1.3632905904688495,1.3453089999999999,1.3273274095311502,0.035963180937699235,0.16246033628035075,0.008982142857142859,26.4087152516901,22.464250869400136,0.00384797137649368,-0.0007050863730806581,0.0009399999999999409,0.0025000000000001688,0.0016899999999999693,0.003751541214326526,1.33511,51225.0,-0.007573100942347533,1.33012,46951.0,-0.001415617991759488,1.34027,40898.0,0.0006085027122895159,1.34839,43100.0,42078.7,1.066929349053084
2025-10-14 00:00:00+00:00,1.33267,1.33525,1.32483,1.33175,54837.0,-0.0010651304784835558,-0.0010656981330715869,0.003903726731014577,1.334084,1.33999,1.3436795,1.347325,,1.3390629358835313,1.343193916305492,39.03434206052358,-0.6008359456635238,-0.004130980421960695,-0.002582262638615364,-0.0015487177833453311,1.3602509764135935,1.3436795,1.3271080235864063,0.033142952827187155,0.14005922881397095,0.009004285714285718,24.776226279985803,27.922526218271397,0.007824291345973415,-0.000690820349164657,0.0009200000000000319,0.0025800000000000267,0.006920000000000037,-0.001453063792496545,1.33317,44895.0,0.003751541214326526,1.33511,51225.0,-0.007573100942347533,1.33012,46951.0,-0.004612908728186982,1.3421699999999999,37729.0,42531.4,1.2893297657730522
2025-10-15 00:00:00+00:00,1.33206,1.3406500000000001,1.33124,1.34021,49216.0,0.006352543645579134,0.006332451287024002,0.0042516881413220626,1.3340720000000001,1.339256,1.3425735,1.3474164000000002,,1.339239407286065,1.3429728854680483,55.31690140845054,-0.20700079672968563,-0.0037334781819833296,-0.002812505747288957,-0.0009209724346943724,1.3566720049972638,1.3425735,1.3284749950027364,0.028197009994527455,0.4161790558481591,0.00864928571428574,55.06623702112404,35.417059517599974,0.007021287708642781,0.006081136538303609,0.00814999999999988,0.000440000000000218,0.0008200000000000429,-0.0010651304784835558,1.33175,54837.0,-0.001453063792496545,1.33317,44895.0,0.003751541214326526,1.33511,51225.0,-0.001415617991759488,1.34027,40898.0,42611.05,1.1550055678045952
2025-10-16 00:00:00+00:00,1.33934,1.34549,1.3388499999999999,1.3434300000000001,52153.0,0.002402608546421936,0.002399726897235291,0.004176568891366515,1.336734,1.339219,1.3419839999999998,1.3474026000000001,,1.3398841138574398,1.3430067458037485,53.33701047986781,-0.07066454425088192,-0.003122631946308685,-0.002874530987092903,-0.0002481009592157817,1.3547819988567285,1.3419839999999998,1.3291860011432712,0.02559599771345722,0.5564932071094865,0.008521428571428616,66.59505907626267,48.81250745912416,0.004942572370722852,0.003044445933171173,0.004090000000000149,0.0020599999999999508,0.0004900000000001015,0.006352543645579134,1.34021,49216.0,-0.0010651304784835558,1.33175,54837.0,-0.001453063792496545,1.33317,44895.0,-0.007573100942347533,1.33012,46951.0,42665.2,1.222377956742263
2025-10-17 00:00:00+00:00,1.3433,1.34715,1.33905,1.34231,53946.0,-0.0008336869059052399,-0.0008340346161015027,0.003943185831076429,1.338174,1.338693,1.3417664999999999,1.3473548,,1.3402573271101412,1.3429551350034707,49.350152905198776,-0.3888538458684378,-0.002697807893329518,-0.002839186368340226,0.00014137847501070801,1.3543763696099098,1.3417664999999999,1.32915663039009,0.025219739219819903,0.5215505796972277,0.00856642857142861,62.5850340136052,61.41544337033063,0.006034373579873499,-0.0007375345486512404,0.0009900000000000464,0.003850000000000131,0.0032599999999998186,0.002402608546421936,1.3434300000000001,52153.0,0.006352543645579134,1.34021,49216.0,-0.0010651304784835558,1.33175,54837.0,0.003751541214326526,1.33511,51225.0,42980.0,1.2551419264774313
2025-10-20 00:00:00+00:00,1.34269,1.34432,1.33998,1.34032,39643.0,-0.0014825189412280837,-0.0014836189597669358,0.003865603967820653,1.339604,1.3378860000000001,1.3412255,1.3473014,,1.3402669690931963,1.3427599398180285,46.16402116402104,-0.25896710820061974,-0.002492970724832233,-0.0027699432396386275,0.00027697251480639446,1.353045804520077,1.3412255,1.3294051954799229,0.023640609040154192,0.46169726429374186,0.008492142857142901,55.46007876834944,61.54672395273909,0.0032380327086069076,-0.0017682344514742623,0.0023699999999999832,0.0016300000000000203,0.00034000000000000696,-0.0008336869059052399,1.34231,53946.0,0.002402608546421936,1.3434300000000001,52153.0,0.006352543645579134,1.34021,49216.0,-0.001453063792496545,1.33317,44895.0,43166.55,0.9183731384602197
2025-10-21 00:00:00+00:00,1.34024,1.34159,1.33612,1.33691,47644.0,-0.0025441685567625383,-0.002547410453373465,0.003881657530630387,1.3406360000000002,1.3373599999999999,1.3404535,1.3470407999999998,,1.3397505123096276,1.342326610942619,39.99247554552307,-0.7910535259763792,-0.0025760986329914637,-0.002731174318309195,0.00015507568531773113,1.3511809115679114,1.3404535,1.3297260884320885,0.02145482313582292,0.3348390020478252,0.008218571428571473,46.089278901182986,54.7114638943792,0.00409152448556753,-0.0024908183796965053,0.003330000000000055,0.0013499999999999623,0.0007900000000000684,-0.0014825189412280837,1.34032,39643.0,-0.0008336869059052399,1.34231,53946.0,0.002402608546421936,1.3434300000000001,52153.0,-0.0010651304784835558,1.33175,54837.0,43483.8,1.095672411334796
2025-10-22 00:00:00+00:00,1.3369,1.3387,1.33054,1.33542,47172.0,-0.0011145103260503664,-0.0011151318545266548,0.0036938325915070315,1.3396780000000001,1.3368749999999998,1.339992,1.3465964,,1.339084279646608,1.3418150101320545,41.76817288801595,-0.9618878811026429,-0.0027307304854464753,-0.0027310855517366514,3.5506629017609953e-07,1.3507533667689955,1.339992,1.3292306332310047,0.021522733537990835,0.2875734514888753,0.008021428571428608,43.79652605459082,48.44862790804107,0.006110437165835426,-0.0011082655643916714,0.0014799999999999258,0.0018000000000000238,0.0048799999999999955,-0.0025441685567625383,1.33691,47644.0,-0.0014825189412280837,1.34032,39643.0,-0.0008336869059052399,1.34231,53946.0,0.006352543645579134,1.34021,49216.0,43858.0,1.0755620411327467
2025-10-23 00:00:00+00:00,1.33538,1.33592,1.33107,1.3324500000000001,33498.0,-0.002224019409623912,-0.00222649621377953,0.0032900016312189277,1.337482,1.3371080000000002,1.3399059999999998,1.3461872,,1.3380636212394375,1.3411213056778282,34.91017964071884,-0.7242003621001609,-0.0030576844383907176,-0.0027964053290674648,-0.0002612791093232528,1.3508884882618215,1.3399059999999998,1.3289235117381781,0.021964976523643376,0.16055051358812275,0.007937857142857172,31.513647642680535,40.466484199484775,0.0036399114413298963,-0.0021989568088857945,0.002929999999999877,0.0005399999999999849,0.0013800000000001589,-0.0011145103260503664,1.33542,47172.0,-0.0025441685567625383,1.33691,47644.0,-0.0014825189412280837,1.34032,39643.0,0.002402608546421936,1.3434300000000001,52153.0,43322.4,0.7732258600631544
2025-10-24 00:00:00+00:00,1.3317700000000001,1.33732,1.32871,1.3309199999999999,45908.0,-0.0011482607227289998,-0.0011489204791693092,0.0031379793235528646,1.335204,1.336689,1.3394620000000002,1.3457046,,1.3369646025872162,1.3403656534053965,32.80850226333405,-0.6976206286793102,-0.003401050818180318,-0.0029173344268900356,-0.0004837163912902822,1.351157394685179,1.3394620000000002,1.3277666053148214,0.023390789370357545,0.1348135214784459,0.008025000000000029,25.481171548116823,33.59711508179605,0.006469209268776491,-0.0006386559673009944,0.0008500000000002395,0.005549999999999944,0.0022099999999998232,-0.002224019409623912,1.3324500000000001,33498.0,-0.0011145103260503664,1.33542,47172.0,-0.0025441685567625383,1.33691,47644.0,-0.0008336869059052399,1.34231,53946.0,43782.45,1.048547991261339
2025-10-27 00:00:00+00:00,1.33217,1.33527,1.33103,1.33357,38096.0,0.0019911038980555684,0.001989124278006392,0.0031214350408010124,1.333854,1.3367289999999998,1.338991,1.3453736,,1.3364423560353367,1.3398622716716633,40.8975444538528,0.25937509397647984,-0.003419915636326598,-0.0030178506687773485,-0.00040206496754924964,1.3508458038674982,1.338991,1.3271361961325019,0.023709607734996307,0.2713585116805407,0.00765428571428574,39.157706093189624,32.05084176132899,0.0031794356501721106,0.001049813658075576,0.0013999999999998458,0.0017000000000000348,0.001140000000000141,-0.0011482607227289998,1.3309199999999999,45908.0,-0.002224019409623912,1.3324500000000001,33498.0,-0.0011145103260503664,1.33542,47172.0,-0.0014825189412280837,1.34032,39643.0,44021.75,0.8653904036073078
2025-10-28 00:00:00+00:00,1.33354,1.33697,1.32473,1.32724,44418.0,-0.004746657468299387,-0.0047579586228481685,0.003251692003711439,1.3319199999999998,1.3362779999999999,1.338134,1.3449356000000001,,1.3350266089529772,1.3389272885848733,37.391136055738386,-0.5894645385024487,-0.003900679631896109,-0.0031944164614011008,-0.0007062631704950082,1.3507989410828314,1.338134,1.3254690589171685,0.025329882165662898,0.06991509361350964,0.008043571428571452,11.195361284567351,25.27807964195792,0.009222145203580384,-0.004746692384195754,0.006299999999999972,0.003430000000000044,0.0025100000000000122,0.0019911038980555684,1.33357,38096.0,-0.0011482607227289998,1.3309199999999999,45908.0,-0.002224019409623912,1.3324500000000001,33498.0,-0.0025441685567625383,1.33691,47644.0,44329.05,1.0020065848467314
2025-10-29 00:00:00+00:00,1.32724,1.32802,1.31406,1.31948,55816.0,-0.005846719508152298,-0.005863878487838916,0.0033694676152686647,1.328732,1.334205,1.3367304999999998,1.3444168000000003,,1.3326348229602114,1.3374867486896975,39.204545454545574,-1.0268757922845535,-0.004851925729486117,-0.0035259183150181043,-0.001326007414468013,1.35110751304898,1.3367304999999998,1.3223534869510196,0.028754026097960406,-0.0999333777200493,0.008045000000000033,16.37957086733143,22.244212748362795,0.01057992542516747,-0.005881104677600259,0.007759999999999989,0.0007800000000000029,0.00541999999999998,-0.004746657468299387,1.32724,44418.0,0.0019911038980555684,1.33357,38096.0,-0.0011482607227289998,1.3309199999999999,45908.0,-0.0011145103260503664,1.33542,47172.0,44873.05,1.243864635900613
2025-10-30 00:00:00+00:00,1.31948,1.32185,1.31162,1.3151,53095.0,-0.003319489495862027,-0.0033250112240506284,0.003386117929270629,1.325262,1.3313719999999998,1.3352955,1.3438958000000003,,1.3299371578894095,1.3358284710089792,29.443188822683467,-1.2502346536512148,-0.005891313119569697,-0.003998997275928423,-0.0018923158436412735,1.3522072467428639,1.3352955,1.318383753257136,0.033823493485727774,-0.09708498202652441,0.007993571428571473,9.794539825499356,12.456490659132703,0.007778876131092663,-0.003330545205687819,0.0043800000000000505,0.0023699999999999832,0.0034799999999999276,-0.005846719508152298,1.31948,55816.0,-0.004746657468299387,1.32724,44418.0,0.0019911038980555684,1.33357,38096.0,-0.002224019409623912,1.3324500000000001,33498.0,45689.9,1.162073018325713
2025-10-31 00:00:00+00:00,1.31509,1.31649,1.3096700000000001,1.31476,47757.0,-0.0002585354725876954,-0.00025856889864432685,0.0032686628795011137,1.32203,1.328617,1.3336549999999998,1.3431433999999998,,1.327602210521808,1.3342678435268327,30.444019545358103,-1.8989561337402328,-0.0066656330050247625,-0.004532324421747691,-0.002133308583277071,1.351868659998099,1.3336549999999998,1.3154413400019007,0.03642731999619819,-0.018704093575149006,0.00811428571428574,13.580576307363454,13.25156233339807,0.005187258511058921,-0.0002509963795674979,0.0003300000000001635,0.0013999999999998458,0.005089999999999817,-0.003319489495862027,1.3151,53095.0,-0.005846719508152298,1.31948,55816.0,-0.004746657468299387,1.32724,44418.0,-0.0011482607227289998,1.3309199999999999,45908.0,46399.85,1.0292490169688049
2025-11-03 00:00:00+00:00,1.31256,1.31623,1.3108,1.31373,40097.0,-0.0007834129422858993,-0.0007837199705687298,0.0032422450991082446,1.318062,1.325958,1.331922,1.3425150000000001,,1.3254680242876837,1.3327465217841044,30.698371893744834,-2.210759027266032,-0.007278497496420622,-0.005081559036682278,-0.0021969384597383436,1.350815453725676,1.331922,1.313028546274324,0.037786907451351937,0.018563406560302826,0.007757857142857165,10.832443970117282,11.40252003432669,0.004133269393254356,0.0008905939576626211,0.0011700000000001154,0.0024999999999999467,0.0017599999999999838,-0.0002585354725876954,1.31476,47757.0,-0.003319489495862027,1.3151,53095.0,-0.005846719508152298,1.31948,55816.0,0.0019911038980555684,1.33357,38096.0,46249.7,0.8669677857369886
2025-11-04 00:00:00+00:00,1.314,1.31411,1.30097,1.30188,50419.0,-0.009020118289146284,-0.009061045856346563,0.003608601512071435,1.31299,1.322455,1.3299075,1.341599,,1.3218390974741938,1.3304601127630598,11.723586978230884,-3.0119718991887097,-0.00862101528886594,-0.005789450287119011,-0.00283156500174693,1.352441256549022,1.3299075,1.307373743450978,0.04506751309804402,-0.12190030186548097,0.008024285714285722,1.9705500216543184,8.79452343304501,0.01009309613789284,-0.009309613789289435,0.01212000000000013,0.00010999999999983245,0.0009099999999999664,-0.0007834129422858993,1.31373,40097.0,-0.0002585354725876954,1.31476,47757.0,-0.003319489495862027,1.3151,53095.0,-0.004746657468299387,1.32724,44418.0,46884.2,1.0753942692847485
2025-11-05 00:00:00+00:00,1.30195,1.30535,1.30093,1.30503,50840.0,0.0024195778412756663,0.0024166553759496162,0.003714591805825248,1.3100999999999998,1.319416,1.3281455000000002,1.3407044000000001,,1.319253082478164,1.3285764007065368,11.599999999999994,-2.6329533245792085,-0.009323318228372734,-0.006496223875369756,-0.002827094353002979,1.3526890127885167,1.3281455000000002,1.3036019872114837,0.04908702557703304,0.02909145078010946,0.007865714285714285,8.870618779748982,7.224537590506851,0.0033868953204141596,0.0023600990015554984,0.0030799999999999716,0.000320000000000098,0.0010200000000000209,-0.009020118289146284,1.30188,50419.0,-0.0007834129422858993,1.31373,40097.0,-0.0002585354725876954,1.31476,47757.0,-0.005846719508152298,1.31948,55816.0,47381.3,1.07299715288521
2025-11-06 00:00:00+00:00,1.30468,1.31427,1.3045200000000001,1.31357,46747.0,0.006543910867949476,0.006522592436627391,0.0038049588412567936,1.309794,1.3175279999999998,1.327318,1.3399536,,1.3183787620969079,1.3274648154690156,24.97387669801465,-1.7458168463097845,-0.009086053372107772,-0.007014189774717359,-0.0020718635973904125,1.3526834365748286,1.327318,1.3019525634251714,0.050730873149657185,0.22900131327440013,0.007983571428571423,29.131136206499132,13.324101669300802,0.0074225203072542205,0.006767815951947626,0.008889999999999842,0.000700000000000145,0.00015999999999993797,0.0024195778412756663,1.30503,50840.0,-0.009020118289146284,1.30188,50419.0,-0.0007834129422858993,1.31373,40097.0,-0.003319489495862027,1.3151,53095.0,47371.1,0.9868253006579961
2025-11-07 00:00:00+00:00,1.31241,1.3175,1.3094700000000001,1.31625,49382.0,0.0020402414793272428,0.0020381630132485975,0.0037197920240543037,1.3100919999999998,1.316061,1.326375,1.3392858,,1.318051260235845,1.3266340883972365,29.28927895370849,-1.4355034371209157,-0.008582828161391554,-0.007327917452052199,-0.0012549107093393543,1.3519223797193842,1.326375,1.300827620280616,0.05109475943876829,0.30183877737727854,0.008247142857142833,37.678307919330905,25.226687635193,0.006100664767331252,0.0029173789173787988,0.0038399999999998435,0.0012499999999999734,0.0029399999999999427,0.006543910867949476,1.31357,46747.0,0.0024195778412756663,1.30503,50840.0,-0.009020118289146284,1.30188,50419.0,-0.0002585354725876954,1.31476,47757.0,47278.95,1.0444817408170022
2025-11-10 00:00:00+00:00,1.3136999999999999,1.31914,1.3133,1.31724,50701.0,0.0007521367521368116,0.000751854039040246,0.0037291071757209224,1.310794,1.314428,1.3255785,1.3385437999999998,,1.3179264509687918,1.3259382299974412,32.339737834440655,-1.141506247889239,-0.008011779028649357,-0.0074646897673716316,-0.0005470892612777258,1.3512269896651898,1.3255785,1.2999300103348101,0.05129697933037969,0.3374465688067971,0.008273571428571404,43.1824199099815,36.66395467860384,0.0044335124958246545,0.0026874373690444404,0.0035400000000000986,0.0019000000000000128,0.00039999999999995595,0.0020402414793272428,1.31625,49382.0,0.006543910867949476,1.31357,46747.0,0.0024195778412756663,1.30503,50840.0,-0.0007834129422858993,1.31373,40097.0,47569.25,1.0658355975761653
2025-11-11 00:00:00+00:00,1.3172,1.31848,1.31164,1.31478,52084.0,-0.0018675412225561683,-0.0018692872518582574,0.0037387438555456314,1.313374,1.3131819999999998,1.3247300000000002,1.3380539999999999,,1.3174423815889778,1.3251116944420753,31.786092481468472,-1.2126949779100038,-0.007669312853097576,-0.007505614384516821,-0.00016369846858075524,1.350640310892122,1.3247300000000002,1.2988196891078783,0.05182062178424385,0.3079914972570738,0.008179285714285707,38.05990656773862,39.64021146568367,0.005202391274585999,-0.001840612117616534,0.0024199999999998667,0.0012800000000001699,0.0031400000000001427,0.0007521367521368116,1.31724,50701.0,0.0020402414793272428,1.31625,49382.0,0.006543910867949476,1.31357,46747.0,-0.009020118289146284,1.30188,50419.0,47431.6,1.0980865077290245
2025-11-12 00:00:00+00:00,1.31502,1.31556,1.3084500000000001,1.3131300000000001,53949.0,-0.0012549628074658425,-0.0012557509327375104,0.0033581031905407697,1.314994,1.312547,1.3233759999999999,1.337429,,1.3167789382675967,1.32422416152044,32.54427177448504,-1.5327279407904941,-0.007445223252843247,-0.007493536158182107,4.8312905338859444e-05,1.3487039470358877,1.3233759999999999,1.298048052964112,0.05065589407177562,0.2977333104518511,0.008340714285714272,33.52569387194329,38.256006783221125,0.005414543876082299,-0.0014393091316167836,0.0018899999999999473,0.0005399999999999849,0.0046800000000000175,-0.0018675412225561683,1.31478,52084.0,0.0007521367521368116,1.31724,50701.0,0.0020402414793272428,1.31625,49382.0,0.0024195778412756663,1.30503,50840.0,47668.25,1.1317596093836044
2025-11-13 00:00:00+00:00,1.31296,1.32161,1.31006,1.31913,60931.0,0.004569235338465871,0.00455882807279888,0.0035058457038535974,1.316106,1.31295,1.322161,1.336941,,1.3171406400725818,1.3238468162226296,40.14378866410297,-0.6110424640607623,-0.00670617615004776,-0.007336064156555237,0.0006298880065074772,1.3457070998223104,1.322161,1.2986149001776894,0.04709219964462097,0.4356368990432959,0.00855071428571427,50.49944506104317,40.695015166908355,0.0087557708489686,0.004677325206765072,0.006170000000000009,0.0024800000000000377,0.0028999999999999027,-0.0012549628074658425,1.3131300000000001,53949.0,-0.0018675412225561683,1.31478,52084.0,0.0007521367521368116,1.31724,50701.0,0.006543910867949476,1.31357,46747.0,48107.15,1.2665684830633284
2025-11-14 00:00:00+00:00,1.3186200000000001,1.32001,1.31078,1.3171599999999999,65103.0,-0.0014934085344128212,-0.0014945247804174404,0.003508228162489432,1.316288,1.31319,1.3209035,1.3362783999999999,,1.3171436185229537,1.3233514965024347,36.123795027904514,-0.17582684087671657,-0.006207877979480969,-0.007110426921140384,0.0009025489416594149,1.3425265435318219,1.3209035,1.2992804564681781,0.043246087063643746,0.413437255155803,0.00889928571428568,45.0332963374027,43.01947842346305,0.0070075009869718565,-0.001108445443226517,0.0014600000000002389,0.0013899999999997803,0.00637999999999983,0.004569235338465871,1.31913,60931.0,-0.0012549628074658425,1.3131300000000001,53949.0,-0.0018675412225561683,1.31478,52084.0,0.0020402414793272428,1.31625,49382.0,48665.0,1.3377786910510634
2025-11-17 00:00:00+00:00,1.31433,1.31933,1.31358,1.31529,48404.0,-0.0014197212183787444,-0.0014207299774318344,0.00350774455808256,1.3158980000000002,1.313346,1.319652,1.3354972,,1.3168584464424993,1.3227543486133653,39.07078836656301,0.014447570526966352,-0.0058959021708659964,-0.006867521971085507,0.0009716198002195104,1.3393554697452028,1.319652,1.2999485302547973,0.039406939490405524,0.38930883604746824,0.008435714285714244,53.00849021779298,49.5137438720796,0.0043716594819392844,0.0007298770613325365,0.0009600000000000719,0.0040399999999998215,0.0007500000000000284,-0.0014934085344128212,1.3171599999999999,65103.0,0.004569235338465871,1.31913,60931.0,-0.0012549628074658425,1.3131300000000001,53949.0,0.0007521367521368116,1.31724,50701.0,49103.05,0.9857636134618928
2025-11-18 00:00:00+00:00,1.31566,1.31772,1.31336,1.31443,55530.0,-0.0006538482007770741,-0.0006540620527347966,0.0034875485991777426,1.315828,1.3146010000000001,1.3185280000000001,1.3347320000000003,,1.3164848392974995,1.3221377301975603,44.71425580908516,-0.0250996379567329,-0.005652890900060825,-0.006624595756880571,0.0009717048568197457,1.3365819549246467,1.3185280000000001,1.3004740450753536,0.03610790984929313,0.3865068618730812,0.007749999999999956,64.53154875717034,54.191111770788666,0.003317027152453854,-0.0009357668342932407,0.0012300000000000644,0.0020599999999999508,0.0010699999999999044,-0.0014197212183787444,1.31529,48404.0,-0.0014934085344128212,1.3171599999999999,65103.0,0.004569235338465871,1.31913,60931.0,-0.0018675412225561683,1.31478,52084.0,49497.35,1.1218782419664892
2025-11-19 00:00:00+00:00,1.3146499999999999,1.31552,1.3043,1.3057,53593.0,-0.006641662165349116,-0.006663816150851423,0.003721445830145036,1.314342,1.314668,1.317042,1.3337861999999998,,1.3148256332517305,1.3209201205532966,40.98234842670765,-0.6112367076948826,-0.006094487301566032,-0.006518574065817663,0.00042408676425163133,1.3341071637770332,1.317042,1.299976836222967,0.03413032755406631,0.16768558016230728,0.007820714285714245,23.065764023211585,46.868600999391624,0.008593091828138168,-0.006854560771999534,0.008949999999999791,0.0008700000000001484,0.0014000000000000679,-0.0006538482007770741,1.31443,55530.0,-0.0014197212183787444,1.31529,48404.0,-0.0014934085344128212,1.3171599999999999,65103.0,-0.0012549628074658425,1.3131300000000001,53949.0,49818.4,1.0757671864210814
2025-11-20 00:00:00+00:00,1.3057400000000001,1.31232,1.30375,1.30707,53142.0,0.0010492456153785579,0.0010486955419390005,0.003742168579462319,1.31193,1.314018,1.315773,1.3327852000000002,,1.3136324589053103,1.3198941856974966,42.76575729068667,0.3986542538482831,-0.006261726792186284,-0.006467204611091387,0.00020547781890510337,1.3317540494352766,1.315773,1.2997919505647235,0.031962098870553124,0.22770874543479203,0.007945714285714254,29.690522243713854,39.09594500803192,0.006556649605606407,0.0010175430543121879,0.0013299999999998313,0.005249999999999977,0.0019900000000001583,-0.006641662165349116,1.3057,53593.0,-0.0006538482007770741,1.31443,55530.0,-0.0014197212183787444,1.31529,48404.0,0.004569235338465871,1.31913,60931.0,50800.6,1.046090006810943
2025-11-21 00:00:00+00:00,1.3070300000000001,1.31097,1.3038699999999999,1.30949,68050.0,0.001851469316869192,0.0018497574601945904,0.003793750784936304,1.3103960000000001,1.313342,1.3147015,1.3318734,,1.3129951575352625,1.3191235052754597,46.11294462779607,0.3417545956798028,-0.006128347740197215,-0.006399433236912553,0.00027108549671533803,1.329212500944841,1.3147015,1.300190499055159,0.02902200188968207,0.32042934116640925,0.008064999999999973,41.392649903288735,31.382978723404715,0.005421958166920027,0.0018785939564257127,0.0024599999999999067,0.0014799999999999258,0.0031600000000002737,0.0010492456153785579,1.30707,53142.0,-0.006641662165349116,1.3057,53593.0,-0.0006538482007770741,1.31443,55530.0,-0.0014934085344128212,1.3171599999999999,65103.0,51907.7,1.3109808371397693
2025-11-24 00:00:00+00:00,1.3094999999999999,1.31181,1.30804,1.3103099999999999,52632.0,0.0006261979854751409,0.0006260020053272823,0.003752871305503808,1.3094,1.312649,1.3135385,1.3308848,,1.3125820563759913,1.318470653032833,59.68742817743057,-0.24817862770922303,-0.005888596656841605,-0.006297265920898364,0.0004086692640567595,1.3251135826301528,1.3135385,1.301963417369847,0.023150165260305666,0.36054095235614525,0.007395714285714251,45.357833655705655,38.81366860090274,0.002877181735619685,0.0006181743251596778,0.0008099999999999774,0.0015000000000000568,0.0014599999999997948,0.001851469316869192,1.30949,68050.0,0.0010492456153785579,1.30707,53142.0,-0.006641662165349116,1.3057,53593.0,-0.0014197212183787444,1.31529,48404.0,52634.5,0.9999525026361037
2025-11-25 00:00:00+00:00,1.3103799999999999,1.3214000000000001,1.30952,1.31642,55910.0,0.004663018674970099,0.004652180482790311,0.003830668559655781,1.309798,1.312813,1.3129975,1.3299264,,1.3131725092412234,1.3183187528081786,62.25521842048652,0.012915479582146516,-0.005146243566955144,-0.006067061450109721,0.0009208178831545764,1.3227430563423124,1.3129975,1.3032519436576877,0.019491112684624667,0.6755928486678794,0.007928571428571396,70.94064949608045,52.563711018358276,0.009024475471354213,0.00458820133392082,0.006040000000000045,0.0049800000000002065,0.0008599999999998609,0.0006261979854751409,1.3103099999999999,52632.0,0.001851469316869192,1.30949,68050.0,0.0010492456153785579,1.30707,53142.0,-0.0006538482007770741,1.31443,55530.0,53209.1,1.0507601143413439
2025-11-26 00:00:00+00:00,1.3164500000000001,1.32434,1.31242,1.3241800000000001,65782.0,0.005894775223713067,0.005877469013751414,0.0038520181534488275,1.313494,1.313918,1.3132324999999998,1.3291633999999999,,1.3148659693579583,1.318752919266832,61.610855767126644,0.5268591904284845,-0.003886949908873616,-0.0056310391418625,0.0017440892329888841,1.3238260071971926,1.3132324999999998,1.302638992802807,0.021187014394385528,1.0167080078494388,0.008083571428571412,99.22292374939322,71.84046896705978,0.009001797338730499,0.005837574952045805,0.007730000000000015,0.00015999999999993797,0.0040300000000002,0.004663018674970099,1.31642,55910.0,0.0006261979854751409,1.3103099999999999,52632.0,0.001851469316869192,1.30949,68050.0,-0.006641662165349116,1.3057,53593.0,53707.4,1.2248219053612723
2025-11-27 00:00:00+00:00,1.323,1.32687,1.32097,1.32378,42793.0,-0.000302073736199171,-0.0003021193696602331,0.0037656638469154625,1.316836,1.3143829999999999,1.3136665,1.3285345999999998,,1.3162373586875031,1.319125295617437,58.67311679336568,0.6845251677086582,-0.002887936929933943,-0.005082418699476789,0.002194481769542846,1.32524735039147,1.3136665,1.3020856496085302,0.023161700782939665,0.9366475542870859,0.007931428571428574,86.63494809688567,85.59950711411977,0.00445693393162007,0.0005892217740107895,0.0007800000000000029,0.003090000000000037,0.0020299999999999763,0.005894775223713067,1.3241800000000001,65782.0,0.004663018674970099,1.31642,55910.0,0.0006261979854751409,1.3103099999999999,52632.0,0.0010492456153785579,1.30707,53142.0,53192.3,0.8044961394788342
2025-11-28 00:00:00+00:00,1.32367,1.3254299999999999,1.32003,1.32239,122530.0,-0.0010500234177884815,-0.0010505750785824114,0.0037763815345879673,1.319416,1.3149060000000001,1.314048,1.3280492000000002,,1.3171839188894259,1.319367125571701,55.87765350376629,0.7051853205699224,-0.0021832066822751184,-0.004502576296036454,0.002319369613761336,1.3262657120780115,1.314048,1.3018302879219887,0.024435424156022734,0.8413896131589658,0.007899999999999987,80.62283737024207,88.82690307217365,0.0040835154530810495,-0.0009679444036932735,0.0012799999999999478,0.0017599999999999838,0.0023599999999999177,-0.000302073736199171,1.32378,42793.0,0.005894775223713067,1.3241800000000001,65782.0,0.004663018674970099,1.31642,55910.0,0.001851469316869192,1.30949,68050.0,56930.95,2.152256373729931
2025-12-01 00:00:00+00:00,1.32244,1.32757,1.32051,1.32119,67012.0,-0.0009074478784624196,-0.0009078598585409711,0.003778349091779453,1.321592,1.315496,1.314421,1.3274502,,1.3178002390602834,1.3195021533071307,57.532314923619374,0.15616353202490832,-0.0017019142468472914,-0.003942443886198622,0.0022405296393513303,1.3270465278576518,1.314421,1.3017954721423484,0.025251055715303394,0.7680679998617909,0.007915714285714248,73.21578505457664,80.15785684056812,0.005343667451312714,-0.0009461167583768975,0.0012499999999999734,0.005129999999999857,0.0006800000000000139,-0.0010500234177884815,1.32239,122530.0,-0.000302073736199171,1.32378,42793.0,0.005894775223713067,1.3241800000000001,65782.0,0.0006261979854751409,1.3103099999999999,52632.0,58276.7,1.149893525199608
2025-12-02 00:00:00+00:00,1.3213300000000001,1.32218,1.3179400000000001,1.32115,54777.0,-3.0275736268126074e-05,-3.0276194587480023e-05,0.003083289625538505,1.3225380000000002,1.316168,1.3153845,1.3268262,,1.318315586897163,1.319624216025121,59.79482169027841,0.3029244738680313,-0.0013086291279580387,-0.003415680934550505,0.0021070518065924664,1.3268700047777677,1.3153845,1.3038989952222322,0.02297100955553555,0.7509902747661659,0.0077107142857142374,73.04785894206599,75.62882712229488,0.0032093252090979823,-0.0001362449381221428,0.000180000000000069,0.0008499999999997954,0.003209999999999935,-0.0009074478784624196,1.32119,67012.0,-0.0010500234177884815,1.32239,122530.0,-0.000302073736199171,1.32378,42793.0,0.004663018674970099,1.31642,55910.0,58494.6,0.936445415474249
2025-12-03 00:00:00+00:00,1.32115,1.33534,1.31943,1.3351600000000001,56775.0,0.010604397683836142,0.010548565423531615,0.003782033359887446,1.324734,1.3191140000000001,1.3168909999999998,1.3266364,,1.3209070350668302,1.320775014838075,66.37385086823309,1.5106934592371304,0.00013202022875513642,-0.002706140701889377,0.0028381609306445134,1.3303861748102057,1.3168909999999998,1.303395825189794,0.026990349620411802,1.17687155805437,0.008022142857142802,99.43019943019992,81.8979478089475,0.011916174840468459,0.01049312441954528,0.014010000000000078,0.00017999999999984695,0.0017199999999999438,-3.0275736268126074e-05,1.32115,54777.0,-0.0009074478784624196,1.32119,67012.0,-0.0010500234177884815,1.32239,122530.0,0.005894775223713067,1.3241800000000001,65782.0,58791.35,0.9657032879836915
2025-12-04 00:00:00+00:00,1.33493,1.33853,1.3322,1.33266,54730.0,-0.0018724347643729322,-0.00187418996168354,0.0036146535020915075,1.32651,1.321673,1.3178455,1.3266061999999998,,1.322715183518087,1.3216553841093286,65.66289409862571,1.3869129584686875,0.001059799408758444,-0.0019529526797598127,0.0030127520885182566,1.3329554806332424,1.3178455,1.3027355193667576,0.03021996126648485,0.9902223358052357,0.007814999999999952,83.12248418631387,85.2001808528599,0.004749898698842876,-0.00170336019689943,0.0022699999999999942,0.0036000000000000476,0.00045999999999990493,0.010604397683836142,1.3351600000000001,56775.0,-3.0275736268126074e-05,1.32115,54777.0,-0.0009074478784624196,1.32119,67012.0,-0.000302073736199171,1.32378,42793.0,59190.5,0.9246416232334581
2025-12-05 00:00:00+00:00,1.3324799999999999,1.33626,1.33158,1.33298,50903.0,0.00024012126123706956,0.00024009243674117775,0.003602646852003649,1.3286280000000001,1.324022,1.318682,1.3264698,,1.324294386053766,1.3224942445456747,68.45399540997268,2.0893007582139824,0.0018001415080912686,-0.0012023338421895966,0.003002475350280865,1.3352062566199578,1.318682,1.302157743380042,0.03304851323991587,0.9326367088347888,0.007738571428571388,84.04255319148953,88.8650789360011,0.0035109303965551,0.0003750994013414807,0.000500000000000167,0.0032799999999999496,0.0008999999999999009,-0.0018724347643729322,1.33266,54730.0,0.010604397683836142,1.3351600000000001,56775.0,-3.0275736268126074e-05,1.32115,54777.0,-0.0010500234177884815,1.32239,122530.0,59266.55,0.8588824556178822
2025-12-08 00:00:00+00:00,1.33161,1.33467,1.33053,1.33203,48011.0,-0.000712688862548605,-0.0007129429459848013,0.00361506977108697,1.3307959999999999,1.3261939999999999,1.3194215000000002,1.3262505999999998,,1.3254844805070327,1.3232005968015506,68.32569762598908,1.9096146342583102,0.0022838837054821592,-0.0005050903326552455,0.0027889740381374047,1.3369663001293566,1.3194215000000002,1.301876699870644,0.03508960025871266,0.8593229876384568,0.00772285714285711,81.3110983323751,82.82537857005948,0.003108038107249861,0.0003153082137790342,0.00042000000000008697,0.0026399999999999757,0.0010799999999999699,0.00024012126123706956,1.33298,50903.0,-0.0018724347643729322,1.33266,54730.0,0.010604397683836142,1.3351600000000001,56775.0,-0.0009074478784624196,1.32119,67012.0,59132.05,0.8119285565103864
2025-12-09 00:00:00+00:00,1.33209,1.33563,1.32871,1.32969,50739.0,-0.0017567171910543022,-0.0017582620281920535,0.0036112284241371804,1.332504,1.3275210000000002,1.320167,1.3259568,,1.3261314835059506,1.323681293334769,78.8133557530623,1.5425852812927168,0.002450190171181532,8.596576811211002e-05,0.0023642244030694223,1.3381431726504283,1.320167,1.302190827349572,0.035952345300856337,0.7648784083572184,0.0074157142857142555,74.58309373203005,79.97891508529821,0.005204220532605372,-0.001804931976626099,0.0023999999999999577,0.0035400000000000986,0.0009799999999999809,-0.000712688862548605,1.33203,48011.0,0.00024012126123706956,1.33298,50903.0,-0.0018724347643729322,1.33266,54730.0,-3.0275736268126074e-05,1.32115,54777.0,59064.8,0.8590395633270577
2025-12-10 00:00:00+00:00,1.32976,1.33891,1.3289900000000001,1.338,55133.0,0.006249576969068027,0.006230129347137048,0.003796724657963378,1.333072,1.328903,1.3214105,1.3257658,,1.3279574091204196,1.3247419382729344,81.84064237183415,2.113240378231122,0.003215470847485191,0.0007118667839867263,0.0025036040634984647,1.3407277892017841,1.3214105,1.302093210798216,0.03863457840356821,0.9293951347601056,0.007512142857142824,97.40296803652978,84.43238670031162,0.007414050822122518,0.00615844544095667,0.008240000000000025,0.0009099999999999664,0.0007699999999999374,-0.0017567171910543022,1.32969,50739.0,-0.000712688862548605,1.33203,48011.0,0.00024012126123706956,1.33298,50903.0,0.010604397683836142,1.3351600000000001,56775.0,59124.0,0.9324978012313104
2025-12-11 00:00:00+00:00,1.33813,1.34385,1.3354599999999999,1.3385099999999999,55638.0,0.00038116591928227805,0.0003810932940075339,0.0037006138558427536,1.3342420000000002,1.330376,1.3223795,1.32566,,1.3295808846403552,1.3257617946971616,81.09729961423017,1.678035885203806,0.0038190899431935765,0.0013333114158280963,0.0024857785273654804,1.3431078781831902,1.3223795,1.3016511218168099,0.041456756366380354,0.889092186987426,0.007604285714285682,85.08796425579409,85.69134200811796,0.006268163853837566,0.0002838977669198026,0.0003799999999998249,0.005340000000000122,0.0026700000000001722,0.006249576969068027,1.338,55133.0,-0.0017567171910543022,1.32969,50739.0,-0.000712688862548605,1.33203,48011.0,-0.0018724347643729322,1.33266,54730.0,58859.35,0.9452703776035584
2025-12-12 00:00:00+00:00,1.33857,1.34,1.33427,1.33656,49783.0,-0.0014568438039311848,-0.0014579060326586168,0.00369946334084605,1.3349579999999999,1.331793,1.3233495,1.3254398,,1.3306545946956851,1.3265616617566311,77.46390458254851,0.9349182135359115,0.004092932939053995,0.0018852357204732762,0.0022076972185807184,1.3448507229517563,1.3233495,1.3018482770482436,0.043002445903512765,0.8072034560462265,0.007744285714285696,78.76492863384787,87.08528697539059,0.00428712515711978,-0.0015038606572096032,0.0020100000000000673,0.0014300000000000423,0.0022899999999999032,0.00038116591928227805,1.3385099999999999,55638.0,0.006249576969068027,1.338,55133.0,-0.0017567171910543022,1.32969,50739.0,0.00024012126123706956,1.33298,50903.0,58093.35,0.856948342624414
2025-12-15 00:00:00+00:00,1.33708,1.34018,1.33544,1.33759,50577.0,0.0007706350631473402,0.0007703382764134518,0.003664486736169025,1.33607,1.333433,1.3244645,1.3252238,,1.331721580127118,1.3273785757005845,74.78342308592823,1.0432247050114143,0.00434300442653357,0.0023767894616853347,0.001966214964848235,1.346511860959154,1.3244645,1.3024171390408459,0.0440947219183081,0.7976660114631638,0.007234285714285685,80.08272351256787,81.31187213406993,0.0035436867799549686,0.00038128275480529193,0.0005100000000000104,0.00258999999999987,0.0016400000000000858,-0.0014568438039311848,1.33656,49783.0,0.00038116591928227805,1.3385099999999999,55638.0,0.006249576969068027,1.338,55133.0,-0.000712688862548605,1.33203,48011.0,58202.0,0.8689907563313976
2025-12-16 00:00:00+00:00,1.33698,1.34561,1.33548,1.34189,57052.0,0.0032147369522799174,0.0032095807330806726,0.0036831307087981306,1.3385099999999999,1.335507,1.3258375,1.3252182,,1.3332859524152536,1.3284534960190597,72.56050955413986,1.474602802501537,0.004832456396193896,0.002867922848587047,0.001964533547606849,1.348660218944071,1.3258375,1.303014781055929,0.045645437888142126,0.8516780809363246,0.007106428571428529,86.55583664618733,81.80116293086769,0.007549053946299601,0.0036590182503781757,0.00490999999999997,0.0037199999999999456,0.0015000000000000568,0.0007706350631473402,1.33759,50577.0,-0.0014568438039311848,1.33656,49783.0,0.00038116591928227805,1.3385099999999999,55638.0,-0.0017567171910543022,1.32969,50739.0,58278.1,0.9789612221400492
2025-12-17 00:00:00+00:00,1.34206,1.34269,1.33113,1.3374,55125.0,-0.0033460268725454823,-0.0033516373391386245,0.0033828112067151583,1.33839,1.335731,1.3274225,1.3251608,,1.333918882812907,1.329116200017648,65.71296723580977,1.2269242122631745,0.004802682795258972,0.0032548748379214324,0.00154780795733754,1.3487079849233252,1.3274225,1.3061370150766747,0.04257096984665054,0.7343733308388556,0.007510714285714244,70.32887603903112,78.9891453992621,0.008643636907432342,-0.0034843726633767822,0.0046600000000001085,0.0006299999999999084,0.006269999999999998,0.0032147369522799174,1.34189,57052.0,0.0007706350631473402,1.33759,50577.0,-0.0014568438039311848,1.33656,49783.0,0.006249576969068027,1.338,55133.0,58354.7,0.9446539867397142
2025-12-18 00:00:00+00:00,1.33751,1.3446799999999999,1.33407,1.33811,58087.0,0.0005308808135187082,0.0005307399461532764,0.0033860559572012183,1.33831,1.3362760000000002,1.3289745,1.3253206,,1.3345636700724597,1.3297824074237483,68.42475386779174,1.2837300836392433,0.004781262648711371,0.00356015240007942,0.0012211102486319506,1.3484622326865696,1.3289745,1.3094867673134303,0.03897546537313934,0.7343910435074846,0.007882857142857096,72.89483194795771,76.59318154439204,0.007929094020670787,0.0004483936298211163,0.0005999999999999339,0.006569999999999965,0.0034399999999998876,-0.0033460268725454823,1.3374,55125.0,0.0032147369522799174,1.34189,57052.0,0.0007706350631473402,1.33759,50577.0,0.00038116591928227805,1.3385099999999999,55638.0,58601.95,0.9912127497463822
2025-12-19 00:00:00+00:00,1.33782,1.3394,1.33569,1.3372,50607.0,-0.0006800636718954367,-0.0006802950200879666,0.0034068718781578807,1.338438,1.336698,1.33036,1.3253624,1.3349920499999999,1.3349692592920812,1.330331858725693,68.89308472976134,0.15279067677280772,0.004637400566388283,0.003775602033341193,0.0008617985330470904,1.3478530759234384,1.33036,1.3128669240765616,0.03498615184687681,0.6955059255998329,0.007643571428571384,69.6060715576434,70.94325984821074,0.00277445408315875,-0.00046365539934195706,0.0006200000000000649,0.0015799999999999148,0.0015099999999999003,0.0005308808135187082,1.33811,58087.0,-0.0033460268725454823,1.3374,55125.0,0.0032147369522799174,1.34189,57052.0,-0.0014568438039311848,1.33656,49783.0,57729.8,0.8766183149777065
2025-12-22 00:00:00+00:00,1.33534,1.3477700000000001,1.33534,1.34608,51456.0,0.0066407418486389425,0.0066187892565599035,0.0036256408385389838,1.3401359999999998,1.3381029999999998,1.3321485000000002,1.3256205999999997,1.3352301500000001,1.3366786040163763,1.331498387708975,74.34094903339172,1.0070085393123518,0.005180216307401286,0.004056524888153212,0.0011236914192480742,1.348270912350514,1.3321485000000002,1.3160260876494863,0.03224482470102785,0.9320538296973802,0.00822857142857141,94.03669724770576,78.84586691776896,0.009234220848686678,0.007978723404255298,0.010739999999999972,0.0016900000000001913,0.0,-0.0006800636718954367,1.3372,50607.0,0.0005308808135187082,1.33811,58087.0,-0.0033460268725454823,1.3374,55125.0,0.0007706350631473402,1.33759,50577.0,57671.0,0.8922335315843318
2025-12-23 00:00:00+00:00,1.34566,1.35236,1.34422,1.35158,47679.0,0.004085938428622482,0.004077613650849776,0.003600125201800981,1.342074,1.340292,1.3339064999999999,1.3260172,1.3354872500000001,1.3389711264753954,1.332985914545347,69.22716627634638,1.3953697729898387,0.005985211930048306,0.004442262296532232,0.0015429496335160747,1.3504693884780652,1.3339064999999999,1.3173436115219346,0.033125776956130615,1.0335271086141051,0.007673571428571423,96.70190274841435,86.78155718458783,0.0060225809792983295,0.004380058894035074,0.005919999999999925,0.0007800000000000029,0.0014400000000001079,0.0066407418486389425,1.34608,51456.0,-0.0006800636718954367,1.3372,50607.0,0.0005308808135187082,1.33811,58087.0,0.0032147369522799174,1.34189,57052.0,57259.45,0.8326835133763947
2025-12-24 00:00:00+00:00,1.35012,1.35344,1.3481,1.35023,51094.0,-0.000998830997795186,-0.0009993301618909933,0.0034671181855236988,1.34464,1.341515,1.3352089999999999,1.3262175999999999,1.3357374499999997,1.340703260863796,1.3342632542086548,71.14320096269566,1.3663355930421983,0.006440006655141328,0.004841811168254051,0.0015981954868872772,1.3526263886495191,1.3352089999999999,1.3177916113504806,0.0348347772990385,0.9312070053169187,0.007602857142857133,87.01981399110414,92.58613799574141,0.003954881760885109,8.146760181602727e-05,0.0001100000000000545,0.003209999999999935,0.0020199999999999108,0.004085938428622482,1.35158,47679.0,0.0066407418486389425,1.34608,51456.0,-0.0006800636718954367,1.3372,50607.0,-0.0033460268725454823,1.3374,55125.0,56525.05,0.9039178205061296
2025-12-26 00:00:00+00:00,1.35217,1.35275,1.3477299999999999,1.34946,54538.0,-0.0005702732127118582,-0.0005704358803266886,0.0034728528166345645,1.34691,1.34261,1.336493,1.3263382,1.33600095,1.3420504515001352,1.335388939082088,69.61904761904776,1.4868127157457802,0.006661512418047355,0.0052057514182127125,0.0014557609998346425,1.3541474708516739,1.336493,1.318838529148326,0.03530894170334786,0.8672440853352081,0.007627142857142848,83.90618681763087,89.20930118571646,0.003720006521126987,-0.0020082106916840736,0.00270999999999999,0.0005799999999998029,0.0017300000000002314,-0.000998830997795186,1.35023,51094.0,0.004085938428622482,1.35158,47679.0,0.0066407418486389425,1.34608,51456.0,0.0005308808135187082,1.33811,58087.0,57112.3,0.9549256464894602
2025-12-29 00:00:00+00:00,1.34731,1.35151,1.34688,1.35119,57613.0,0.001281994279193066,0.0012811732261757223,0.003440571784334447,1.3497080000000001,1.344073,1.337933,1.3265158,1.3362986500000003,1.34345653588473,1.3365593880389703,72.39364188873307,0.9857997010463239,0.006897147845759566,0.005544030703722084,0.0013531171420374816,1.3554415953026977,1.337933,1.3204244046973024,0.03501719060539532,0.8785854824674959,0.00766214285714284,90.90173877881078,87.2759131958486,0.0034266091371309084,0.0028715428622176626,0.0038799999999998835,0.000320000000000098,0.00042999999999993044,-0.0005702732127118582,1.34946,54538.0,-0.000998830997795186,1.35023,51094.0,0.004085938428622482,1.35158,47679.0,-0.0006800636718954367,1.3372,50607.0,53866.45,1.0695525693636763
2025-12-30 00:00:00+00:00,1.35057,1.35309,1.3449499999999999,1.34666,47218.0,-0.0033526003004757943,-0.003358232857528313,0.0035565283047983335,1.349824,1.34498,1.3392065,1.3266425999999998,1.3365721,1.3439493765178483,1.3373075815175652,68.86813431176353,0.6088860001046016,0.006641795000283057,0.005763583563034279,0.0008782114372487783,1.3552295968489716,1.3392065,1.3231834031510283,0.03204619369794326,0.7325861245879685,0.007749285714285696,72.26993865030656,82.35928808224939,0.006044584379130617,-0.002903479720196694,0.00391000000000008,0.0025199999999998557,0.0017100000000001003,0.001281994279193066,1.35119,57613.0,-0.0005702732127118582,1.34946,54538.0,-0.000998830997795186,1.35023,51094.0,0.0066407418486389425,1.34608,51456.0,52876.75,0.8929822653623757
2025-12-31 00:00:00+00:00,1.34646,1.3483,1.34021,1.3471600000000001,50662.0,0.0003712889667772945,0.00037122005608552795,0.0035517668619491263,1.34894,1.345507,1.3405070000000001,1.3268476,1.3368364499999998,1.3444433185920255,1.338037390294042,62.325080731970054,0.7930807445980851,0.006405928297983587,0.005892052510024141,0.0005138757879594464,1.3544460267726397,1.3405070000000001,1.3265679732273605,0.02787805354527917,0.7386465033935854,0.007618571428571427,71.85118780815856,78.34095507909196,0.006005225808367345,0.0005196116274237246,0.000700000000000145,0.0011399999999999189,0.006250000000000089,-0.0033526003004757943,1.34666,47218.0,0.001281994279193066,1.35119,57613.0,-0.0005702732127118582,1.34946,54538.0,0.004085938428622482,1.35158,47679.0,52671.0,0.9618575686810579
2026-01-02 00:00:00+00:00,1.34637,1.35019,1.3434300000000001,1.34564,48019.0,-0.0011282995338343094,-0.0011289365429564785,0.0027591791869824057,1.3480219999999998,1.346331,1.341031,1.3270520000000001,1.33712795,1.3446274234240214,1.3386005465685573,59.33979565103494,0.6018286619965677,0.006026876855464103,0.0059190173791121336,0.00010785947635196923,1.3549114973367573,1.341031,1.3271505026632429,0.02776099467351445,0.666024310519288,0.007502142857142838,65.0380995069475,69.71974198847086,0.005023631877768109,-0.0005424927915342287,0.0007300000000001194,0.0038199999999999346,0.0022099999999998232,0.0003712889667772945,1.3471600000000001,50662.0,-0.0033526003004757943,1.34666,47218.0,0.001281994279193066,1.35119,57613.0,-0.000998830997795186,1.35023,51094.0,52233.2,0.9193195132597659
2026-01-05 00:00:00+00:00,1.34451,1.3547799999999999,1.34135,1.35405,58178.0,0.006249814214797533,0.00623036511936192,0.00299555479151362,1.34894,1.3479249999999998,1.3421005000000001,1.327484,1.3374251000000001,1.3460770505895567,1.339744950526442,69.59444319964143,0.9061845605824582,0.006332100063114687,0.0060016339159126445,0.00033046614720204284,1.3565498168295957,1.3421005000000001,1.3276511831704045,0.02889863365919121,0.9134970580589818,0.008052142857142825,96.91331923890107,77.93420218466903,0.009918392969240302,0.0070455300764372675,0.009539999999999882,0.0007299999999998974,0.0031600000000000517,-0.0011282995338343094,1.34564,48019.0,0.0003712889667772945,1.3471600000000001,50662.0,-0.0033526003004757943,1.34666,47218.0,-0.0005702732127118582,1.34946,54538.0,52405.6,1.1101485337444854
2026-01-06 00:00:00+00:00,1.35391,1.35679,1.34916,1.35007,55232.0,-0.002939330157675002,-0.002943658472207308,0.003109086243471651,1.348716,1.349212,1.3429550000000001,1.327867,1.3377068499999998,1.3466913504988558,1.3405097690059649,63.11475409836072,0.947360550321533,0.006181581492890942,0.006037623431308305,0.000143958061582637,1.3571524356468798,1.3429550000000001,1.3287575643531204,0.028394871293759394,0.7505734196289071,0.008258571428571402,73.81137957911211,78.58759944165355,0.005651558808061822,-0.0028442969623796123,0.0038399999999998435,0.0028799999999999937,0.0009100000000001884,0.006249814214797533,1.35405,58178.0,-0.0011282995338343094,1.34564,48019.0,0.0003712889667772945,1.3471600000000001,50662.0,0.001281994279193066,1.35119,57613.0,52622.05,1.0495980297232814
2026-01-07 00:00:00+00:00,1.34993,1.35172,1.34554,1.34558,56237.0,-0.0033257534794493004,-0.0033312960898681347,0.003221858958659312,1.3485,1.349162,1.3436325,1.3281072,1.3379766500000003,1.3465203734990316,1.3408853416721895,53.86225664643077,0.5582500691273579,0.005635031826842107,0.005957105110415065,-0.00032207328357295763,1.3568974040308357,1.3436325,1.3303675959691643,0.02652980806167138,0.5734079943387762,0.007976428571428551,56.31332813717874,75.6793423183973,0.004592814994277616,-0.0032328066707294073,0.004350000000000076,0.0017899999999999583,4.0000000000040004e-05,-0.002939330157675002,1.35007,55232.0,0.006249814214797533,1.35405,58178.0,-0.0011282995338343094,1.34564,48019.0,-0.0033526003004757943,1.34666,47218.0,53033.35,1.0604082148308565
2026-01-08 00:00:00+00:00,1.3456000000000001,1.34656,1.3415599999999999,1.34391,52880.0,-0.0012411004919812285,-0.0012418712950255225,0.003204774766683478,1.34785,1.348395,1.3443435,1.3284405999999997,1.33823595,1.3461187775761037,1.3411093904372127,57.24137931034483,0.5017947950942263,0.005009387138890986,0.00576756151611025,-0.000758174377219264,1.3558726142216888,1.3443435,1.332814385778311,0.023058228443377793,0.48119976991881724,0.0075078571428571295,43.30985915492919,57.81152229040668,0.0037204872350083827,-0.0012575246854329468,0.0016900000000001913,0.0009599999999998499,0.0023500000000000743,-0.0033257534794493004,1.34558,56237.0,-0.002939330157675002,1.35007,55232.0,0.006249814214797533,1.35405,58178.0,0.0003712889667772945,1.3471600000000001,50662.0,53140.4,0.9950997734303844
2026-01-09 00:00:00+00:00,1.34328,1.34504,1.33922,1.33991,62806.0,-0.002976389788006628,-0.0029808280449345782,0.0029964305660119695,1.3467040000000001,1.347363,1.344439,1.3288491999999998,1.3384364,1.345163581025934,1.341020546701123,51.86567164179107,-0.4583680019018193,0.004143034324811001,0.0054426560778504,-0.001299621753039399,1.3557769268503137,1.344439,1.3331010731496862,0.022675853700627524,0.3002721282385646,0.007165714285714283,21.305361305361163,40.309516199156356,0.004343575314759899,-0.0025150942973782534,0.003370000000000095,0.0017599999999999838,0.0006899999999998574,-0.0012411004919812285,1.34391,52880.0,-0.0033257534794493004,1.34558,56237.0,-0.002939330157675002,1.35007,55232.0,-0.0011282995338343094,1.34564,48019.0,53524.05,1.173416436162809
2026-01-12 00:00:00+00:00,1.33939,1.34859,1.33903,1.34637,57746.0,0.00482121933562718,0.004809634478190186,0.0031791698308959427,1.345168,1.347054,1.3448319999999998,1.3294745999999997,1.3386196000000001,1.345349183945021,1.3414168025010396,58.5238891987359,-0.38547477766761395,0.0039323814439813365,0.005140601151076588,-0.0012082197070952512,1.3558448395879255,1.3448319999999998,1.3338191604120742,0.022025679175851298,0.5698275856885497,0.007583571428571435,51.42191142191194,38.67904396073409,0.007100574136381539,0.005184310405014956,0.006979999999999986,0.0022199999999998887,0.000360000000000138,-0.002976389788006628,1.33991,62806.0,-0.0012411004919812285,1.34391,52880.0,-0.0033257534794493004,1.34558,56237.0,0.006249814214797533,1.35405,58178.0,53629.45,1.0767591314100742
2026-01-13 00:00:00+00:00,1.34622,1.34949,1.3419699999999999,1.34212,60220.0,-0.003156635991592327,-0.003161628676478394,0.0032504611770481024,1.343578,1.346147,1.34511,1.3300218000000001,1.33888105,1.3448523864150177,1.3414688912046664,45.97233523189591,-0.6006384097524171,0.003383495210351306,0.0047891799629315316,-0.0014056847525802255,1.3555071230838611,1.34511,1.334712876916139,0.020794246167722186,0.35621022393005675,0.007232857142857152,17.39864864864886,30.041973791973984,0.005603075730933295,-0.0030548684171311006,0.0040999999999999925,0.003270000000000106,0.0001500000000000945,0.00482121933562718,1.34637,57746.0,-0.002976389788006628,1.33991,62806.0,-0.0012411004919812285,1.34391,52880.0,-0.002939330157675002,1.35007,55232.0,54151.3,1.112069331668861
2026-01-14 00:00:00+00:00,1.34209,1.34644,1.34186,1.34462,58599.0,0.0018627246445921397,0.0018609919244280484,0.003269446602110916,1.343386,1.345943,1.3454615,1.3306395999999998,1.3392475000000001,1.3448166346588613,1.3417023066709872,42.46100519930671,-0.3586619833118564,0.0031143279878740326,0.004454209567920032,-0.0013398815800459993,1.355245422956614,1.3454615,1.3356775770433862,0.0195678459132278,0.4569957774743458,0.006978571428571437,31.475225225225138,33.43192843192864,0.00340616679805449,0.0018815724888815587,0.002529999999999921,0.0018200000000001548,0.00022999999999995246,-0.003156635991592327,1.34212,60220.0,0.00482121933562718,1.34637,57746.0,-0.002976389788006628,1.33991,62806.0,-0.0033257534794493004,1.34558,56237.0,54552.4,1.074178221306487
2026-01-15 00:00:00+00:00,1.34372,1.34453,1.33627,1.3379699999999999,56164.0,-0.004945635198048581,-0.00495790532423402,0.003389243528253454,1.342198,1.345024,1.3452654999999998,1.3313613999999998,1.3395559,1.3437633062498056,1.3414258395101735,38.087835211814905,-0.9783968205803781,0.002337466739632088,0.004030861002262444,-0.0016933942626303558,1.3554974735710075,1.3452654999999998,1.335033526428992,0.020463947142015382,0.14349497438736028,0.007193571428571434,8.284600389862687,19.052824754578886,0.006173531544055498,-0.0042975552516126255,0.005750000000000144,0.0008099999999999774,0.0016999999999998128,0.0018627246445921397,1.34462,58599.0,-0.003156635991592327,1.34212,60220.0,0.00482121933562718,1.34637,57746.0,-0.0012411004919812285,1.34391,52880.0,54508.0,1.0303808615249137
2026-01-16 00:00:00+00:00,1.33765,1.34132,1.3366500000000001,1.33755,51624.0,-0.00031390838359590667,-0.0003139576631456649,0.0033050946677736963,1.341726,1.344215,1.345273,1.3320117999999999,1.33983755,1.3428074129806047,1.3411387402871977,38.348659753472866,-0.6764884974678057,0.0016686726934069807,0.003558423340491351,-0.0018897506470843704,1.355480889827812,1.345273,1.335065110172188,0.02041577965562391,0.1217141774513383,0.007168571428571429,6.237816764132338,15.332547459740047,0.0034914582632424597,-7.476356024073042e-05,9.999999999998899e-05,0.003670000000000062,0.0008999999999999009,-0.004945635198048581,1.3379699999999999,56164.0,0.0018627246445921397,1.34462,58599.0,-0.003156635991592327,1.34212,60220.0,-0.002976389788006628,1.33991,62806.0,54332.95,0.950141672778673
2026-01-19 00:00:00+00:00,1.33434,1.34352,1.33385,1.34247,44403.0,0.003678367163844287,0.0036716185156226593,0.00340459955645278,1.340946,1.343057,1.345491,1.3325897999999998,1.3400687,1.3427555032912808,1.3412373521177756,41.970534069981795,-0.3481397903738296,0.0015181511735051778,0.0031503689070941166,-0.0016322177335889388,1.3552302594552534,1.345491,1.3357517405447465,0.019478518910506892,0.34490607248529637,0.00752857142857144,37.576285963383114,17.36623437245937,0.007203140479861797,0.0060560012514245904,0.00812999999999997,0.0010499999999999954,0.0004900000000001015,-0.00031390838359590667,1.33755,51624.0,-0.004945635198048581,1.3379699999999999,56164.0,0.0018627246445921397,1.34462,58599.0,0.00482121933562718,1.34637,57746.0,53648.75,0.8276614087001095
2026-01-20 00:00:00+00:00,1.34213,1.34914,1.34081,1.3442,63435.0,0.0012886693929845539,0.0012878397712446212,0.0034072439374841623,1.341362,1.34247,1.345841,1.3331487999999998,1.3402490500000002,1.3429777335541608,1.3414568075164588,47.611650485437,-0.10701227668617802,0.0015209260377020417,0.002824480333215702,-0.0013035542955136602,1.3547973688600792,1.345841,1.336884631139921,0.017912737720158223,0.4083892129926464,0.007542142857142863,45.117698343505225,29.64393369034022,0.006196994494866797,0.00153994941228985,0.0020700000000000163,0.0049399999999999444,0.0013199999999999878,0.003678367163844287,1.34247,44403.0,-0.00031390838359590667,1.33755,51624.0,-0.004945635198048581,1.3379699999999999,56164.0,-0.003156635991592327,1.34212,60220.0,54290.15,1.16844399951004
2026-01-21 00:00:00+00:00,1.3440699999999999,1.34595,1.3401,1.3429,61164.0,-0.0009671179883946612,-0.0009675859487359708,0.003065730045340484,1.341018,1.342202,1.345682,1.333662,1.3403698,1.3429657745458283,1.3415637106633878,45.92734225621404,-0.8234555592481809,0.001402063882440574,0.0025399970430606766,-0.0011379331606201025,1.3547329123704046,1.345682,1.3366310876295955,0.018101824740809125,0.3463138363212486,0.007382142857142845,39.450741063644365,40.71490845684423,0.004356243949661115,-0.0008712487899321568,0.0011699999999998933,0.0018800000000001038,0.0027999999999999137,0.0012886693929845539,1.3442,63435.0,0.003678367163844287,1.34247,44403.0,-0.00031390838359590667,1.33755,51624.0,0.0018627246445921397,1.34462,58599.0,54775.55,1.1166295911223163
2026-01-22 00:00:00+00:00,1.34253,1.35062,1.3401399999999999,1.34995,57133.0,0.005249832452155712,0.005236100122420435,0.003159266361003777,1.3434139999999999,1.342806,1.3456005000000002,1.3343654,1.3405067499999999,1.3440402707695471,1.3421849172809146,53.72643956424003,-0.008888428007445541,0.0018553534886325274,0.0024030683321750465,-0.0005477148435425192,1.3544550188582118,1.3456005000000002,1.3367459811417886,0.017709037716423293,0.7456090539558835,0.007647857142857143,70.1830863121187,51.583841906422755,0.00776325049075895,0.005496499870365556,0.007419999999999982,0.0006699999999999484,0.0023900000000001143,-0.0009671179883946612,1.3429,61164.0,0.0012886693929845539,1.3442,63435.0,0.003678367163844287,1.34247,44403.0,-0.004945635198048581,1.3379699999999999,56164.0,55248.25,1.0341142027123031
2026-01-23 00:00:00+00:00,1.34934,1.3645,1.34764,1.36423,61485.0,0.01057816956183566,0.010522612179696056,0.003941174669284989,1.34875,1.345238,1.3463005000000001,1.3353874,1.3407063,1.3471463829588475,1.3438178863712174,57.99058084772373,1.3860194117035074,0.0033284965876301253,0.0025881539832660625,0.0007403426043640629,1.3583376171141994,1.3463005000000001,1.3342633828858008,0.024074234228398605,1.2447588915974663,0.007892857142857162,99.11908646003265,69.5843046119319,0.012358619880811958,0.010914581852033799,0.01489000000000007,0.00026999999999999247,0.0017000000000000348,0.005249832452155712,1.34995,57133.0,-0.0009671179883946612,1.3429,61164.0,0.0012886693929845539,1.3442,63435.0,-0.00031390838359590667,1.33755,51624.0,55767.8,1.1025179404602656
2026-01-26 00:00:00+00:00,1.36608,1.37134,1.36426,1.36768,67304.0,0.0025288990859311244,0.002525706801481851,0.003956812103974654,1.3537919999999999,1.347369,1.3472115,1.3363584,1.3409133,1.3503054009651787,1.3455854503437197,63.938578439132336,1.7687196315229494,0.004719950621459024,0.003014513310904655,0.0017054373105543689,1.3625582984317628,1.3472115,1.3318647015682372,0.030693596863525574,1.1668654733106087,0.0078557142857143,90.23739663910378,86.5131898037517,0.005176649508656978,0.0011698642957417274,0.0016000000000000458,0.0036599999999999966,0.0018199999999999328,0.01057816956183566,1.36423,61485.0,0.005249832452155712,1.34995,57133.0,-0.0009671179883946612,1.3429,61164.0,0.003678367163844287,1.34247,44403.0,56406.1,1.1932042810972572
2026-01-27 00:00:00+00:00,1.36767,1.38702,1.36634,1.38456,74468.0,0.012342068320074784,0.01226652592601548,0.004740839607254878,1.3618640000000002,1.351613,1.34888,1.3377063999999999,1.341191,1.3555753392782282,1.3484724540219626,75.79407093700361,3.3323133643304463,0.0071028852562655675,0.0038321876999768377,0.00327069755628873,1.3715545588943316,1.34888,1.3262054411056685,0.04534911778866313,1.2867848756457974,0.008891428571428566,95.37333082565374,94.90993797493006,0.014936153001675485,0.012198821286184833,0.01689000000000007,0.0024599999999999067,0.0013299999999998313,0.0025288990859311244,1.36768,67304.0,0.01057816956183566,1.36423,61485.0,0.005249832452155712,1.34995,57133.0,0.0012886693929845539,1.3442,63435.0,57248.85,1.3007772208524713
2026-01-28 00:00:00+00:00,1.38464,1.3847800000000001,1.37493,1.38056,83195.0,-0.002889004449066812,-0.002893185677420156,0.004718327892039132,1.369396,1.355207,1.350575,1.3390117999999998,1.3414069,1.3594191332354237,1.350849309279595,73.52676851970725,2.5394208130008793,0.008569823955828726,0.004779714951147216,0.0037901090046815102,1.377263762468596,1.350575,1.3238862375314042,0.05337752493719172,1.0617532854002258,0.00923785714285714,87.85029151777333,91.15367299417694,0.007134785883989205,-0.002955322477835142,0.0040800000000000836,0.000140000000000029,0.005630000000000024,0.012342068320074784,1.38456,74468.0,0.0025288990859311244,1.36768,67304.0,0.01057816956183566,1.36423,61485.0,-0.0009671179883946612,1.3429,61164.0,59047.7,1.4089456490261265
2026-01-29 00:00:00+00:00,1.3805,1.38482,1.37422,1.3808,86661.0,0.00017384249869611956,0.00017382738983995861,0.004720478965356588,1.375566,1.3594899999999999,1.352257,1.3403391999999998,1.3416473,1.3627084973530508,1.3530678789625878,77.57992715499795,2.8820075701129593,0.00964061839046293,0.0057518956390103584,0.003888722751452571,1.3820940438072835,1.352257,1.3224199561927166,0.05967408761456694,0.9783148120229056,0.00957928571428571,88.3016738762462,90.50843207322441,0.007676709154113516,0.0002172653534182843,0.00029999999999996696,0.0040199999999999125,0.006280000000000063,-0.002889004449066812,1.38056,83195.0,0.012342068320074784,1.38456,74468.0,0.0025288990859311244,1.36768,67304.0,0.005249832452155712,1.34995,57133.0,60847.65,1.424229201949459
2026-01-30 00:00:00+00:00,1.38028,1.38145,1.3678,1.36817,94076.0,-0.009146871378910681,-0.00918896086157296,0.005244101469059275,1.376354,1.362552,1.3533835,1.3415886000000001,1.34186395,1.3635487285295045,1.3541865545949887,63.57409713574099,1.7514241941961433,0.009362173934515772,0.006473951298111441,0.0028882226364043305,1.3838629752510407,1.3533835,1.3229040247489594,0.06095895050208133,0.7425648715769012,0.009871428571428578,64.54767726161401,80.2332142185445,0.009976830364647785,-0.008851239246584739,0.012109999999999843,0.0011700000000001154,0.0003700000000002035,0.00017384249869611956,1.3808,86661.0,-0.002889004449066812,1.38056,83195.0,0.012342068320074784,1.38456,74468.0,0.01057816956183566,1.36423,61485.0,63150.5,1.489711087006437
2026-02-02 00:00:00+00:00,1.36799,1.37154,1.36228,1.36679,93299.0,-0.0010086465863161642,-0.0010091556125980748,0.0050994360094651,1.376176,1.364984,1.3540205,1.342783,1.34202935,1.3640473856788116,1.355120143143508,65.93051788712381,2.1540094321995316,0.008927242535303526,0.006964609545549859,0.001962632989753667,1.3850855153371053,1.3540205,1.3229554846628948,0.062130030674210524,0.7055286286105176,0.009995714285714283,61.952228700394976,71.60052661275172,0.006774998353807129,-0.0008779695490895382,0.0012000000000000899,0.003549999999999942,0.004510000000000014,-0.009146871378910681,1.36817,94076.0,0.00017384249869611956,1.3808,86661.0,-0.002889004449066812,1.38056,83195.0,0.0025288990859311244,1.36768,67304.0,64906.55,1.43743582119216
2026-02-03 00:00:00+00:00,1.36628,1.3707500000000001,1.36503,1.3697300000000001,72003.0,0.002151025395269235,0.0021487152523346244,0.005046514198172786,1.3732099999999998,1.367537,1.3550035,1.3439877999999998,1.34222435,1.3649216340359176,1.3562023547625075,66.12302555541291,2.4058913685469774,0.008719279273410097,0.007315543491121907,0.0014037357822881897,1.386778277335753,1.3550035,1.323228722664247,0.06354955467150614,0.7317325444076328,0.010077142857142864,67.48166259168737,64.6605228512321,0.004176005490133215,0.002518744570097884,0.003450000000000175,0.0010200000000000209,0.0012499999999999734,-0.0010086465863161642,1.36679,93299.0,-0.009146871378910681,1.36817,94076.0,0.00017384249869611956,1.3808,86661.0,0.012342068320074784,1.38456,74468.0,65745.1,1.0951842798931022
2026-02-04 00:00:00+00:00,1.3691900000000001,1.37334,1.36423,1.3651900000000001,67617.0,-0.003314521840070639,-0.0033200270356781485,0.005046039109947142,1.370136,1.369766,1.3559839999999999,1.3450853999999999,1.3423316,1.3649629211073149,1.3568681062615808,67.96462513199586,1.6924028097462196,0.008094814845734044,0.007471397762044334,0.0006234170836897099,1.3877446445645822,1.3559839999999999,1.3242233554354175,0.06352128912916477,0.6449277891901832,0.010131428571428585,58.94301297724315,62.79230142310848,0.006673063822618061,-0.0029299950922582227,0.0040000000000000036,0.004149999999999876,0.0009600000000000719,0.002151025395269235,1.3697300000000001,72003.0,-0.0010086465863161642,1.36679,93299.0,-0.009146871378910681,1.36817,94076.0,-0.002889004449066812,1.38056,83195.0,66314.1,1.0196474053029445
2026-02-05 00:00:00+00:00,1.36559,1.36622,1.35172,1.3529900000000001,77015.0,-0.008936485031387553,-0.008976654911175053,0.005479487768008976,1.364574,1.3700700000000001,1.356438,1.3458168000000001,1.3423972,1.363120933244651,1.3565808391310934,58.81882567968931,0.6539205475375744,0.006540094113557604,0.0072851370323469885,-0.0007450429187893844,1.3877280465761348,1.356438,1.3251479534238653,0.06258009315226953,0.4449026067824757,0.010833571428571442,35.99774308820797,54.14080621904615,0.010717004560270183,-0.009312707410993387,0.012599999999999945,0.0006299999999999084,0.0012700000000001044,-0.003314521840070639,1.3651900000000001,67617.0,0.002151025395269235,1.3697300000000001,72003.0,-0.0010086465863161642,1.36679,93299.0,0.00017384249869611956,1.3808,86661.0,67520.85,1.1406106410094066
2026-02-06 00:00:00+00:00,1.35337,1.36235,1.3508,1.36093,58975.0,0.005868483876451336,0.00585133139825983,0.005553239009963103,1.363126,1.36974,1.357489,1.3465518,1.3425392,1.3627838665916276,1.3569029991954569,60.192137809187216,1.3426167249981378,0.005880867396170775,0.007004283105111746,-0.001123415708940971,1.387839512282156,1.357489,1.3271384877178438,0.060701024564312256,0.5566876757797443,0.010967857142857149,44.39471440750207,46.44515682431771,0.008486843555509799,0.005555024872697355,0.007560000000000011,0.0014199999999999768,0.002569999999999961,-0.008936485031387553,1.3529900000000001,77015.0,-0.003314521840070639,1.3651900000000001,67617.0,0.002151025395269235,1.3697300000000001,72003.0,-0.009146871378910681,1.36817,94076.0,67329.3,0.8759188050373314
2026-02-09 00:00:00+00:00,1.35908,1.37003,1.35863,1.36937,68435.0,0.006201641524545609,0.006182490483555188,0.005614182054430518,1.363642,1.369909,1.358639,1.3474636000000002,1.34275165,1.3637971178852233,1.3578264807365341,62.93821322093135,1.4385717989555162,0.005970637148689173,0.006797553913827231,-0.0008269167651380584,1.3889585458235638,1.358639,1.328319454176436,0.060639091647127774,0.6769650518917087,0.011187142857142871,62.38277919863598,47.591745564782,0.008324996166120242,0.007514404434155787,0.01028999999999991,0.000660000000000105,0.00045000000000006146,0.005868483876451336,1.36093,58975.0,-0.008936485031387553,1.3529900000000001,77015.0,-0.003314521840070639,1.3651900000000001,67617.0,-0.0010086465863161642,1.36679,93299.0,67863.75,1.00841760144407
2026-02-10 00:00:00+00:00,1.36857,1.36971,1.36372,1.36407,60918.0,-0.003870392954424373,-0.003877902307595966,0.005643266819798235,1.3625099999999999,1.36786,1.3597365,1.3482971999999998,1.3429391999999998,1.363839099749035,1.3582889636449391,60.45225634442573,-0.011728227644910315,0.005550136104095937,0.006548070351880974,-0.0009979342477850362,1.3891127663064091,1.3597365,1.3303602336935907,0.05875253261281843,0.5737585225229,0.011197142857142874,51.04522184300339,52.60757181638047,0.004391270242729435,-0.0032989509336032396,0.0045000000000001705,0.0011399999999999189,0.00034999999999985043,0.006201641524545609,1.36937,68435.0,0.005868483876451336,1.36093,58975.0,-0.008936485031387553,1.3529900000000001,77015.0,0.002151025395269235,1.3697300000000001,72003.0,67898.65,0.8971901503196309
2026-02-11 00:00:00+00:00,1.36497,1.37124,1.36094,1.36279,66186.0,-0.0009383682655581538,-0.0009388088086750723,0.0056509512908971766,1.3620299999999999,1.3660830000000002,1.360645,1.3491292000000001,1.3431082,1.363677699787645,1.358622373745314,56.722513089005204,-0.3575397753860597,0.005055326042330943,0.006249521489970968,-0.0011941954476400252,1.3891642149445325,1.360645,1.3321257850554677,0.05703842988906471,0.5376062245081378,0.011184285714285726,38.471305231081786,50.633102090907045,0.007558024347111423,-0.001599659522010046,0.0021800000000000708,0.006269999999999998,0.0018499999999999073,-0.003870392954424373,1.36407,60918.0,0.006201641524545609,1.36937,68435.0,0.005868483876451336,1.36093,58975.0,-0.003314521840070639,1.3651900000000001,67617.0,68278.0,0.9693605553765489
2026-02-12 00:00:00+00:00,1.36225,1.36716,1.36042,1.36216,64510.0,-0.000462286926085409,-0.00046239381362950255,0.00550275281404059,1.363864,1.3642189999999998,1.3618545000000002,1.3499494,1.3432377500000001,1.3634442075126227,1.35888442013455,48.73549175320708,-1.617842491477435,0.004559787378072722,0.00591157466759132,-0.0013517872895185985,1.3883011632856996,1.3618545000000002,1.3354078367143007,0.05289332657139889,0.5057757758833237,0.010461428571428575,31.36388735505263,40.29347147637926,0.004948023727021766,-6.60715334468223e-05,8.999999999992347e-05,0.00490999999999997,0.0017400000000000748,-0.0009383682655581538,1.36279,66186.0,-0.003870392954424373,1.36407,60918.0,0.006201641524545609,1.36937,68435.0,-0.008936485031387553,1.3529900000000001,77015.0,68695.3,0.9390744344955185
2026-02-13 00:00:00+00:00,1.36143,1.36594,1.3590200000000001,1.3646099999999999,60997.0,0.0017986139660537415,0.0017969983968544397,0.005498282975089363,1.3645999999999998,1.3638629999999998,1.3632075000000001,1.3505384,1.3434159499999998,1.3636235602029885,1.3593085371616205,48.101422387136594,-1.1553282725850476,0.0043150230413679935,0.005592264342346655,-0.0012772413009786614,1.3870603178849465,1.3632075000000001,1.3393546821150537,0.04770563576989284,0.5293990422172483,0.010447857142857135,38.128106018773906,35.9877662016361,0.005071045939865467,0.002330336139996014,0.0031799999999999606,0.0013300000000000534,0.002409999999999801,-0.000462286926085409,1.36216,64510.0,-0.0009383682655581538,1.36279,66186.0,-0.003870392954424373,1.36407,60918.0,0.005868483876451336,1.36093,58975.0,69163.95,0.8819189765766704
2026-02-16 00:00:00+00:00,1.36348,1.36622,1.36237,1.3627799999999999,38378.0,-0.0013410424956581402,-0.0013419424978631737,0.0054849166138113735,1.3632819999999999,1.363462,1.364223,1.3511408,1.3436088499999999,1.363493781710221,1.3595656825570561,33.44984802431597,-1.3050405561993155,0.003928099153164943,0.005259431304510313,-0.0013313321513453696,1.3859972456271477,1.364223,1.3424487543728523,0.043548491254295385,0.466864523696725,0.009245714285714286,35.21457965902381,34.90219101095011,0.002825107500843797,-0.0005136559092444452,0.000700000000000145,0.0027399999999999647,0.0004099999999997994,0.0017986139660537415,1.3646099999999999,60997.0,-0.000462286926085409,1.36216,64510.0,-0.0009383682655581538,1.36279,66186.0,0.006201641524545609,1.36937,68435.0,68862.7,0.5573118683990027
2026-02-17 00:00:00+00:00,1.36306,1.36326,1.34954,1.35659,61258.0,-0.0045421858260320525,-0.0045525328961699115,0.005609192351522649,1.361786,1.362148,1.3648425,1.3516130000000002,1.34374235,1.3624316614471101,1.3593452616269037,32.37240770701564,-0.8463860485173731,0.0030863998202064202,0.004824825007649535,-0.0017384251874431149,1.3848515820168659,1.3648425,1.344833417983134,0.04001816403373182,0.29378114415634216,0.009522142857142844,19.982993197278926,31.10855962502554,0.010113593642883962,-0.004769311287861459,0.006469999999999976,0.00019999999999997797,0.007050000000000001,-0.0013410424956581402,1.3627799999999999,38378.0,0.0017986139660537415,1.3646099999999999,60997.0,-0.000462286926085409,1.36216,64510.0,-0.003870392954424373,1.36407,60918.0,68753.85,0.8909755599140993
2026-02-18 00:00:00+00:00,1.3551,1.35823,1.34903,1.34911,56243.0,-0.0055138251055956156,-0.00552908234893651,0.005760753617403855,1.35905,1.3605399999999999,1.3651529999999998,1.3519546,1.3439007,1.3603821750706315,1.358587094098985,28.93792370065124,-1.29354180232515,0.00179508097164649,0.004218876200448926,-0.0024237952288024365,1.3838800478185902,1.3651529999999998,1.3464259521814095,0.03745409563718072,0.07166233152686496,0.009422142857142855,0.24676125848266417,18.48144470492846,0.006819310508409319,-0.004439964124496846,0.00598999999999994,0.003130000000000077,8.000000000008001e-05,-0.0045421858260320525,1.35659,61258.0,-0.0013410424956581402,1.3627799999999999,38378.0,0.0017986139660537415,1.3646099999999999,60997.0,-0.0009383682655581538,1.36279,66186.0,68507.8,0.820972210463626
2026-02-19 00:00:00+00:00,1.3496000000000001,1.35169,1.34338,1.34636,57007.0,-0.0020383808584919505,-0.00204046118423226,0.005657180051228581,1.35589,1.3598769999999998,1.3649735,1.3522880000000002,1.3439809500000002,1.3582249173674574,1.3576813834249863,33.31293037490423,-1.7061756696575319,0.0005435339424710861,0.0034838077488533585,-0.0029402738063822723,1.3843709347462911,1.3649735,1.345576065253709,0.03879486949258215,0.02020717575660124,0.009040714285714275,9.946595460614098,10.058783305458553,0.006172197629163106,-0.0024064886063163878,0.0032400000000001317,0.0020899999999999253,0.0029799999999999827,-0.0055138251055956156,1.34911,56243.0,-0.0045421858260320525,1.35659,61258.0,-0.0013410424956581402,1.3627799999999999,38378.0,-0.000462286926085409,1.36216,64510.0,68501.5,0.8322007547279987
2026-02-20 00:00:00+00:00,1.34618,1.3514599999999999,1.3434300000000001,1.34782,70626.0,0.0010844053596363867,0.0010838178168623763,0.005081451768075454,1.352532,1.358566,1.364153,1.3524843999999998,1.3440933000000002,1.356624160849387,1.356950910578691,35.503591624637,-1.27235036881314,-0.00032674972930402113,0.0027216962532218827,-0.003048445982525904,1.3850157727884103,1.364153,1.3432902272115896,0.04172554557682062,0.10856113984347181,0.008952857142857111,14.819759679572769,8.337705466223168,0.005957768841536525,0.0012167796886825286,0.0016400000000000858,0.0036399999999998656,0.002749999999999808,-0.0020383808584919505,1.34636,57007.0,-0.0055138251055956156,1.34911,56243.0,-0.0045421858260320525,1.35659,61258.0,0.0017986139660537415,1.3646099999999999,60997.0,68958.55,1.0241804678317628
2026-02-23 00:00:00+00:00,1.3484,1.35351,1.34748,1.34904,58802.0,0.0009051653781662061,0.0009047559630256044,0.005041769952694707,1.349784,1.356533,1.363221,1.352695,1.3441902,1.3554573668725582,1.3563649172024916,33.76236069690766,-0.2919459862970251,-0.0009075503299333931,0.001995846936590828,-0.002903397266524221,1.3850627908461786,1.363221,1.3413792091538215,0.04368358169235709,0.17537002574857277,0.008974999999999955,18.89185580774366,14.5527369826435,0.004469845223269866,0.0004744114333155236,0.0006399999999999739,0.004469999999999974,0.0009200000000000319,0.0010844053596363867,1.34782,70626.0,-0.0020383808584919505,1.34636,57007.0,-0.0055138251055956156,1.34911,56243.0,-0.0013410424956581402,1.3627799999999999,38378.0,68533.45,0.8580043759653133
2026-02-24 00:00:00+00:00,1.34911,1.35368,1.34697,1.34876,58215.0,-0.00020755500207558786,-0.0002075765445959213,0.004012469933067449,1.348218,1.355002,1.361431,1.3529390000000001,1.34429545,1.3544270027383185,1.355801590002307,36.18166526492827,-0.8942414378403015,-0.001374587263988536,0.0013217600964749551,-0.002696347360463491,1.3817222414602905,1.361431,1.3411397585397096,0.040582482920580976,0.18777169142664418,0.008803571428571386,19.310839913854778,17.674151800390394,0.0049749399448382175,-0.0002594976126220176,0.0003500000000000725,0.004569999999999963,0.0017899999999999583,0.0009051653781662061,1.34904,58802.0,0.0010844053596363867,1.34782,70626.0,-0.0020383808584919505,1.34636,57007.0,-0.0045421858260320525,1.35659,61258.0,67720.8,0.8596324910514938
2026-02-25 00:00:00+00:00,1.34901,1.35654,1.34849,1.35576,52511.0,0.005189952252439456,0.005176530867783185,0.0042441958613189685,1.349548,1.354299,1.360191,1.3533024,1.3443949999999998,1.3546320792401156,1.3557985092613953,52.552995391705025,-0.9938877001832886,-0.0011664300212796963,0.0008241220729240249,-0.0019905520942037212,1.3784938808776344,1.360191,1.3418881191223655,0.03660576175526886,0.378953481978501,0.008342857142857112,44.43646805455872,27.546387925385712,0.005937629078893102,0.0049787573021774015,0.006750000000000034,0.0007800000000000029,0.000520000000000076,-0.00020755500207558786,1.34876,58215.0,0.0009051653781662061,1.34904,58802.0,0.0010844053596363867,1.34782,70626.0,-0.0055138251055956156,1.34911,56243.0,66186.6,0.7933781158119618
2026-02-26 00:00:00+00:00,1.35548,1.35754,1.34448,1.34852,53596.0,-0.0053401782026318845,-0.005354487921284,0.004348754094494349,1.34998,1.352935,1.358577,1.3534350000000002,1.344442,1.3536917593570208,1.3552593604272178,38.412698412698376,-1.1399708226117393,-0.0015676010701970444,0.00034577744429981115,-0.0019133785144968556,1.3748030986652544,1.358577,1.3423509013347454,0.03245219733050897,0.19009802641175264,0.008450714285714265,18.44938980617345,27.39889925819564,0.009684691365348733,-0.00516121377510165,0.006960000000000077,0.0020599999999999508,0.0040400000000000436,0.005189952252439456,1.35576,52511.0,-0.00020755500207558786,1.34876,58215.0,0.0009051653781662061,1.34904,58802.0,-0.0020383808584919505,1.34636,57007.0,64533.35,0.8305163144327701
2026-02-27 00:00:00+00:00,1.34886,1.3507799999999999,1.34393,1.34845,55028.0,-5.190875923233307e-05,-5.1910106538600454e-05,0.003926034601204994,1.3501059999999998,1.3513189999999997,1.357591,1.353656,1.34447495,1.352885334840556,1.354754963358535,26.848162903939738,-1.0522530984230893,-0.001869628517978894,-9.730374815592992e-05,-0.001772324769822964,1.3737591713316744,1.357591,1.3414228286683256,0.03233634266334873,0.2173149698725567,0.008125714285714245,18.198133524766362,27.027997128499504,0.005079906559382848,-0.0003040528013645456,0.00041000000000002146,0.0019199999999999218,0.0045199999999998575,-0.0053401782026318845,1.34852,53596.0,0.005189952252439456,1.35576,52511.0,-0.00020755500207558786,1.34876,58215.0,0.0010844053596363867,1.34782,70626.0,62580.95,0.8793091188292923
2026-03-02 00:00:00+00:00,1.34169,1.3456000000000001,1.33141,1.34044,87986.0,-0.005940153509584989,-0.005957866401140029,0.004096393981118536,1.348386,1.349085,1.3562735,1.3537026,1.3444684,1.350970667942009,1.3536945957023474,25.328878680309117,-1.5945263405179981,-0.0027239277603383627,-0.0006226285505924166,-0.0021012992097459464,1.3735423673629703,1.3562735,1.3390046326370295,0.034537734725940794,0.04155939508946658,0.00891499999999996,22.67135325131832,19.7729588607527,0.010586076213780658,-0.0009325296171406205,0.0012499999999999734,0.00391000000000008,0.009030000000000094,-5.190875923233307e-05,1.34845,55028.0,-0.0053401782026318845,1.34852,53596.0,0.005189952252439456,1.35576,52511.0,0.0009051653781662061,1.34904,58802.0,62315.3,1.4119485904745703
2026-03-03 00:00:00+00:00,1.33978,1.34254,1.32528,1.3354300000000001,99030.0,-0.0037375787054996223,-0.0037445809057510397,0.004072199743685018,1.34572,1.346969,1.3545585,1.3536672,1.34437635,1.3485797959509307,1.3523416626873586,23.49864393645879,-2.138339891983773,-0.0037618667364278657,-0.0012504761877595064,-0.0025113905486683595,1.3729751118090758,1.3545585,1.3361418881909242,0.03683322361815167,-0.019327338771761068,0.009412142857142822,24.235912129895233,21.701799635326626,0.012924675947073265,-0.0032573777734511383,0.004349999999999854,0.0027600000000000957,0.010150000000000103,-0.005940153509584989,1.34044,87986.0,-5.190875923233307e-05,1.34845,55028.0,-0.0053401782026318845,1.34852,53596.0,-0.00020755500207558786,1.34876,58215.0,63666.65,1.5554454333626788
2026-03-04 00:00:00+00:00,1.3357299999999999,1.34027,1.33033,1.33716,91084.0,0.001295462884613796,0.0012946244965600484,0.004080208715257663,1.3419999999999999,1.345774,1.353157,1.3534888,1.3442834000000001,1.3468229042661721,1.3512170950808877,26.289833080424614,-1.8799806278342786,-0.004394190814715593,-0.0018792191131507237,-0.002514971701564869,1.3724140425668363,1.353157,1.3338999574331636,0.038514085133672715,0.08464546296560153,0.009640714285714256,29.018075232046648,25.308446871086726,0.0074336653803584165,0.001069430733794043,0.0014300000000000423,0.003110000000000168,0.005399999999999849,-0.0037375787054996223,1.3354300000000001,99030.0,-0.005940153509584989,1.34044,87986.0,-5.190875923233307e-05,1.34845,55028.0,0.005189952252439456,1.35576,52511.0,64840.0,1.4047501542257865
2026-03-05 00:00:00+00:00,1.33708,1.33873,1.32971,1.33554,93149.0,-0.0012115229291931318,-0.0012122574163890964,0.003633416467845218,1.339404,1.344692,1.3522845000000001,1.353168,1.34421035,1.3450870728406072,1.3500558287785998,21.98882250915392,-1.5516847389410222,-0.004968755937992508,-0.002497126478119081,-0.0024716294598734275,1.3730922196959994,1.3522845000000001,1.3314767803040009,0.04161543939199852,0.09763731334722713,0.009790714285714272,25.06106497313127,26.105017445024373,0.0067538224238884855,-0.0011530916333468836,0.0015400000000000968,0.0016499999999999293,0.005830000000000002,0.001295462884613796,1.33716,91084.0,-0.0037375787054996223,1.3354300000000001,99030.0,-0.005940153509584989,1.34044,87986.0,-0.0053401782026318845,1.34852,53596.0,65646.7,1.4189441358057604
2026-03-06 00:00:00+00:00,1.33531,1.34148,1.33114,1.34148,199620.0,0.004447639157194816,0.004437777639660968,0.003511245242538039,1.3380100000000001,1.344058,1.351312,1.352993,1.3441864,1.344532138557437,1.3494205822024072,30.982142857142904,-0.5655580345561166,-0.0048884436449703195,-0.0029753899114893286,-0.0019130537334809909,1.37223613927048,1.351312,1.33038786072952,0.04184827854095996,0.26505604668118504,0.010254285714285707,42.65402843601905,32.244389547065644,0.007707904702269147,0.0045993976801741426,0.006170000000000009,0.0,0.004170000000000007,-0.0012115229291931318,1.33554,93149.0,0.001295462884613796,1.33716,91084.0,-0.0037375787054996223,1.3354300000000001,99030.0,-5.190875923233307e-05,1.34845,55028.0,72678.95,2.746599944000292
2026-03-09 00:00:00+00:00,1.33384,1.34471,1.32828,1.34356,272892.0,0.0015505262844024426,0.001549325459636453,0.003166201830958982,1.338634,1.34351,1.3500215,1.352875,1.3441623,1.3443825787793697,1.348986465002229,37.444594334168556,-0.20796815116312975,-0.0046038862228592325,-0.0033010891737633094,-0.0013027970490959231,1.3693814557143884,1.3500215,1.3306615442856116,0.03871991142877684,0.3331220356253791,0.010447857142857151,55.477996965098804,41.06436345808303,0.012228705826312308,0.007234511298341848,0.009720000000000173,0.0011499999999999844,0.005560000000000009,0.004447639157194816,1.34148,199620.0,-0.0012115229291931318,1.33554,93149.0,0.001295462884613796,1.33716,91084.0,-0.005940153509584989,1.34044,87986.0,82901.8,3.2917499981906304
2026-03-10 00:00:00+00:00,1.34356,1.3483399999999999,1.34114,1.34116,224507.0,-0.0017862990860104677,-0.001787896420717924,0.0030984669888395365,1.3397799999999997,1.34275,1.348876,1.3526744,1.3441435000000002,1.3438867974286974,1.3484067268539157,41.50822473830369,-0.49413126381861894,-0.004519929425218283,-0.0035448572240543044,-0.0009750722011639787,1.3674303859476589,1.348876,1.330321614052341,0.037108771895317805,0.2920707259791149,0.010304999999999993,49.22504649720991,49.11902396610924,0.005368486981418976,-0.0017894956604731576,0.0024000000000001798,0.004779999999999784,1.999999999990898e-05,0.0015505262844024426,1.34356,272892.0,0.004447639157194816,1.34148,199620.0,-0.0012115229291931318,1.33554,93149.0,-0.0037375787054996223,1.3354300000000001,99030.0,91081.25,2.464909078432718
2026-03-11 00:00:00+00:00,1.34162,1.34575,1.33934,1.34085,185731.0,-0.0002311431894775895,-0.00023116990718176665,0.0031013432815755236,1.3405179999999999,1.341259,1.3477789999999998,1.3525582,1.3440767,1.3434195978242824,1.3478469693091812,43.79084967320273,-0.6070983810709778,-0.004427371484898801,-0.003721360076223204,-0.0007060114086755971,1.3654425752475614,1.3477789999999998,1.3301154247524383,0.03532715049512314,0.3038619049969434,0.010169285714285705,48.2641041537511,50.98904920535326,0.004780549651340587,-0.0005742625946227671,0.0007699999999999374,0.004129999999999967,0.0015100000000001224,-0.0017862990860104677,1.34116,224507.0,0.0015505262844024426,1.34356,272892.0,0.004447639157194816,1.34148,199620.0,0.001295462884613796,1.33716,91084.0,97058.5,1.9135984998737874
2026-03-12 00:00:00+00:00,1.34085,1.34147,1.33337,1.3339400000000001,173041.0,-0.0051534474400566355,-0.0051667722491651885,0.0032478682574969392,1.3401980000000002,1.339801,1.346368,1.3522938,1.34398955,1.3419611981590083,1.346816823434427,36.06985146527509,-1.0987870340164176,-0.004855625275418829,-0.003948213116062329,-0.0009074121593565,1.3637000228114555,1.346368,1.3290359771885445,0.03466404562291103,0.14147289282974929,0.010174285714285723,26.844389336640187,41.44451332920038,0.006072237132104889,-0.00518014303491909,0.006909999999999972,0.0006199999999998429,0.0005700000000001815,-0.0002311431894775895,1.34085,185731.0,-0.0017862990860104677,1.34116,224507.0,0.0015505262844024426,1.34356,272892.0,-0.0012115229291931318,1.33554,93149.0,102485.05,1.6884511448255135
2026-03-13 00:00:00+00:00,1.3339400000000001,1.33697,1.32185,1.32203,184589.0,-0.008928437560909885,-0.008968534909093018,0.0036187769898096537,1.336308,1.337159,1.344239,1.3518215999999998,1.3438237000000002,1.3388948599806993,1.3449807624392844,27.68137497934231,-2.4879034637398973,-0.006085902458585091,-0.0043757509845668814,-0.0017101514740182093,1.3625682126916225,1.344239,1.3259097873083774,0.03665842538324515,-0.10583616911572574,0.010823571428571441,0.5043429532083749,25.20427881453321,0.011436956801282892,-0.009008872718470902,0.011910000000000087,0.003029999999999866,0.000180000000000069,-0.0051534474400566355,1.3339400000000001,173041.0,-0.0002311431894775895,1.34085,185731.0,-0.0017862990860104677,1.34116,224507.0,0.004447639157194816,1.34148,199620.0,108664.65,1.6987033041564117
2026-03-16 00:00:00+00:00,1.32335,1.33398,1.32227,1.33173,164967.0,0.007337201122516124,0.007310414806949088,0.004132453201373569,1.333942,1.3362880000000001,1.3426865,1.3513751999999999,1.3436992,1.3377925738298226,1.343999224480819,37.82353782353792,-1.245068667872917,-0.006206650650996348,-0.004741930917852775,-0.0014647197331435734,1.3596093058828134,1.3426865,1.3257636941171864,0.03384561176562695,0.17628004256885507,0.011197857142857148,27.682824320538277,18.343852203462273,0.0087930736710894,0.006292566811590979,0.008380000000000054,0.0022499999999998632,0.0010799999999999699,-0.008928437560909885,1.32203,184589.0,-0.0051534474400566355,1.3339400000000001,173041.0,-0.0002311431894775895,1.34085,185731.0,0.0015505262844024426,1.34356,272892.0,114994.1,1.4345692518137887
2026-03-17 00:00:00+00:00,1.33179,1.33643,1.32733,1.33551,121111.0,0.002838413191863065,0.002834392503592053,0.00414251891189193,1.332812,1.336296,1.3416325,1.3510840000000002,1.3436146500000001,1.3374414086252346,1.3433703930377954,34.8223654624493,-0.95962030479439,-0.005928984412560734,-0.004979341616794367,-0.0009496427957663665,1.3575022857578494,1.3416325,1.3257627142421506,0.03173957151569873,0.30710199578555186,0.011272857142857149,38.274026337909795,22.15373120388547,0.006813876346863826,0.0027854527483882154,0.0037199999999999456,0.0009200000000000319,0.0044600000000001305,0.007337201122516124,1.33173,164967.0,-0.008928437560909885,1.32203,184589.0,-0.0051534474400566355,1.3339400000000001,173041.0,-0.0017862990860104677,1.34116,224507.0,117986.75,1.0264796682678352
2026-03-18 00:00:00+00:00,1.33551,1.33744,1.32518,1.3266,123035.0,-0.006671608598962209,-0.006693963262798842,0.004219605040600235,1.329962,1.3352400000000002,1.3405070000000001,1.3507044,1.34347655,1.3357734996059678,1.3421281417016624,33.97192161450714,-1.0324967920981227,-0.006354642095694585,-0.0052544017125744115,-0.0011002403831201733,1.35730935584986,1.3405070000000001,1.3237046441501403,0.03360471169971957,0.0861592230200217,0.011215714285714282,16.41894227445575,27.45859764430126,0.00924167043570024,-0.006716417910447741,0.008909999999999973,0.0019299999999999873,0.0014199999999999768,0.002838413191863065,1.33551,121111.0,0.007337201122516124,1.33173,164967.0,-0.008928437560909885,1.32203,184589.0,-0.0002311431894775895,1.34085,185731.0,121326.35,1.0140830907712957
2026-03-19 00:00:00+00:00,1.3266,1.34671,1.32456,1.34241,178079.0,0.011917684305744025,0.011847227938197596,0.005076623207547303,1.331656,1.335927,1.3403095,1.3506744,1.34344215,1.3367944996665881,1.3421490200941317,46.409890632429956,0.5226780887055096,-0.005354520427543585,-0.0052744254555682464,-8.009497197533893e-05,1.356913872886304,1.3403095,1.3237051271136961,0.033208745772607795,0.5632514101671571,0.012308571428571446,77.61419403548588,44.1023875492838,0.01650017505829077,0.011777325854247287,0.015810000000000102,0.0042999999999999705,0.0020400000000000418,-0.006671608598962209,1.3266,123035.0,0.002838413191863065,1.33551,121111.0,0.007337201122516124,1.33173,164967.0,-0.0051534474400566355,1.3339400000000001,173041.0,127379.95,1.3980143656831394
2026-03-20 00:00:00+00:00,1.34241,1.34419,1.32985,1.33407,141352.0,-0.006212706997117179,-0.006232086167665523,0.005243863428989617,1.3340640000000001,1.335186,1.3396219999999999,1.3505576,1.343344,1.3363753458717285,1.341550574161233,46.22853759621078,-0.23108678093869212,-0.005175228289504563,-0.00525458602235551,7.935773285094698e-05,1.3560547677778931,1.3396219999999999,1.3231892322221066,0.03286553555578653,0.3310692369343649,0.01211571428571431,46.13061532653894,46.72125054549351,0.01074906114371811,-0.006251546020823505,0.008340000000000014,0.0017799999999998928,0.0042200000000001125,0.011917684305744025,1.34241,178079.0,-0.006671608598962209,1.3266,123035.0,0.002838413191863065,1.33551,121111.0,-0.008928437560909885,1.32203,184589.0,130916.25,1.079713175407942
2026-03-23 00:00:00+00:00,1.33032,1.3479,1.32566,1.34294,252855.0,0.006648826523345752,0.006626820564955735,0.005476938537903028,1.336306,1.335124,1.3393169999999999,1.350489,1.3432531,1.3373852926606933,1.3416534945937342,54.25206658362581,0.5540829926471744,-0.004268201933040894,-0.005057309204492587,0.0007891072714516934,1.3552320390313215,1.3393169999999999,1.3234019609686782,0.03183007806264326,0.6138231578593649,0.012471428571428593,79.6149490373731,67.78658613313262,0.016560680298449697,0.009397292507483637,0.012620000000000076,0.0049600000000000755,0.0046599999999998865,-0.006212706997117179,1.33407,141352.0,0.011917684305744025,1.34241,178079.0,-0.006671608598962209,1.3266,123035.0,0.007337201122516124,1.33173,164967.0,140618.9,1.7981580000981376
