time,open,high,low,close,volume,returns_simple,returns_log,volatility_20,sma_5,sma_10,sma_20,sma_50,sma_200,ema_12,ema_26,rsi_14,roc_12,macd,macd_signal,macd_hist,bb_upper,bb_middle,bb_lower,bb_width,bb_position,atr_14,stoch_k,stoch_d,high_low_ratio,close_open_ratio,body_size,wick_upper,wick_lower,returns_lag_1,close_lag_1,volume_lag_1,returns_lag_2,close_lag_2,volume_lag_2,returns_lag_3,close_lag_3,volume_lag_3,returns_lag_5,close_lag_5,volume_lag_5,volume_sma_20,volume_ratio
2025-03-17 00:00:00+00:00,1.0878,1.09299,1.08684,1.09215,50277.0,,,,,,,,,1.09215,1.09215,,,0.0,0.0,0.0,,,,,,,,,0.005631094629858425,0.003982969372338831,0.004349999999999854,0.0008399999999999519,0.0009600000000000719,,,,,,,,,,,,,,
2025-03-18 00:00:00+00:00,1.09214,1.09546,1.08924,1.09434,51508.0,0.002005219063315522,0.0020032112951315815,,,,,,,1.092486923076923,1.0923122222222221,,,0.00017470085470083774,3.4940170940167546e-05,0.00013976068376067018,,,,,,,,,0.005683791143520399,0.002010344134364073,0.0021999999999999797,0.0011200000000000099,0.0029000000000001247,,1.09215,50277.0,,,,,,,,,,,
2025-03-19 00:00:00+00:00,1.09437,1.09457,1.08601,1.0903,56946.0,-0.0036917228649231415,-0.00369855409162523,,,,,,,1.092150473372781,1.0921631687242797,,,-1.2695351498726026e-05,2.541306645238883e-05,-3.810841795111486e-05,,,,,,,,,0.007851050169678183,-0.0037329175456296596,0.004070000000000018,0.00019999999999997797,0.004290000000000127,0.002005219063315522,1.09434,51508.0,,1.09215,50277.0,,,,,,,,
2025-03-20 00:00:00+00:00,1.09041,1.09174,1.08148,1.08534,53019.0,-0.0045492066403742815,-0.004559585770737525,,,,,,,1.091102708238507,1.0916577488187775,,,-0.0005550405802705605,-9.067766289220104e-05,-0.00046436291737835943,,,,,,,,,0.009453258886616116,-0.004671347227597002,0.00507000000000013,0.0013299999999998313,0.0038599999999999746,-0.0036917228649231415,1.0903,56946.0,0.002005219063315522,1.09434,51508.0,,1.09215,50277.0,,,,,
2025-03-21 00:00:00+00:00,1.0853,1.08617,1.07964,1.08129,49270.0,-0.003731549560506253,-0.003738529160125497,,1.088684,,,,,1.0895930608171982,1.0908897674247942,,,-0.0012967066075959544,-0.00033188345183295174,-0.0009648231557630026,,,,,,,,,0.006039082947220585,-0.0037085333259346213,0.004009999999999847,0.0008700000000001484,0.0016500000000001513,-0.0045492066403742815,1.08534,53019.0,-0.0036917228649231415,1.0903,56946.0,0.002005219063315522,1.09434,51508.0,,,,,
2025-03-24 00:00:00+00:00,1.08184,1.08584,1.07811,1.07992,58234.0,-0.0012670051512545522,-0.001267808480901431,,1.086238,,,,,1.0881048976145524,1.0900771920599945,,,-0.001972294445442113,-0.0006599656505547841,-0.0013123287948873291,,,,,,,,,0.007157937625009273,-0.001777909474775837,0.0019199999999999218,0.0040000000000000036,0.0018100000000000893,-0.003731549560506253,1.08129,49270.0,-0.0045492066403742815,1.08534,53019.0,-0.0036917228649231415,1.0903,56946.0,,1.09215,50277.0,,
2025-03-25 00:00:00+00:00,1.08008,1.08295,1.07765,1.07918,57583.0,-0.0006852359434031952,-0.0006854708248578671,,1.0832060000000001,,,,,1.0867318364430827,1.089269992648143,,,-0.002538156205060371,-0.0010356037614559015,-0.0015025524436044697,,,,,,,,,0.0049111362330659224,-0.000833966530143165,0.0008999999999999009,0.00287000000000015,0.0015300000000000313,-0.0012670051512545522,1.07992,58234.0,-0.003731549560506253,1.08129,49270.0,-0.0045492066403742815,1.08534,53019.0,0.002005219063315522,1.09434,51508.0,,
2025-03-26 00:00:00+00:00,1.07914,1.08022,1.07343,1.0737,59580.0,-0.005077929539094472,-0.005090866035623865,,1.0798860000000001,,,,,1.0847269385287623,1.0881166598593917,,,-0.003389721330629314,-0.001506427275290584,-0.00188329405533873,,,,,,,,,0.0063239266089222795,-0.005066592157958358,0.005439999999999889,0.0010799999999999699,0.00026999999999999247,-0.0006852359434031952,1.07918,57583.0,-0.0012670051512545522,1.07992,58234.0,-0.003731549560506253,1.08129,49270.0,-0.0036917228649231415,1.0903,56946.0,,
2025-03-27 00:00:00+00:00,1.07367,1.08207,1.07327,1.07975,63715.0,0.005634721058023651,0.005618905400720683,,1.078768,,,,,1.0839612556781835,1.0874969072772145,,,-0.00353565159903102,-0.0019122721400386712,-0.0016233794589923488,,,,,,,,,0.008150034730261765,0.005630933086362663,0.006080000000000085,0.0023200000000000998,0.00039999999999995595,-0.005077929539094472,1.0737,59580.0,-0.0006852359434031952,1.07918,57583.0,-0.0012670051512545522,1.07992,58234.0,-0.0045492066403742815,1.08534,53019.0,,
2025-03-28 00:00:00+00:00,1.07975,1.08442,1.07642,1.08276,58886.0,0.002787682333873498,0.002783803953599051,,1.079062,1.083873,,,,1.083776447112309,1.0871460252566802,,,-0.0033695781443712214,-0.002203733340905181,-0.0011658448034660403,,,,,,,,,0.007388525619712594,0.0027799327644168212,0.003009999999999957,0.0016599999999999948,0.003330000000000055,0.005634721058023651,1.07975,63715.0,-0.005077929539094472,1.0737,59580.0,-0.0006852359434031952,1.07918,57583.0,-0.003731549560506253,1.08129,49270.0,,
2025-03-31 00:00:00+00:00,1.08203,1.08489,1.07836,1.08139,70004.0,-0.001265285012375661,-0.0012660861613160669,,1.079356,1.082797,,,,1.083409301402723,1.0867196530154448,,,-0.0033103516127217514,-0.0024250569952684953,-0.0008852946174532561,,,,,,,,,0.006038524491626448,-0.0005918308843247801,0.0006399999999999739,0.0028599999999998627,0.003030000000000088,0.002787682333873498,1.08276,58886.0,0.005634721058023651,1.07975,63715.0,-0.005077929539094472,1.0737,59580.0,-0.0012670051512545522,1.07992,58234.0,,
2025-04-01 00:00:00+00:00,1.0813,1.08295,1.07779,1.07916,64344.0,-0.002062160737569374,-0.002064289918669179,,1.079352,1.081279,,,,1.082755562725381,1.0861596787180043,,,-0.0034041159926232467,-0.002620868794739446,-0.0007832471978838009,,,,,,,,,0.004781496719670905,-0.001983023833351895,0.0021400000000000308,0.0016500000000001513,0.0013699999999998713,-0.001265285012375661,1.08139,70004.0,0.002787682333873498,1.08276,58886.0,0.005634721058023651,1.07975,63715.0,-0.0006852359434031952,1.07918,57583.0,,
2025-04-02 00:00:00+00:00,1.07863,1.09242,1.07796,1.08474,64944.0,0.00517068831313261,0.005157366207553848,,1.08156,1.080723,,,,1.0830608607676302,1.0860545173314855,,-0.678478231012216,-0.002993656563855307,-0.0026954263485626183,-0.00029823021529268865,,,,,,,,,0.013330383317661298,0.005632686173645352,0.00611000000000006,0.007679999999999909,0.0006699999999999484,-0.002062160737569374,1.07916,64344.0,-0.001265285012375661,1.08139,70004.0,0.002787682333873498,1.08276,58886.0,-0.005077929539094472,1.0737,59580.0,,
2025-04-03 00:00:00+00:00,1.08436,1.11456,1.08044,1.10507,119095.0,0.01874181831590982,0.018568354439738533,,1.086624,1.0826959999999999,,,,1.0864468821879947,1.0874630716032274,60.52117263843649,0.9804996618966597,-0.0010161894152327378,-0.0023595789618966424,0.0013433895466639046,,,,,,0.009615000000000009,77.01622668927104,,0.030875872116698424,0.018740894241993725,0.020710000000000006,0.009489999999999998,0.0039199999999999235,0.00517068831313261,1.08474,64944.0,-0.002062160737569374,1.07916,64344.0,-0.001265285012375661,1.08139,70004.0,0.005634721058023651,1.07975,63715.0,,
2025-04-04 00:00:00+00:00,1.10499,1.11072,1.09241,1.09623,139554.0,-0.007999493244771783,-0.00803166085543081,,1.089318,1.08419,,,,1.0879519772359956,1.088112473706692,52.904328018223296,0.5438870035769963,-0.00016049647069649176,-0.0019197624636566122,0.0017592659929601205,,,,,,0.010483571428571434,55.60668442722224,,0.016702699251069417,-0.007991023781505594,0.008759999999999879,0.005730000000000013,0.0038199999999999346,0.01874181831590982,1.10507,119095.0,0.00517068831313261,1.08474,64944.0,-0.002062160737569374,1.07916,64344.0,0.002787682333873498,1.08276,58886.0,,
2025-04-07 00:00:00+00:00,1.0889,1.10495,1.08778,1.0907499999999999,156044.0,-0.004998950950074521,-0.005011487502566934,,1.0911899999999999,1.0852730000000002,,,,1.0883824422766115,1.0883078460247149,47.558819529443625,0.4984613116626969,7.459625189665253e-05,-0.0015208907205459593,0.0015954869724426118,,,,,,0.011265714285714292,42.3347057398884,58.31920561879389,0.01574146229658504,0.0016960806784321865,0.0018499999999999073,0.014200000000000212,0.0011200000000000099,-0.007999493244771783,1.09623,139554.0,0.01874181831590982,1.10507,119095.0,0.00517068831313261,1.08474,64944.0,-0.001265285012375661,1.08139,70004.0,,
2025-04-08 00:00:00+00:00,1.09012,1.09913,1.08884,1.09532,131118.0,0.0041897776759112215,0.004181024996760679,,1.094422,1.086887,,,,1.0894497588494405,1.0888272648376989,53.38914393734811,1.2975242534380218,0.0006224940117416367,-0.0010922137740884401,0.0017147077858300768,,,,,,0.011389285714285704,53.402760959070235,50.44805037539362,0.009394514844976727,0.004747471058686131,0.0052000000000000934,0.003809999999999869,0.0012799999999999478,-0.004998950950074521,1.0907499999999999,156044.0,-0.007999493244771783,1.09623,139554.0,0.01874181831590982,1.10507,119095.0,-0.002062160737569374,1.07916,64344.0,,
2025-04-09 00:00:00+00:00,1.09574,1.10944,1.0913,1.09453,161600.0,-0.000721250410838925,-0.0007215106370495237,,1.0963800000000001,1.08897,,,,1.090231334411065,1.089249689664536,56.57461725568751,1.3528779909622946,0.0009816447465289535,-0.0006774420699649614,0.001659086816493915,,,,,,0.011952142857142856,51.48946476144352,49.075643820134054,0.016573323709720193,-0.001105497336756355,0.0012099999999999334,0.013700000000000045,0.003230000000000066,0.0041897776759112215,1.09532,131118.0,-0.004998950950074521,1.0907499999999999,156044.0,-0.007999493244771783,1.09623,139554.0,0.00517068831313261,1.08474,64944.0,,
2025-04-10 00:00:00+00:00,1.09449,1.12409,1.09425,1.11941,139174.0,0.02273121796570221,0.022476713411082587,,1.099248,1.0929360000000001,,,,1.0947203598862858,1.0914837867264224,71.00970017636672,3.7278303897403573,0.003236573159863365,0.00010536097600070385,0.003131212183862661,,,,,,0.013617142857142852,90.7910271546635,65.2277509583924,0.02665689961676248,0.02226172715984318,0.024920000000000053,0.0046800000000000175,0.00024000000000001798,-0.000721250410838925,1.09453,161600.0,0.0041897776759112215,1.09532,131118.0,-0.004998950950074521,1.0907499999999999,156044.0,0.01874181831590982,1.10507,119095.0,,
2025-04-11 00:00:00+00:00,1.11978,1.14736,1.11806,1.1359,151045.0,0.014730974352560544,0.014623527462863111,,1.1071819999999999,1.09825,1.0910615,,,1.1010556891345495,1.094773876598539,76.44557823129244,5.79305206295984,0.006281812536010456,0.0013406512880026545,0.004941161248007801,1.120962417271619,1.0910615,1.0611605827283808,0.059801834543238286,1.2497846904275252,0.015157857142857127,84.53232555000672,75.60427248870458,0.02579452416585957,0.014191390087155484,0.016119999999999912,0.011460000000000026,0.0017199999999999438,0.02273121796570221,1.11941,139174.0,-0.000721250410838925,1.09453,161600.0,0.0041897776759112215,1.09532,131118.0,-0.007999493244771783,1.09623,139554.0,87797.0,1.7203890793535086
2025-04-14 00:00:00+00:00,1.13103,1.14242,1.12953,1.13484,110580.0,-0.0009331807377408463,-0.0009336164219546575,0.008172634378845169,1.116,1.1035949999999999,1.093196,,,1.106253275421542,1.09774173759124,76.21514694800302,5.102106969205843,0.008511537830302007,0.0027748285964625252,0.005736709233839482,1.1289467702677418,1.093196,1.0574452297322583,0.07150154053548352,1.0824210176189655,0.015699999999999985,83.10163314887318,86.14166195118112,0.0113584293821156,0.0033573014698108023,0.003810000000000091,0.00757999999999992,0.0015000000000000568,0.014730974352560544,1.1359,151045.0,0.02273121796570221,1.11941,139174.0,-0.000721250410838925,1.09453,161600.0,-0.004998950950074521,1.0907499999999999,156044.0,90812.15,1.217678471438018
2025-04-15 00:00:00+00:00,1.13493,1.13784,1.12635,1.1280000000000001,93117.0,-0.006027281378872762,-0.006045518757416867,0.00836490900097154,1.122536,1.108479,1.0948790000000002,,,1.1095989253566894,1.0999830903622592,75.25111607142857,4.178211237947484,0.009615834994430195,0.004143029876056059,0.005472805118374136,1.1338781049290003,1.0948790000000002,1.055879895071,0.07799820985800032,0.9246379507978248,0.01603571428571428,73.86961803212333,80.50119224366773,0.010186170212765957,-0.00614361702127649,0.006929999999999881,0.002909999999999968,0.0016500000000001513,-0.0009331807377408463,1.13484,110580.0,0.014730974352560544,1.1359,151045.0,0.02273121796570221,1.11941,139174.0,0.0041897776759112215,1.09532,131118.0,92892.6,1.002415692961549
2025-04-16 00:00:00+00:00,1.12795,1.14123,1.12768,1.1397,105299.0,0.010372340425531812,0.01031891680368527,0.008491368243304692,1.13157,1.113975,1.097349,,,1.1142298599171987,1.1029250836687585,76.48670142263849,5.392134197653007,0.011304776248440174,0.005575379150532881,0.005729397097907292,1.1410955311226292,1.097349,1.0536024688773706,0.08749306224525855,0.9840498082154523,0.01637499999999998,89.20214265576544,82.05779794558731,0.011889093621128324,0.010309730630867708,0.011749999999999927,0.0015300000000000313,0.00026999999999999247,-0.006027281378872762,1.1280000000000001,93117.0,-0.0009331807377408463,1.13484,110580.0,0.014730974352560544,1.1359,151045.0,-0.000721250410838925,1.09453,161600.0,95310.25,1.1048024740256164
2025-04-17 00:00:00+00:00,1.13919,1.14087,1.13352,1.13609,95544.0,-0.0031675002193558566,-0.003172527366642591,0.008438578010545258,1.134906,1.117077,1.0998865,,,1.1175929583914757,1.1053817441377394,73.43763733848999,5.275399384706638,0.01221121425373628,0.006902546171173561,0.005308668082562719,1.1464939899221371,1.0998865,1.0532790100778628,0.09321497984427429,0.8883871461484186,0.016328571428571408,83.80048871640088,82.29074980142987,0.006469557869534955,-0.002728657060620092,0.0030999999999998806,0.0016800000000001258,0.002569999999999961,0.010372340425531812,1.1397,105299.0,-0.006027281378872762,1.1280000000000001,93117.0,-0.0009331807377408463,1.13484,110580.0,0.02273121796570221,1.11941,139174.0,97436.5,0.9805770937995515
2025-04-18 00:00:00+00:00,1.13608,1.13967,1.13519,1.13898,79392.0,0.0025438125500620856,0.002540582535458668,0.008317477331934995,1.1355220000000001,1.121352,1.1027710000000002,,,1.1208832724850948,1.1078705038312402,74.97614710729464,5.000276563969252,0.01301276865385459,0.008124590667709767,0.0048881779861448225,1.1516194039064795,1.1027710000000002,1.0539225960935208,0.09769680781295875,0.8706262344755658,0.016182142857142843,87.95457812275428,86.98573649830685,0.003933343869075874,0.002546137772392952,0.0029000000000001247,0.0006899999999998574,0.0008900000000000574,-0.0031675002193558566,1.13609,95544.0,0.010372340425531812,1.1397,105299.0,-0.006027281378872762,1.1280000000000001,93117.0,0.014730974352560544,1.1359,151045.0,98942.6,0.8024046265208312
2025-04-21 00:00:00+00:00,1.13964,1.15727,1.1384400000000001,1.15126,89370.0,0.010781576498270162,0.010723869711926572,0.008455186828888473,1.138806,1.127403,1.106338,,,1.1255566151796956,1.1110845405844816,78.76176799106437,4.179825712398305,0.014472074595214046,0.009394087453210624,0.005077987142003422,1.1584690823940857,1.106338,1.0542069176059143,0.10426216478817141,0.9308561988068018,0.017158571428571405,92.4221409658302,88.05906926832846,0.016355992564668194,0.010093289091951396,0.011619999999999964,0.006010000000000071,0.0011999999999998678,0.0025438125500620856,1.13898,79392.0,-0.0031675002193558566,1.13609,95544.0,0.010372340425531812,1.1397,105299.0,-0.0009331807377408463,1.13484,110580.0,100499.4,0.8892590403524797
2025-04-22 00:00:00+00:00,1.15097,1.15467,1.14162,1.14204,105433.0,-0.008008616646109523,-0.008040857870180001,0.008786102991036077,1.141614,1.132075,1.1094810000000002,,,1.1280925205366654,1.1133775375782238,72.21274616219571,4.178867573410681,0.014714982958441647,0.010458266554256829,0.004256716404184818,1.162293166022613,1.1094810000000002,1.0566688339773873,0.1056243320452257,0.808252836913173,0.017057857142857125,80.17701418716636,86.85124442525027,0.011426920247977309,-0.007819340828692607,0.008930000000000105,0.0037000000000000366,0.0004199999999998649,0.010781576498270162,1.15126,89370.0,0.0025438125500620856,1.13898,79392.0,-0.0031675002193558566,1.13609,95544.0,-0.006027281378872762,1.1280000000000001,93117.0,102891.9,1.0246967934307754
2025-04-23 00:00:00+00:00,1.1415899999999999,1.14394,1.13074,1.13122,119157.0,-0.00947427410598578,-0.009519440546776874,0.009046580426521119,1.1399180000000002,1.135744,1.1123569999999998,,,1.1285736712233323,1.1146992014613184,60.944170084540026,3.710291084116434,0.013874469762013897,0.011141507195808243,0.0027329625662056538,1.1631925860024306,1.1123569999999998,1.061521413997569,0.10167117200486153,0.6855294832157351,0.015563571428571408,62.512591739818525,78.37058229760503,0.011668817736602853,-0.009167093933982772,0.01036999999999999,0.0023500000000000743,0.0004799999999998139,-0.008008616646109523,1.14204,105433.0,0.010781576498270162,1.15126,89370.0,0.0025438125500620856,1.13898,79392.0,0.010372340425531812,1.1397,105299.0,105870.75,1.1254950021606533
2025-04-24 00:00:00+00:00,1.13089,1.13974,1.13075,1.13839,88946.0,0.006338289634200356,0.006318287152976857,0.009060149959343209,1.140378,1.137642,1.115289,,,1.130083875650512,1.1164540754271466,67.89473684210526,3.932184201877072,0.013629800223365462,0.011639165801319688,0.001990634422045775,1.1649569245855067,1.115289,1.0656210754144932,0.09933584917101346,0.7325545127241031,0.014897857142857138,72.83062311123903,71.84007634607464,0.007897117859433107,0.006588251829337979,0.007500000000000062,0.0013499999999999623,0.000140000000000029,-0.00947427410598578,1.13122,119157.0,-0.008008616646109523,1.14204,105433.0,0.010781576498270162,1.15126,89370.0,-0.0031675002193558566,1.13609,95544.0,107132.3,0.8302444734221145
2025-04-25 00:00:00+00:00,1.1384400000000001,1.1391,1.13151,1.13618,84359.0,-0.001941338205711629,-0.0019432250451171954,0.00911888896328062,1.139818,1.13767,1.1179599999999998,,,1.1310217409350485,1.1179152550251357,69.83323146773779,3.8052862872648503,0.013106485909912813,0.011932629823038313,0.0011738560868744998,1.1659806122409948,1.1179599999999998,1.0699393877590049,0.09604122448198993,0.6897102009920419,0.014213571428571412,69.18018412976757,68.1744663269417,0.0066802795331725486,-0.001989121442025164,0.0022600000000001508,0.0006599999999998829,0.004669999999999952,0.006338289634200356,1.13839,88946.0,-0.00947427410598578,1.13122,119157.0,-0.008008616646109523,1.14204,105433.0,0.0025438125500620856,1.13898,79392.0,108405.95,0.7781768436142112
2025-04-28 00:00:00+00:00,1.1364,1.14245,1.1329,1.14152,79138.0,0.0046999595134575856,0.004688949188984901,0.009088476382474805,1.13787,1.1383379999999998,1.1209665,,,1.1326368577142718,1.1196637546529034,70.0346921075456,1.9751476224082396,0.012973103061368452,0.012140724470704342,0.0008323785906641096,1.1668274547379214,1.1209665,1.0751055452620786,0.0917219094758428,0.724084955464358,0.014160714285714273,76.12551159618022,72.71210627906227,0.008366038264769733,0.004485247739855642,0.005120000000000013,0.0009299999999998754,0.0035000000000000586,-0.001941338205711629,1.13618,84359.0,0.006338289634200356,1.13839,88946.0,-0.00947427410598578,1.13122,119157.0,0.010781576498270162,1.15126,89370.0,108862.65,0.7269527243733274
2025-04-29 00:00:00+00:00,1.1414,1.14217,1.13696,1.13808,84338.0,-0.003013525825215635,-0.0030180756371148564,0.009117422721507838,1.137078,1.139346,1.1239125,,,1.1334742642197684,1.1210279209749106,68.46121237812635,0.19191830266749457,0.012446343244857827,0.01220184822553504,0.00024449501932278725,1.165869468369233,1.1239125,1.0819555316307672,0.08391393673846581,0.6688336949815104,0.013237142857142836,69.54934941288477,71.61834837961084,0.004577885561647632,-0.0029171938703781717,0.0033199999999999896,0.0007699999999999374,0.0011200000000000099,0.0046999595134575856,1.14152,79138.0,-0.001941338205711629,1.13618,84359.0,0.006338289634200356,1.13839,88946.0,-0.008008616646109523,1.14204,105433.0,109862.35,0.7676697248875525
2025-04-30 00:00:00+00:00,1.13811,1.13989,1.13166,1.13265,85574.0,-0.00477119358920286,-0.004782612067660775,0.009245789604432932,1.1373640000000003,1.138641,1.126308,,,1.133347454339804,1.1218888157175098,56.720812182741085,-0.19297874590251807,0.011458638622294348,0.012053206304886903,-0.0005945676825925544,1.164113401786127,1.126308,1.0885025982138732,0.0756108035722538,0.5838769025108882,0.011693571428571399,37.209895434837776,60.961585481300915,0.007266145764357887,-0.004820553569063719,0.00546000000000002,0.0017800000000001148,0.0009899999999998244,-0.003013525825215635,1.13808,84338.0,0.0046999595134575856,1.14152,79138.0,-0.001941338205711629,1.13618,84359.0,-0.00947427410598578,1.13122,119157.0,110893.85,0.7716748945049703
2025-05-01 00:00:00+00:00,1.13259,1.13405,1.12654,1.12854,74920.0,-0.003628658455833489,-0.0036352580067759185,0.008459473491936615,1.1353940000000002,1.137886,1.1274815,,,1.1326078459798343,1.1223814960347314,45.726892707849615,0.047872340425530575,0.010226349945102964,0.011687835032930116,-0.001461485087827152,1.1639443637469897,1.1274815,1.0910186362530103,0.07292572749397941,0.5145147677832553,0.010137142857142829,7.08279430789176,37.94734638520476,0.006654615698158599,-0.0035887075336274183,0.004049999999999887,0.0014600000000000168,0.0020000000000000018,-0.00477119358920286,1.13265,85574.0,-0.003013525825215635,1.13808,84338.0,0.0046999595134575856,1.14152,79138.0,0.006338289634200356,1.13839,88946.0,108685.1,0.6893309202457374
2025-05-02 00:00:00+00:00,1.12858,1.13804,1.1273900000000001,1.12988,86461.0,0.001187374838286459,0.001186670466297077,0.008185195920095574,1.134134,1.136976,1.129164,,,1.1321881773675522,1.1229369407728995,47.12962962962958,-0.861630253575497,0.009251236594652656,0.011200515345274626,-0.0019492787506219696,1.1625289594950334,1.129164,1.0957990405049667,0.06672991899006675,0.5107298197096046,0.009977142857142811,11.416558861578352,18.569749534769286,0.009425779728820607,0.0011505646617340592,0.0013000000000000789,0.008159999999999945,0.0011899999999998023,-0.003628658455833489,1.12854,74920.0,-0.00477119358920286,1.13265,85574.0,-0.003013525825215635,1.13808,84338.0,-0.001941338205711629,1.13618,84359.0,106030.45,0.815435565915263
2025-05-05 00:00:00+00:00,1.13042,1.13644,1.12921,1.13126,73941.0,0.0012213686409174862,0.0012206233770052357,0.008040373569475056,1.132082,1.134976,1.1311895,,,1.1320453808494673,1.1235534636786106,52.01383741042737,-0.4251423742837374,0.008491917170856622,0.010658795710391026,-0.002166878539534404,1.159228954514552,1.1311895,1.1031500454854481,0.05607890902910384,0.5012571571241387,0.009672857142857086,15.359583468922379,11.286312212797489,0.00639110372504981,0.0007425348726198681,0.0008399999999999519,0.005179999999999962,0.0012099999999999334,0.001187374838286459,1.12988,86461.0,-0.003628658455833489,1.12854,74920.0,-0.00477119358920286,1.13265,85574.0,0.0046999595134575856,1.14152,79138.0,101925.3,0.7254430450535834
2025-05-06 00:00:00+00:00,1.13128,1.13805,1.12795,1.13654,72914.0,0.004667362056468116,0.004656503695677226,0.008048376277237906,1.131774,1.134426,1.1332505000000002,,,1.13273686071878,1.124515429332047,47.87976382179293,-0.21422676429788032,0.008221431386733036,0.010171322845659428,-0.0019498914589263922,1.155688975860613,1.1332505000000002,1.1108120241393873,0.044876951721225744,0.5733004331585224,0.009426428571428518,32.54149040026044,19.77254424358705,0.008886620796452388,0.004628081721716826,0.005260000000000042,0.0015099999999999003,0.003330000000000055,0.0012213686409174862,1.13126,73941.0,0.001187374838286459,1.12988,86461.0,-0.003628658455833489,1.12854,74920.0,-0.003013525825215635,1.13808,84338.0,99015.1,0.7363927320176417
2025-05-07 00:00:00+00:00,1.13662,1.13777,1.12913,1.12948,85320.0,-0.006211835923064846,-0.0062312096484378075,0.008233269942088565,1.13114,1.134252,1.134998,,,1.132235805223583,1.124883175307451,45.76119020135951,-1.8918402446015594,0.0073526299161319475,0.009607584259753933,-0.002254954343621985,1.1483390259212516,1.134998,1.1216569740787483,0.026682051842503274,0.2931943153183597,0.009518571428571376,9.567198177676374,19.15609068228639,0.007649537840422124,-0.006321493076459897,0.007139999999999924,0.0011499999999999844,0.0003500000000000725,0.004667362056468116,1.13654,72914.0,0.0012213686409174862,1.13126,73941.0,0.001187374838286459,1.12988,86461.0,-0.00477119358920286,1.13265,85574.0,95201.1,0.8962081320488944
2025-05-08 00:00:00+00:00,1.12948,1.13358,1.12115,1.12224,82893.0,-0.006410029394057548,-0.006430661849497027,0.006741083090592752,1.12988,1.1326370000000001,1.1351395,,,1.1306979890353395,1.124687384543936,39.832361516034915,-1.7337396238310427,0.0060106044914034484,0.008888188306083837,-0.0028775838146803887,1.147828488139325,1.1351395,1.122450511860675,0.025377976278650127,-0.008295060975846941,0.010086428571428512,3.0177187153926233,15.042135764443138,0.011076062161391452,-0.006451382948389058,0.007240000000000135,0.0040999999999999925,0.0010899999999998133,-0.006211835923064846,1.12948,85320.0,0.004667362056468116,1.13654,72914.0,0.0012213686409174862,1.13126,73941.0,-0.003628658455833489,1.12854,74920.0,92387.05,0.8972361386146651
2025-05-09 00:00:00+00:00,1.12224,1.12923,1.11963,1.12466,61598.0,0.002156401482748871,0.0021540797861457103,0.005834835776607845,1.1288360000000002,1.131485,1.1345775,,,1.1297690676452872,1.1246853560592,31.645045542368393,-0.579904881455411,0.005083711586087114,0.008127292962084493,-0.003043581375997379,1.1480933711774026,1.1345775,1.1210616288225974,0.02703174235480521,0.1331165091088895,0.00942714285714281,14.35502283105041,8.979979908039793,0.00853591307595189,0.002151761421229606,0.0024200000000000887,0.004569999999999963,0.002610000000000001,-0.006410029394057548,1.12224,82893.0,-0.006211835923064846,1.12948,85320.0,0.004667362056468116,1.13654,72914.0,0.001187374838286459,1.12988,86461.0,87914.7,0.7006564317457717
2025-05-12 00:00:00+00:00,1.11948,1.12423,1.1065,1.1083,94271.0,-0.014546618533601174,-0.014653457956351453,0.006630206657612252,1.124244,1.1281630000000002,1.1332505,,,1.1264661341613968,1.123471625980741,28.806532663316816,-2.643206633930371,0.0029945081806559415,0.007100736005798783,-0.004106227825142842,1.151156357289253,1.1332505,1.115344642710747,0.03581171457850596,-0.19671336024148536,0.009792142857142805,4.807692307692382,7.393477951378462,0.01599747360822884,-0.010087521429215887,0.011179999999999968,0.004750000000000032,0.0018000000000000238,0.002156401482748871,1.12466,61598.0,-0.006410029394057548,1.12224,82893.0,-0.006211835923064846,1.12948,85320.0,0.0012213686409174862,1.13126,73941.0,87099.25,1.0823399742248068
2025-05-13 00:00:00+00:00,1.10811,1.11944,1.10802,1.11839,68299.0,0.00910403320400599,0.009062841313185986,0.006903447982563193,1.1206140000000002,1.1261940000000001,1.13277,,,1.1252236519827203,1.1230952092414268,41.86636236845453,-1.5657730289214713,0.0021284427412935347,0.006106277352897734,-0.003977834611604199,1.1517525005285323,1.13277,1.1137874994714678,0.03796500105706446,0.12123009088329122,0.009664999999999955,33.07371349095961,17.412142876567458,0.010211107037795389,0.009191784618961245,0.010280000000000067,0.0010499999999999954,8.999999999992347e-05,-0.014546618533601174,1.1083,94271.0,0.002156401482748871,1.12466,61598.0,-0.006410029394057548,1.12224,82893.0,0.004667362056468116,1.13654,72914.0,85858.35,0.7954846558313781
2025-05-14 00:00:00+00:00,1.11794,1.1265100000000001,1.1164,1.11695,79317.0,-0.0012875651606325533,-0.001288394784860621,0.006420867385277739,1.118108,1.124624,1.1316324999999998,,,1.1239507824469173,1.1226400085568766,35.34317746786995,-2.152393300161187,0.0013107738900406396,0.005147176660326315,-0.0038364027702856756,1.1515690423544949,1.1316324999999998,1.1116959576455048,0.03987308470899009,0.13176914685285734,0.009744999999999957,29.068150208623344,22.316518669091767,0.009051434710595874,-0.0008863422713638249,0.0009899999999998244,0.008570000000000189,0.0005500000000000504,0.00910403320400599,1.11839,68299.0,-0.014546618533601174,1.1083,94271.0,0.002156401482748871,1.12466,61598.0,-0.006211835923064846,1.12948,85320.0,84559.25,0.9380050083225667
2025-05-15 00:00:00+00:00,1.11667,1.12275,1.11629,1.11853,65808.0,0.0014145664532878577,0.0014135668966776065,0.006420755846533699,1.117366,1.1236229999999998,1.1307544999999999,,,1.1231168159166223,1.1223355634785894,37.82926492897536,-1.7178054266835334,0.0007812524380328423,0.00427399181586762,-0.003492739377834778,1.1513986055433303,1.1307544999999999,1.1101103944566695,0.04128821108666081,0.20392274990210724,0.009664285714285665,33.4631432545202,31.868335651367705,0.005775437404450404,0.0016628968378138921,0.0018599999999999728,0.0042199999999998905,0.00038000000000004697,-0.0012875651606325533,1.11695,79317.0,0.00910403320400599,1.11839,68299.0,-0.014546618533601174,1.1083,94271.0,-0.006410029394057548,1.12224,82893.0,83072.45,0.7921759861422168
2025-05-16 00:00:00+00:00,1.11835,1.12191,1.11306,1.11619,64159.0,-0.00209203150563686,-0.0020942228603359394,0.006378790356297388,1.115672,1.122254,1.1296149999999998,,,1.1220511519294496,1.1218803365542496,31.779600057545608,-1.4532291528715773,0.00017081537520002854,0.0034533565277341024,-0.003282541152534074,1.1508547209814153,1.1296149999999998,1.1083752790185843,0.04247944196283093,0.18396477496699384,0.00961428571428567,27.165685449957984,29.898992971033834,0.007928757648787414,-0.001935154409195513,0.0021599999999999397,0.0035600000000000076,0.003130000000000077,0.0014145664532878577,1.11853,65808.0,-0.0012875651606325533,1.11695,79317.0,0.00910403320400599,1.11839,68299.0,0.002156401482748871,1.12466,61598.0,82310.8,0.779472438610729
2025-05-19 00:00:00+00:00,1.11756,1.12876,1.1162,1.1233,76117.0,0.006369883263602105,0.00634968130124909,0.006016243664831801,1.118672,1.121458,1.1282169999999998,,,1.122243282401842,1.1219854968094904,39.90161246242138,-0.46431672780762157,0.00025778559235156706,0.0028142423406575952,-0.002556456748306028,1.1469962293995806,1.1282169999999998,1.109437770600419,0.03755845879916153,0.3690840849915384,0.010139999999999958,50.314465408804764,36.98109803776097,0.011181340692602069,0.005109943915249583,0.005739999999999856,0.00546000000000002,0.0013600000000000279,-0.00209203150563686,1.11619,64159.0,0.0014145664532878577,1.11853,65808.0,-0.0012875651606325533,1.11695,79317.0,-0.014546618533601174,1.1083,94271.0,81648.15,0.9322562727998124
2025-05-20 00:00:00+00:00,1.12342,1.12854,1.12176,1.12813,67939.0,0.004299830855515108,0.004290612996864395,0.0059129798183771235,1.1206200000000002,1.120617,1.1275215,,,1.1231489312630971,1.1224406451939726,46.886194543951596,-0.15488370446418367,0.0007082860691245418,0.0023930510863509843,-0.0016847650172264425,1.1451396142129637,1.1275215,1.1099033857870364,0.03523622842592733,0.5172691581131955,0.010036428571428533,68.55784469096692,48.679331849909886,0.006009945662290701,0.004175050747697509,0.004709999999999992,0.00041000000000002146,0.0016599999999999948,0.006369883263602105,1.1233,76117.0,-0.00209203150563686,1.11619,64159.0,0.0014145664532878577,1.11853,65808.0,0.00910403320400599,1.11839,68299.0,79773.45,0.8516492642602269
2025-05-21 00:00:00+00:00,1.12811,1.13623,1.12774,1.13235,76957.0,0.0037407036423107165,0.003733724609355676,0.005598646922333267,1.1237000000000001,1.120904,1.1275780000000002,,,1.1245644802995438,1.1231746714759006,52.62071811803541,0.09635273942330105,0.001389808823643257,0.002192402633809439,-0.0008025938101661819,1.145253209639194,1.1275780000000002,1.1099027903608063,0.03535041927838778,0.6349913267624874,0.010106428571428547,81.93343898573679,66.93524969516947,0.007497681812160647,0.00374442531019563,0.0042400000000000215,0.0038800000000001056,0.00036999999999998145,0.004299830855515108,1.12813,67939.0,0.006369883263602105,1.1233,76117.0,-0.00209203150563686,1.11619,64159.0,-0.0012875651606325533,1.11695,79317.0,77663.45,0.9909037005180688
2025-05-22 00:00:00+00:00,1.13238,1.13443,1.12553,1.12774,83037.0,-0.004071179405660819,-0.004079489218030393,0.005467054041802338,1.1255419999999998,1.121454,1.1270455,,,1.1250530217919217,1.123512843959167,48.59136387572405,-0.7742798317701216,0.001540177832754619,0.002061957673598475,-0.0005217798408438559,1.1439751855132907,1.1270455,1.1101158144867092,0.03385937102658154,0.5205113083599462,0.00998142857142857,67.32171156893803,72.60433174854724,0.00789188997463966,-0.004114423537340147,0.0046399999999999775,0.0020500000000001073,0.0022100000000000453,0.0037407036423107165,1.13235,76957.0,0.004299830855515108,1.12813,67939.0,0.006369883263602105,1.1233,76117.0,0.0014145664532878577,1.11853,65808.0,77368.0,1.0732731878812947
2025-05-23 00:00:00+00:00,1.1277300000000001,1.1375,1.12755,1.13589,73965.0,0.0072268430666644345,0.007200854571045547,0.005714686090779255,1.129482,1.1225770000000002,1.1270310000000001,1.1147710000000002,,1.126720249208549,1.1244296703325622,52.79825939804189,0.5675177957998394,0.002290578875986826,0.002107681914076145,0.00018289696191068098,1.143928209859992,1.1270310000000001,1.1101337901400081,0.03379441971998398,0.76214387089361,0.010175714285714288,93.1537242472268,80.80295826730053,0.008759651022546111,0.007183794205424772,0.008159999999999945,0.0016099999999998893,0.000180000000000069,-0.004071179405660819,1.12774,83037.0,0.0037407036423107165,1.13235,76957.0,0.004299830855515108,1.12813,67939.0,-0.00209203150563686,1.11619,64159.0,76848.3,0.962480627417913
2025-05-26 00:00:00+00:00,1.1363,1.14181,1.13597,1.13811,49785.0,0.0019544146000052276,0.0019525072165985163,0.00562823526184308,1.132444,1.125558,1.1268605,1.1156902000000002,,1.12847251856108,1.125443028085706,50.985314421990616,1.4141360136869165,0.0030294904753740415,0.0022920436263357247,0.0007374468490383168,1.1432018024991402,1.1268605,1.11051919750086,0.03268260499828024,0.8442045088080299,0.009877142857142853,89.52138204474642,83.33227262030374,0.005131314196343119,0.0015903559409897702,0.0018099999999998673,0.0037000000000000366,0.0003300000000001635,0.0072268430666644345,1.13589,73965.0,-0.004071179405660819,1.12774,83037.0,0.0037407036423107165,1.13235,76957.0,0.006369883263602105,1.1233,76117.0,75380.65,0.6604480062191027
2025-05-27 00:00:00+00:00,1.13809,1.14066,1.13227,1.1327,64627.0,-0.004753494829146443,-0.004764828616689138,0.005688208417987273,1.133358,1.126989,1.1265915,1.1164574,,1.129122900320914,1.1259805815608388,52.063573442706996,0.7148827201109711,0.0031423187600752023,0.0024620986530836204,0.0006802201069915819,1.142320833341512,1.1265915,1.110862166658488,0.031458666683024106,0.6941754258547891,0.009859285714285706,74.19994335882197,85.62501655026506,0.007407080427297517,-0.004758541537918253,0.005390000000000006,0.002569999999999961,0.00042999999999993044,0.0019544146000052276,1.13811,49785.0,0.0072268430666644345,1.13589,73965.0,-0.004071179405660819,1.12774,83037.0,0.004299830855515108,1.12813,67939.0,74395.1,0.8686996858664078
2025-05-28 00:00:00+00:00,1.13263,1.13453,1.12833,1.12898,69932.0,-0.0032841882228303865,-0.003289593005765836,0.005635079727643949,1.1326839999999998,1.128192,1.126408,1.117231,,1.129100915656158,1.1262027607044804,54.52348993288606,1.8659207795723207,0.002898154951677556,0.002549309912802408,0.0003488450388751483,1.1419239186169012,1.126408,1.110892081383099,0.031031837233802317,0.582882620858761,0.009414285714285708,63.66468422543213,75.79533654300016,0.005491682757887636,-0.0032330067848854106,0.003649999999999931,0.0019000000000000128,0.0006500000000000394,-0.004753494829146443,1.1327,64627.0,0.0019544146000052276,1.13811,49785.0,0.0072268430666644345,1.13589,73965.0,0.0037407036423107165,1.13235,76957.0,73613.0,0.9499952454050236
2025-05-29 00:00:00+00:00,1.129,1.13839,1.12099,1.1365,86458.0,0.006660879732147684,0.006638794091695934,0.005768621103122028,1.1344360000000002,1.1299890000000001,1.126806,1.1182542,,1.1302392363244413,1.1269655191708152,57.43718592964834,1.6192920179901527,0.003273717153626121,0.0026941913609671506,0.0005795257926589706,1.1429479211013462,1.126806,1.1106640788986537,0.032283842202692536,0.8002740485205194,0.009971428571428567,84.96176720475805,74.2754649296707,0.015310162780466416,0.006599208095028651,0.007500000000000062,0.0018899999999999473,0.008010000000000073,-0.0032841882228303865,1.12898,69932.0,-0.004753494829146443,1.1327,64627.0,0.0019544146000052276,1.13811,49785.0,-0.004071179405660819,1.12774,83037.0,74189.9,1.1653607836107072
2025-05-30 00:00:00+00:00,1.13644,1.13893,1.1312,1.13457,79591.0,-0.001698196216454062,-0.0016996397861901186,0.005783098934750129,1.1341720000000002,1.131827,1.1270405000000001,1.1193198,,1.1309055076591426,1.127528814047051,70.15497928494723,1.5775101839831656,0.003376693612091586,0.002830691811192038,0.000546001800899548,1.1435035245670329,1.1270405000000001,1.1105774754329674,0.032926049134065494,0.7286791217902272,0.009226428571428571,78.5735424681861,75.73333129945875,0.006813153882087499,-0.001648201521281028,0.0018699999999998163,0.0024900000000001032,0.003370000000000095,0.006660879732147684,1.1365,86458.0,-0.0032841882228303865,1.12898,69932.0,-0.004753494829146443,1.1327,64627.0,0.0072268430666644345,1.13589,73965.0,73846.4,1.0777911990293367
2025-06-02 00:00:00+00:00,1.1346,1.14494,1.13398,1.1437599999999999,74434.0,0.008099985016349676,0.008067356214500752,0.006044240528685771,1.135302,1.1338730000000001,1.1276655,1.1205966,,1.1328831218654283,1.1287311241176397,69.73704683367056,2.2556390977443486,0.004151997747788627,0.003094952998511356,0.0010570447492772713,1.1456790802280268,1.1276655,1.1096519197719732,0.036027160456053586,0.9467324040048115,0.009193571428571436,96.29861982434073,86.61130983242829,0.00958242988039456,0.008008673148212768,0.009159999999999835,0.001180000000000181,0.0006200000000000649,-0.001698196216454062,1.13457,79591.0,0.006660879732147684,1.1365,86458.0,-0.0032841882228303865,1.12898,69932.0,0.0019544146000052276,1.13811,49785.0,73871.05,1.0076207120380718
2025-06-03 00:00:00+00:00,1.14339,1.14541,1.13635,1.13708,62698.0,-0.0058403860949848285,-0.0058575078474982145,0.00612520577109698,1.1361780000000001,1.134768,1.1276924999999998,1.1217546,,1.1335287954245932,1.1293495593681848,64.47993094518787,1.8715451670414602,0.004179236056408353,0.0033118096100907555,0.0008674264463175976,1.1457636143453906,1.1276924999999998,1.1096213856546089,0.036142228690781764,0.7597377179010173,0.009118571428571436,74.25038639876377,83.04084956376353,0.00796777711330783,-0.005549301720195426,0.006309999999999816,0.002020000000000133,0.0007300000000001194,0.008099985016349676,1.1437599999999999,74434.0,-0.001698196216454062,1.13457,79591.0,0.006660879732147684,1.1365,86458.0,-0.004753494829146443,1.1327,64627.0,73360.25,0.8546590285611076
2025-06-04 00:00:00+00:00,1.137,1.1434,1.1356600000000001,1.1412499999999999,66925.0,0.0036672881415553693,0.003660580035767684,0.005991243839893821,1.138632,1.1356579999999998,1.128281,1.1231056,,1.134716673051579,1.1302310734890602,65.75589459084614,1.5979702661799975,0.004485599562518816,0.0035465676005763678,0.0009390319619424483,1.1473369761588956,1.128281,1.1092250238411046,0.038111952317791076,0.8402869496650193,0.009210000000000005,87.14064914992225,85.8965517910089,0.006782037239868441,0.003723986856516859,0.004249999999999865,0.0021500000000000963,0.0013399999999998968,-0.0058403860949848285,1.13708,62698.0,0.008099985016349676,1.1437599999999999,74434.0,-0.001698196216454062,1.13457,79591.0,-0.0032841882228303865,1.12898,69932.0,72440.5,0.9238616519764496
2025-06-05 00:00:00+00:00,1.14113,1.14944,1.14041,1.14431,75946.0,0.002681270536692315,0.002677682343360474,0.0057776127908022515,1.140194,1.137315,1.1293845,1.1243968000000002,,1.1361925695051822,1.1312739569343149,69.30788244987656,1.434231870440451,0.004918612570867342,0.003820976594634563,0.001097635976232779,1.1494944582296924,1.1293845,1.1092745417703076,0.04021991645938483,0.8710972402210756,0.009222857142857152,84.56678700360985,81.98594085076529,0.007891218288750508,0.002778967237898787,0.0031799999999999606,0.005130000000000079,0.0007200000000000539,0.0036672881415553693,1.1412499999999999,66925.0,-0.0058403860949848285,1.13708,62698.0,0.008099985016349676,1.1437599999999999,74434.0,0.006660879732147684,1.1365,86458.0,72093.15,1.0534426641088648
2025-06-06 00:00:00+00:00,1.14429,1.14569,1.13712,1.13934,66059.0,-0.004343228670552479,-0.004352687887158103,0.005890257538833752,1.141148,1.13766,1.1301185,1.1255284,,1.1366767895813081,1.131871441605847,61.34691567628766,0.6173003046761206,0.004805347975461061,0.004017850870799863,0.000787497104661198,1.1505710919345709,1.1301185,1.1096659080654292,0.04090518386914166,0.7254359748021222,0.008937142857142881,64.49912126537797,78.73551913963668,0.007521898643074226,-0.004344620569803579,0.00495000000000001,0.0014000000000000679,0.0022200000000001108,0.002681270536692315,1.14431,75946.0,0.0036672881415553693,1.1412499999999999,66925.0,-0.0058403860949848285,1.13708,62698.0,-0.001698196216454062,1.13457,79591.0,72316.2,0.9134744358802039
2025-06-09 00:00:00+00:00,1.13955,1.14388,1.1386,1.14194,53089.0,0.002282022925553351,0.0022794230657787896,0.0046806661752023335,1.140784,1.138043,1.1318005000000002,1.1267394,,1.1374865142611068,1.1326172607461547,60.08765522279042,1.2591554790997919,0.004869253514952154,0.004188131399630321,0.000681122115321833,1.1501197960965657,1.1318005000000002,1.1134812039034347,0.036638592193130926,0.7767437118367424,0.00883000000000002,73.6379613356765,74.23462320155477,0.004623710527698436,0.0020929295759846336,0.002389999999999892,0.0019400000000000528,0.0009500000000000064,-0.004343228670552479,1.13934,66059.0,0.002681270536692315,1.14431,75946.0,0.0036672881415553693,1.1412499999999999,66925.0,0.008099985016349676,1.1437599999999999,74434.0,70257.1,0.7556389318659608
2025-06-10 00:00:00+00:00,1.142,1.14471,1.13725,1.14201,63127.0,6.129919260211558e-05,6.129731388338431e-05,0.004331906934525406,1.14177,1.138974,1.1329815,1.1279964,,1.1381824351440135,1.1333130192094025,57.51166407465018,0.538784565406853,0.004869415934610988,0.0043243883066264545,0.0005450276279845333,1.1506960854564732,1.1329815,1.115266914543527,0.03542917091294617,0.7548323815475112,0.00875642857142857,73.88400702987688,70.67369654364377,0.006532342098580398,8.75649074882489e-06,1.0000000000065512e-05,0.0026999999999999247,0.00474999999999981,0.002282022925553351,1.14194,53089.0,-0.004343228670552479,1.13934,66059.0,0.002681270536692315,1.14431,75946.0,-0.0058403860949848285,1.13708,62698.0,69998.5,0.9018336107202297
2025-06-11 00:00:00+00:00,1.14208,1.14989,1.14048,1.14859,64678.0,0.005761770912689146,0.005745235396165772,0.004417264654782543,1.143238,1.140935,1.1345635,1.1292734,,1.1397835989680114,1.1344446474161136,65.73110004526959,0.92082487633006,0.005338951551897786,0.004527300955680721,0.000811650596217065,1.151897026108913,1.1345635,1.1172299738910871,0.034667052217825844,0.9046060770285942,0.008792857142857142,95.50173010380598,81.00789948978644,0.00819265360137224,0.005667818803924826,0.006510000000000016,0.0013000000000000789,0.0016000000000000458,6.129919260211558e-05,1.14201,63127.0,0.002282022925553351,1.14194,53089.0,-0.004343228670552479,1.13934,66059.0,0.0036672881415553693,1.1412499999999999,66925.0,69266.55,0.9337551819745605
2025-06-12 00:00:00+00:00,1.14865,1.16313,1.14816,1.15799,80447.0,0.00818394727448446,0.008150640375861816,0.004670001479680643,1.145974,1.143084,1.1365365,1.1303318,,1.1425845837421635,1.1361887476075125,66.36552132701443,2.2327182837468027,0.006395836134651001,0.004901007991474777,0.0014948281431762236,1.1551235133214153,1.1365365,1.1179494866785848,0.03717402664283043,1.077109932322536,0.009151428571428573,87.80256288561957,85.72943333976747,0.012927572776966923,0.00806570004922333,0.009340000000000126,0.005139999999999922,0.0004899999999998794,0.005761770912689146,1.14859,64678.0,6.129919260211558e-05,1.14201,63127.0,0.002282022925553351,1.14194,53089.0,0.002681270536692315,1.14431,75946.0,69998.5,1.149267484303235
2025-06-13 00:00:00+00:00,1.15795,1.16141,1.14882,1.1549,87657.0,-0.002668416825706621,-0.0026719833960281926,0.004696631589048537,1.149086,1.145117,1.1384720000000002,1.1315052,,1.1444792631664462,1.1375747663032523,62.27518643076492,2.2958776949104447,0.006904496863193943,0.00530170576581861,0.0016027910973753327,1.1561791553779506,1.1384720000000002,1.1207648446220497,0.035414310755900846,0.9638802690029087,0.009627857142857157,80.46986236355019,87.9247184509919,0.010901376742575202,-0.002640921291886741,0.003049999999999997,0.0034600000000000186,0.006080000000000085,0.00818394727448446,1.15799,80447.0,0.005761770912689146,1.14859,64678.0,6.129919260211558e-05,1.14201,63127.0,-0.004343228670552479,1.13934,66059.0,71173.4,1.2315977598372427
2025-06-16 00:00:00+00:00,1.15272,1.16141,1.15211,1.15572,73333.0,0.0007100181833925578,0.0007097662397315173,0.00457030770157782,1.1518419999999998,1.1463130000000001,1.140093,1.1328046,,1.1462086072946853,1.1389188576881966,68.04075235109738,1.691157061152663,0.00728974960648876,0.005699314533952641,0.0015904350725361189,1.1578876297043719,1.140093,1.1222983702956282,0.03558925940874369,0.9390931494393717,0.00969285714285717,82.41575700047484,83.56272741654819,0.008046931782784832,0.0025957844460596973,0.0030000000000001137,0.005689999999999973,0.0006099999999999994,-0.002668416825706621,1.1549,87657.0,0.00818394727448446,1.15799,80447.0,0.005761770912689146,1.14859,64678.0,0.002282022925553351,1.14194,53089.0,71034.2,1.032361876391935
2025-06-17 00:00:00+00:00,1.15574,1.15795,1.14741,1.14787,77620.0,-0.0067923026338561066,-0.006815475311560368,0.004867529663567548,1.153014,1.147392,1.14108,1.1338556,,1.1464642061724262,1.1395819052668485,63.90401884292651,1.1722502798416903,0.006882300905577621,0.005935911808277637,0.0009463890972999838,1.1582599577231243,1.14108,1.123900042276876,0.03435991544624839,0.697613990366825,0.010002857142857171,63.78737541528233,75.55766492643578,0.009182224467927548,-0.006856177093224881,0.007870000000000044,0.0022100000000000453,0.00045999999999990493,0.0007100181833925578,1.15572,73333.0,-0.002668416825706621,1.1549,87657.0,0.00818394727448446,1.15799,80447.0,6.129919260211558e-05,1.14201,63127.0,71518.25,1.0853173840243575
2025-06-18 00:00:00+00:00,1.1476899999999999,1.15298,1.14603,1.14753,77823.0,-0.00029620078928793703,-0.00029624466540603217,0.004826138215369277,1.152802,1.14802,1.141839,1.1349156,,1.1466281744535913,1.1401706530248596,59.078189300411466,0.32961460446247914,0.006457521428731683,0.006040233732368447,0.00041728769636323586,1.1587339383886952,1.141839,1.124944061611305,0.033789876777390315,0.6684232244317589,0.009256428571428579,51.14312558722189,65.782086000993,0.006056486540656706,-0.00013942990597190313,0.00015999999999993797,0.005290000000000017,0.0014999999999998348,-0.0067923026338561066,1.14787,77620.0,0.0007100181833925578,1.15572,73333.0,-0.002668416825706621,1.1549,87657.0,0.005761770912689146,1.14859,64678.0,71561.55,1.0874974060791025
2025-06-19 00:00:00+00:00,1.14738,1.14994,1.14458,1.149,61635.0,0.0012810122611173203,0.0012801924649486962,0.004695612555976475,1.151004,1.148489,1.1429019999999999,1.1355074,,1.1469930706915004,1.140824678726722,61.96715873279152,1.0482991522144378,0.006168391964778364,0.00606586537885043,0.00010252658592793326,1.1587016250455147,1.1429019999999999,1.127102374954485,0.031599250091029596,0.6929792631924281,0.009087142857142865,51.526586620926345,55.485695874476846,0.0046649260226284,0.0014099216710182375,0.0016199999999999548,0.0009399999999999409,0.0028000000000001357,-0.00029620078928793703,1.14753,77823.0,-0.0067923026338561066,1.14787,77620.0,0.0007100181833925578,1.15572,73333.0,0.00818394727448446,1.15799,80447.0,70491.45,0.8743613587179723
2025-06-20 00:00:00+00:00,1.14872,1.15434,1.14861,1.15216,67526.0,0.0027502175805047546,0.002746442651800964,0.0044822426411604555,1.150456,1.149771,1.1437155,1.1358325999999999,,1.147787982892808,1.1416643321543722,57.74050866199796,0.9559693318729637,0.006123650738435682,0.0060774224507674805,4.622828766820148e-05,1.1596696480829451,1.1437155,1.127761351917055,0.03190829616589008,0.7646490416190609,0.008713571428571432,60.06552602839472,54.24507941218098,0.004973267601721994,0.0029856964310513378,0.0034400000000001096,0.0021799999999998487,0.0001100000000000545,0.0012810122611173203,1.149,61635.0,-0.00029620078928793703,1.14753,77823.0,-0.0067923026338561066,1.14787,77620.0,-0.002668416825706621,1.1549,87657.0,70169.5,0.9623269369170366
2025-06-23 00:00:00+00:00,1.14516,1.15811,1.14516,1.15731,89306.0,0.004469865296486519,0.004459905118010215,0.004553404528090772,1.1507740000000002,1.151308,1.1446755,1.136282,,1.1492529086016068,1.1428232705133077,69.18262848473346,1.1360557890781453,0.0064296380882991055,0.006147865578273805,0.0002817725100253002,1.1614965225297773,1.1446755,1.1278544774702226,0.033642045059554704,0.8755568360256913,0.00899142857142857,78.81325081907549,63.46845448946551,0.011189741728663898,0.010498483552375858,0.012150000000000105,0.0007999999999999119,0.0,0.0027502175805047546,1.15216,67526.0,0.0012810122611173203,1.149,61635.0,-0.00029620078928793703,1.14753,77823.0,0.0007100181833925578,1.15572,73333.0,72145.55,1.2378587452725773
2025-06-24 00:00:00+00:00,1.15727,1.16412,1.15709,1.16077,79952.0,0.0029896916124461104,0.0029852313720948277,0.004377991581870672,1.153354,1.153184,1.1460789999999998,1.1369374,,1.1510247688167443,1.1441526578826922,68.76201460976553,1.8809135113311268,0.006872110934052156,0.006292714649429476,0.0005793962846226798,1.1633704422399271,1.1460789999999998,1.1287875577600726,0.03458288447985458,0.9248055135064895,0.008940714285714302,87.5925925925928,75.490456480021,0.0060563246810307735,0.00301523988387024,0.0035000000000000586,0.003349999999999964,0.000180000000000069,0.004469865296486519,1.15731,89306.0,0.0027502175805047546,1.15216,67526.0,0.0012810122611173203,1.149,61635.0,-0.0067923026338561066,1.14787,77620.0,72911.8,1.0965577588264177
2025-06-25 00:00:00+00:00,1.16043,1.16646,1.15895,1.16578,60076.0,0.004316100519482724,0.004306812872324742,0.004294238916567253,1.157004,1.154903,1.1479190000000001,1.137459,,1.153294804383399,1.145754683224715,69.8906800074115,2.0876753594759867,0.007540121158684077,0.006542195951280397,0.0009979252074036795,1.1653803135094007,1.1479190000000001,1.1304576864905995,0.03492262701880122,1.0114449147936126,0.008832142857142875,97.68234492160869,88.02939611109231,0.0064420388066360095,0.00458920207929452,0.005349999999999966,0.0006800000000000139,0.0014800000000001479,0.0029896916124461104,1.16077,79952.0,0.004469865296486519,1.15731,89306.0,0.0027502175805047546,1.15216,67526.0,-0.00029620078928793703,1.14753,77823.0,72419.0,0.8295613029729767
2025-06-26 00:00:00+00:00,1.1655,1.17444,1.16514,1.16992,71966.0,0.0035512703940709933,0.0035449795226893104,0.0041559517381772,1.161188,1.156096,1.1495900000000001,1.1381356,,1.155852526785953,1.1475447066895508,78.7730523146404,2.4439365679810248,0.008307820096402185,0.006895320780304756,0.0014124993160974297,1.1687627251446835,1.1495900000000001,1.1304172748553167,0.038345450289366756,1.030180239026623,0.00888428571428571,87.84619521376747,91.04037757598964,0.007949261487964873,0.0037780361050328997,0.0044200000000000905,0.0045199999999998575,0.00035999999999991594,0.004316100519482724,1.16578,60076.0,0.0029896916124461104,1.16077,79952.0,0.004469865296486519,1.15731,89306.0,0.0012810122611173203,1.149,61635.0,71694.4,1.0037883014572966
2025-06-27 00:00:00+00:00,1.16936,1.17532,1.168,1.17148,66661.0,0.0013334245076586093,0.001332536286695855,0.004089518306642529,1.165052,1.1577540000000002,1.1514355,1.1387855999999998,,1.158256753434268,1.1493176913792138,78.34932821497107,1.9928782246058276,0.008939062055054237,0.007304069035254652,0.0016349930197995842,1.171600727470754,1.1514355,1.131270272529246,0.040330454941508,0.9970065432951581,0.009029999999999998,89.91331757289241,91.81395256942285,0.006248506163144051,0.0018096766483423718,0.002120000000000122,0.0038399999999998435,0.0013600000000000279,0.0035512703940709933,1.16992,71966.0,0.004316100519482724,1.16578,60076.0,0.0029896916124461104,1.16077,79952.0,0.0027502175805047546,1.15216,67526.0,71047.9,0.9382543326403737
2025-06-30 00:00:00+00:00,1.1728,1.17881,1.17073,1.17862,64213.0,0.006094854372246994,0.006076355873057575,0.003944027827547495,1.169314,1.1600439999999999,1.1531784999999999,1.1393328,,1.1613895605982267,1.1514882327585312,80.93628527970237,1.7815352464183563,0.00990132783969555,0.007823520796142833,0.002077807043552718,1.1763521949555873,1.1531784999999999,1.1300048050444125,0.04634738991117482,1.0489305880818527,0.009074285714285717,99.50430472214998,92.42127250293662,0.006855475047088854,0.004937978313620961,0.005819999999999936,0.00018999999999991246,0.0020700000000000163,0.0013334245076586093,1.17148,66661.0,0.0035512703940709933,1.16992,71966.0,0.004316100519482724,1.16578,60076.0,0.004469865296486519,1.15731,89306.0,70536.85,0.9103468612505378
2025-07-01 00:00:00+00:00,1.17849,1.18293,1.17608,1.18052,65453.0,0.0016120547759244097,0.0016107568103646084,0.003544913928308326,1.173264,1.1633090000000001,1.1553505000000002,1.1401024,,1.1643327051215764,1.153638734035677,79.29895393650193,2.2183738851848624,0.010693971085899312,0.008397610854094129,0.0022963602318051834,1.1802498337260234,1.1553505000000002,1.130451166273977,0.04979866745204653,1.0054251707485293,0.008891428571428566,93.71577574967401,94.3777993482388,0.005802527699657797,0.0017195812015044017,0.0020299999999999763,0.0024100000000000232,0.0024100000000000232,0.006094854372246994,1.17862,64213.0,0.0013334245076586093,1.17148,66661.0,0.0035512703940709933,1.16992,71966.0,0.0029896916124461104,1.16077,79952.0,70674.6,0.9261177282927671
2025-07-02 00:00:00+00:00,1.18014,1.18096,1.17463,1.17968,61534.0,-0.0007115508420018068,-0.0007118041144534612,0.0035640384449259865,1.176044,1.1665240000000001,1.157272,1.1410715999999999,,1.1666938274105647,1.155567716699701,73.61201828870006,2.0731665109195982,0.011126110710863779,0.00894331082544806,0.002182799885415719,1.1834862874663474,1.157272,1.1310577125336527,0.052428574932694705,0.9274005163933275,0.00827428571428571,91.52542372881365,94.91516806687919,0.005365861928658574,-0.00038993625389928193,0.00045999999999990493,0.0008200000000000429,0.005049999999999999,0.0016120547759244097,1.18052,65453.0,0.006094854372246994,1.17862,64213.0,0.0013334245076586093,1.17148,66661.0,0.004316100519482724,1.16578,60076.0,70405.05,0.8739998054116856
2025-07-03 00:00:00+00:00,1.1797,1.1801599999999999,1.17168,1.17549,37402.0,-0.00355181066051824,-0.003558133315691357,0.00373859162405548,1.177158,1.169173,1.1588310000000002,1.1418135999999999,,1.1680470847320161,1.157043441388612,71.89028279821362,2.4061958235688694,0.011003643343404201,0.009355377329039289,0.0016482660143649127,1.1855041466775873,1.1588310000000002,1.132157853322413,0.05334629335517427,0.8122803657432356,0.007980714285714261,80.5997392438068,88.61364624076481,0.007214012879735107,-0.0035814851678874745,0.004210000000000047,0.00045999999999990493,0.003809999999999869,-0.0007115508420018068,1.17968,61534.0,0.0016120547759244097,1.18052,65453.0,0.006094854372246994,1.17862,64213.0,0.0035512703940709933,1.16992,71966.0,68477.85,0.5461912136552184
2025-07-04 00:00:00+00:00,1.17553,1.17869,1.17503,1.17663,38721.0,0.0009698083352476239,0.0009693383749671208,0.003493350592957815,1.178188,1.17162,1.1606955,1.1426226,,1.1693675332347828,1.158494297582048,72.08025343188996,2.5358814148649818,0.010873235652734792,0.00965894899377839,0.0012142866589564018,1.1868400282390403,1.1606955,1.1345509717609599,0.052289056478080465,0.8047387173008121,0.007577857142857113,83.57235984354641,85.23250760538895,0.0031105785166109963,0.0009348733246645936,0.001100000000000101,0.0020599999999999508,0.0004999999999999449,-0.00355181066051824,1.17549,37402.0,-0.0007115508420018068,1.17968,61534.0,0.0016120547759244097,1.18052,65453.0,0.0013334245076586093,1.17148,66661.0,67110.95,0.5769699281562846
2025-07-07 00:00:00+00:00,1.17804,1.17897,1.16863,1.1706699999999999,57741.0,-0.005065313650000625,-0.005078185837362523,0.003793231927723904,1.1765979999999998,1.172956,1.162132,1.1432056,,1.169567912737124,1.159396201464859,75.0769907611083,1.8859878154917193,0.010171711272264794,0.00976150144947567,0.0004102098227891232,1.187066646874113,1.162132,1.137197353125887,0.04986929374822591,0.6712075579635349,0.0075635714285713996,68.03129074315483,77.40112994350267,0.008832548882264018,-0.006295540160762725,0.007370000000000099,0.0009300000000000974,0.0020399999999998197,0.0009698083352476239,1.17663,38721.0,-0.00355181066051824,1.17549,37402.0,-0.0007115508420018068,1.17968,61534.0,0.006094854372246994,1.17862,64213.0,67343.55,0.8574095069238257
2025-07-08 00:00:00+00:00,1.17047,1.17646,1.16821,1.17238,60128.0,0.0014607019911674346,0.0014596362037528974,0.003783044349202332,1.17497,1.174117,1.1636505,1.1438916000000001,,1.1700005415467971,1.160357964319314,76.53213751868431,1.7549645882516234,0.009642577227483073,0.009737716605077152,-9.513937759407856e-05,1.1870790417251753,1.1636505,1.1402219582748245,0.04685708345035078,0.68630054107507,0.007656428571428564,72.49022164276394,74.69795740982171,0.007036967536123178,0.0016291646053328088,0.0019100000000000783,0.0040800000000000836,0.0022599999999999287,-0.005065313650000625,1.1706699999999999,57741.0,0.0009698083352476239,1.17663,38721.0,-0.00355181066051824,1.17549,37402.0,0.0016120547759244097,1.18052,65453.0,67193.6,0.8948471282979331
2025-07-09 00:00:00+00:00,1.17227,1.17288,1.16891,1.1717,55507.0,-0.0005800167181289062,-0.0005801849928968258,0.003654747048977818,1.1733740000000001,1.174709,1.164806,1.1446726,,1.1702619966934438,1.161198115110476,74.65247610773207,1.243400644598241,0.009063881582967781,0.009602949600655279,-0.0005390680176874975,1.1873706714088492,1.164806,1.1422413285911508,0.045129342817698426,0.6527609215992467,0.00755714285714285,70.2674079957637,70.26297346056081,0.0033882393104037118,-0.00048647264658185495,0.0005699999999999594,0.0006099999999999994,0.00279000000000007,0.0014607019911674346,1.17238,60128.0,-0.005065313650000625,1.1706699999999999,57741.0,0.0009698083352476239,1.17663,38721.0,-0.0007115508420018068,1.17968,61534.0,66735.05,0.8317518305598033
2025-07-10 00:00:00+00:00,1.17157,1.1749100000000001,1.16621,1.16994,51433.0,-0.0015020909789195125,-0.0015032202485594803,0.003275123879358482,1.172264,1.1747109999999998,1.1654035,1.1455006,,1.1702124587406062,1.1618456621393296,69.91487455197102,0.7899928495739811,0.008366796601276594,0.009355719000779542,-0.0009889223995029478,1.187840738102852,1.1654035,1.1429662618971481,0.04487447620570384,0.6010931019942094,0.007769285714285716,65.60762509928507,69.45508491260422,0.0074362787835274904,-0.0013932338410516953,0.0016300000000000203,0.0033400000000001207,0.003730000000000011,-0.0005800167181289062,1.1717,55507.0,0.0014607019911674346,1.17238,60128.0,-0.005065313650000625,1.1706699999999999,57741.0,-0.00355181066051824,1.17549,37402.0,65284.35,0.7878304677920512
2025-07-11 00:00:00+00:00,1.16981,1.17136,1.16642,1.16882,63105.0,-0.0009573140502932009,-0.0009577725680423245,0.0032091748520792994,1.170702,1.174445,1.1660995,1.1462794,,1.1699982343189745,1.1623622797586386,64.17138635803963,0.26076961347766575,0.007635954560335945,0.009011766112690823,-0.0013758115523548782,1.1880225784190608,1.1660995,1.1441764215809394,0.04384615683812143,0.5620464869941486,0.007197142857142854,45.39473684210518,60.42325664571798,0.004226484830855003,-0.0008470080936329344,0.0009900000000000464,0.0015499999999999403,0.0023999999999999577,-0.0015020909789195125,1.16994,51433.0,-0.0005800167181289062,1.1717,55507.0,0.0014607019911674346,1.17238,60128.0,0.0009698083352476239,1.17663,38721.0,64056.75,0.9851420810453231
2025-07-14 00:00:00+00:00,1.1659,1.16973,1.16538,1.16636,53624.0,-0.0021046867781180367,-0.0021069047439637324,0.0032655100223768713,1.1698400000000002,1.173219,1.1666314999999998,1.1469814,,1.1694385059622092,1.1626584071839245,57.056298914415464,-0.30429431072210134,0.006780098778284671,0.008565432645809593,-0.0017853338675249217,1.1880035173911654,1.1666314999999998,1.1452594826088343,0.04274403478233113,0.4936482364993773,0.007005714285714266,30.900750625521702,47.30103752230398,0.0037295517678931495,0.00039438938235204134,0.000460000000000127,0.003369999999999873,0.0005199999999998539,-0.0009573140502932009,1.16882,63105.0,-0.0015020909789195125,1.16994,51433.0,-0.0005800167181289062,1.1717,55507.0,-0.005065313650000625,1.1706699999999999,57741.0,63071.3,0.8502123786888807
2025-07-15 00:00:00+00:00,1.16627,1.16921,1.15924,1.16018,53562.0,-0.005298535615075983,-0.0053126226373345995,0.003103908532504573,1.1674,1.171185,1.167247,1.1474541999999999,,1.1680141204295618,1.1624748214665968,43.13388916135362,-0.9645917984088579,0.005539298962965011,0.007960205909240677,-0.002420906946275666,1.186991025185513,1.167247,1.147502974814487,0.039488050371025984,0.32103446653863454,0.007181428571428545,3.9679189531445394,26.754468806923796,0.008593494112982498,-0.0052491854712199216,0.006089999999999929,0.0029400000000001647,0.0009399999999999409,-0.0021046867781180367,1.16636,53624.0,-0.0009573140502932009,1.16882,63105.0,-0.0015020909789195125,1.16994,51433.0,0.0014607019911674346,1.17238,60128.0,61868.4,0.8657408305370754
2025-07-16 00:00:00+00:00,1.15954,1.17207,1.1562000000000001,1.16331,66691.0,0.002697857229050804,0.0026942245444128475,0.0031336135599441778,1.1657220000000001,1.169548,1.168036,1.1481308,,1.1672904095942445,1.1625366865431452,41.68971586623093,-1.2989767694422234,0.0047537230510992234,0.007318909337612387,-0.0025651862865131636,1.1856037064974005,1.168036,1.1504682935025996,0.03513541299480094,0.365491832963531,0.007650714285714256,26.599326599326492,20.489332059330902,0.013642107434819462,0.0032407526798532214,0.003770000000000051,0.008759999999999879,0.0033399999999998986,-0.005298535615075983,1.16018,53562.0,-0.0021046867781180367,1.16636,53624.0,-0.0009573140502932009,1.16882,63105.0,-0.0005800167181289062,1.1717,55507.0,61311.8,1.0877351504930535
2025-07-17 00:00:00+00:00,1.16291,1.16421,1.15563,1.15943,52528.0,-0.0033353104503529574,-0.003340884996933354,0.0032552704432462936,1.16362,1.167942,1.1685575,1.1488746,,1.1660811158105144,1.1623065616140233,35.6854359705394,-1.786500864026027,0.0037745541964910867,0.006610038309388127,-0.00283548411289704,1.1842668346369825,1.1685575,1.1528481653630174,0.03141866927396508,0.20948801426279978,0.00774071428571426,13.91941391941396,14.82888649062832,0.007400188023425331,-0.0030014748626481544,0.0034800000000001496,0.0012999999999998568,0.0038000000000000256,0.002697857229050804,1.16331,66691.0,-0.005298535615075983,1.16018,53562.0,-0.0021046867781180367,1.16636,53624.0,-0.0015020909789195125,1.16994,51433.0,60856.45,0.8631459771314298
2025-07-18 00:00:00+00:00,1.15934,1.16715,1.15896,1.16242,51427.0,0.002578853402102732,0.0025755338655086665,0.0032491364099529302,1.16234,1.166521,1.1690705,1.1496298,,1.1655178672242814,1.162314964457429,28.65050079072263,-1.4631086396310908,0.0032029027668523113,0.005928611200880964,-0.0027257084340286527,1.183106151560818,1.1690705,1.1550348484391817,0.028071303121636415,0.26308545523581656,0.007748571428571406,24.87179487179505,21.796845130178493,0.007045646151993186,0.002649644706732482,0.0030799999999999716,0.004729999999999901,0.00038000000000004697,-0.0033353104503529574,1.15943,52528.0,0.002697857229050804,1.16331,66691.0,-0.005298535615075983,1.16018,53562.0,-0.0009573140502932009,1.16882,63105.0,60051.5,0.856381605788365
2025-07-21 00:00:00+00:00,1.16223,1.1716199999999999,1.16141,1.16872,51689.0,0.005419727809225616,0.0054050939350607915,0.003317241085026938,1.162812,1.166326,1.169641,1.1508382,,1.1660105030359305,1.1627894115346566,36.06518658478999,-0.5759300376864068,0.0032210915012738095,0.005387107260959534,-0.0021660157596857244,1.1825459299433185,1.169641,1.1567360700566813,0.0258098598866372,0.46431596281246035,0.007988571428571392,51.67785234899332,30.156353713400772,0.00873605311794085,0.005553083715517733,0.006489999999999885,0.0028999999999999027,0.0008200000000000429,0.002578853402102732,1.16242,51427.0,-0.0033353104503529574,1.15943,52528.0,0.002697857229050804,1.16331,66691.0,-0.0021046867781180367,1.16636,53624.0,58170.65,0.8885752522964759
2025-07-22 00:00:00+00:00,1.16873,1.176,1.16783,1.17531,43639.0,0.005638647409131448,0.0056228097442767196,0.0034713546674376723,1.1658380000000002,1.166619,1.170368,1.1519766000000002,,1.1674411948765564,1.1637168625320895,45.45643584944904,-0.1121847989597399,0.0037243323444668963,0.0050545522776610065,-0.0013302199331941102,1.1827982188658321,1.170368,1.157937781134168,0.02486043773166413,0.6987897418920141,0.00811999999999997,80.22829188748548,52.25931303609127,0.006951357514187755,0.005598522942883179,0.00658000000000003,0.0006899999999998574,0.0009000000000001229,0.005419727809225616,1.16872,51689.0,0.002578853402102732,1.16242,51427.0,-0.0033353104503529574,1.15943,52528.0,-0.005298535615075983,1.16018,53562.0,56355.0,0.7743589743589744
2025-07-23 00:00:00+00:00,1.17522,1.17747,1.17104,1.17665,56617.0,0.0011401247330491415,0.0011394752844337672,0.0033647845414741667,1.168506,1.167114,1.1709115,1.1531706,,1.168857934126317,1.1646748727148977,51.28205128205132,0.5108185910632456,0.004183061411419331,0.004880254104412672,-0.0006971926929933408,1.1834471758682388,1.1709115,1.1583758241317614,0.025071351736477343,0.7288867413419392,0.007973571428571405,90.05998286203905,73.98870903283928,0.005464666638337599,0.0012153146645136976,0.0014300000000000423,0.0008200000000000429,0.0041799999999998505,0.005638647409131448,1.17531,43639.0,0.005419727809225616,1.16872,51689.0,0.002578853402102732,1.16242,51427.0,0.002697857229050804,1.16331,66691.0,56182.05,1.0077417965346582
2025-07-24 00:00:00+00:00,1.17648,1.17883,1.17302,1.17469,50443.0,-0.001665745973738919,-0.0016671348711445634,0.0033151581014364082,1.1715579999999999,1.167589,1.17115,1.1542938,,1.1697551750299604,1.1654167339952757,47.894051237516244,0.19703509101144973,0.004338441034684726,0.004771891490467082,-0.00043345045578235646,1.1837873414925708,1.17115,1.158512658507429,0.025274682985141794,0.6400611039149791,0.008127142857142841,81.66238217652084,83.98355230868178,0.004945985749431844,-0.0015238062808059644,0.0017899999999999583,0.0023500000000000743,0.0016700000000000603,0.0011401247330491415,1.17665,56617.0,0.005638647409131448,1.17531,43639.0,0.005419727809225616,1.16872,51689.0,-0.0033353104503529574,1.15943,52528.0,55105.9,0.9153829263291227
2025-07-25 00:00:00+00:00,1.17507,1.17603,1.17027,1.17402,52977.0,-0.0005703632447708884,-0.0005705259637619441,0.003308488638122993,1.173878,1.168109,1.171277,1.1554504,,1.1704113019484281,1.1660540129585886,54.108413048810604,0.19800290176667235,0.004357288989839558,0.004688970990341578,-0.00033168200050201924,1.1839791906109003,1.171277,1.1585748093890995,0.025404381221800776,0.6079735017378127,0.007799999999999981,79.26724137931052,83.66320213929014,0.004906219655542484,-0.0008943629580415967,0.0010499999999999954,0.0009599999999998499,0.003750000000000142,-0.001665745973738919,1.17469,50443.0,0.0011401247330491415,1.17665,56617.0,0.005638647409131448,1.17531,43639.0,0.002578853402102732,1.16242,51427.0,54421.7,0.9734536039851751
2025-07-28 00:00:00+00:00,1.17519,1.17698,1.1584699999999999,1.15863,58940.0,-0.013108805642152666,-0.013195484371241309,0.0041586268839406085,1.1718600000000001,1.1673360000000002,1.1702775,1.1561569999999999,,1.1685987939563622,1.1655040860727672,37.373737373737455,-0.966716241858551,0.003094707883595005,0.004370118368992263,-0.0012754104853972582,1.1836737977996423,1.1702775,1.1568812022003578,0.026792595599284486,0.06527168273643905,0.00853285714285712,12.931034482759049,57.953552679530134,0.01597576448046402,-0.014292742290463657,0.016559999999999908,0.0017899999999999583,0.00016000000000016001,-0.0005703632447708884,1.17402,52977.0,-0.001665745973738919,1.17469,50443.0,0.0011401247330491415,1.17665,56617.0,0.005419727809225616,1.16872,51689.0,54158.05,1.0882961997339269
2025-07-29 00:00:00+00:00,1.15854,1.15987,1.15185,1.15442,56173.0,-0.003633601753795457,-0.003640219319911382,0.004160813404597525,1.1676819999999999,1.16676,1.1689725,1.1566828,,1.1664174410399988,1.1646830426599697,35.09830976198697,-1.232011772556935,0.0017343983800290896,0.003842974371199628,-0.0021085759911705386,1.1832253281588663,1.1689725,1.1547196718411337,0.02850565631773261,-0.010512715013239186,0.008822142857142825,9.52557449962921,33.907950120566255,0.0069472115867707735,-0.0035688917378422945,0.0041199999999999015,0.0013300000000000534,0.002569999999999961,-0.013108805642152666,1.15863,58940.0,-0.0005703632447708884,1.17402,52977.0,-0.001665745973738919,1.17469,50443.0,0.005638647409131448,1.17531,43639.0,53694.05,1.0461680577270664
2025-07-30 00:00:00+00:00,1.15421,1.15722,1.14002,1.14012,62845.0,-0.012387172779404376,-0.012464533320251325,0.0048620922203333125,1.160376,1.164441,1.1669945,1.1568382000000001,,1.1623716808799989,1.1628635580184905,28.857061826432286,-2.249734215851027,-0.0004918771384916365,0.0029760040692613757,-0.003467881207753012,1.1853735286382079,1.1669945,1.148615471361792,0.0367580572764159,-0.2311186170125124,0.009429285714285664,0.25766555011592107,7.571424844168056,0.015086131284426096,-0.01235834824404443,0.014089999999999936,0.003009999999999957,9.999999999998899e-05,-0.003633601753795457,1.15442,56173.0,-0.013108805642152666,1.15863,58940.0,-0.0005703632447708884,1.17402,52977.0,0.0011401247330491415,1.17665,56617.0,53759.6,1.169000513396677
2025-07-31 00:00:00+00:00,1.14008,1.14602,1.14002,1.14136,63107.0,0.001087604813528209,0.0010870137999003655,0.004879370936366704,1.15371,1.162634,1.1652879999999999,1.1571106,,1.1591391145907683,1.1612707018689727,30.563420158550386,-1.6221620782982,-0.0021315872782043943,0.001954485799768222,-0.004086073077972616,1.18646995617426,1.1652879999999999,1.1441060438257398,0.042363912348520216,-0.06482035471956973,0.009504999999999954,3.4527183715534564,4.411986140432858,0.005256886521342964,0.001121469124553119,0.0012799999999999478,0.0046600000000001085,5.999999999994898e-05,-0.012387172779404376,1.14012,62845.0,-0.003633601753795457,1.15442,56173.0,-0.013108805642152666,1.15863,58940.0,-0.001665745973738919,1.17469,50443.0,55044.85,1.1464651098149963
2025-08-01 00:00:00+00:00,1.14119,1.15965,1.1391,1.15873,79817.0,0.015218686479288035,0.01510404394612592,0.0061323229709894875,1.150652,1.162265,1.164393,1.1575674,,1.1590761738844964,1.1610825017305304,45.5406195207481,-0.39370417171691363,-0.0020063278460340506,0.0011623230706077673,-0.003168650916641818,1.1850636169286353,1.164393,1.1437223830713648,0.04134123385727051,0.3630181184347006,0.010662142857142827,49.408507425119595,17.706297115596318,0.01773493393629238,0.01513726234757028,0.01754000000000011,0.0009200000000000319,0.0020899999999999253,0.001087604813528209,1.14136,63107.0,-0.012387172779404376,1.14012,62845.0,-0.003633601753795457,1.15442,56173.0,-0.0005703632447708884,1.17402,52977.0,57099.65,1.3978544526980463
2025-08-04 00:00:00+00:00,1.15892,1.15961,1.15495,1.15743,61177.0,-0.0011219179619066377,-0.0011225477829790464,0.006049045499651099,1.150412,1.1611360000000002,1.163731,1.1579538,,1.1588229163638046,1.1608119460467874,48.295524978306666,-0.17249855532459932,-0.001989029682982757,0.0005320525198896624,-0.0025210822028724194,1.1844032350279907,1.163731,1.1430587649720094,0.0413444700559813,0.3475975144567478,0.010282857142857118,46.1364208406744,32.99921554578248,0.004026161409329384,-0.0012873348712233062,0.0014899999999999913,0.0006900000000000794,0.0024800000000000377,0.015218686479288035,1.15873,79817.0,0.001087604813528209,1.14136,63107.0,-0.012387172779404376,1.14012,62845.0,-0.013108805642152666,1.15863,58940.0,57271.45,1.068193663684087
2025-08-05 00:00:00+00:00,1.15679,1.15881,1.15276,1.15758,53966.0,0.00012959747025753643,0.00012958907323086896,0.006033046305394052,1.1510440000000002,1.1593630000000001,1.162991,1.1584514,,1.1586316984616807,1.1605725426359141,46.312266700991124,-0.41637273962939003,-0.0019408441742334581,3.747318106503834e-05,-0.0019783173552984966,1.1834177563439892,1.162991,1.142564243656011,0.0408535126879781,0.36755116894532447,0.00958142857142855,46.51396929272598,47.352965852839986,0.00522642063615464,0.0006824582318285289,0.0007900000000000684,0.0012299999999998423,0.004029999999999978,-0.0011219179619066377,1.15743,61177.0,0.015218686479288035,1.15873,79817.0,0.001087604813528209,1.14136,63107.0,-0.003633601753795457,1.15442,56173.0,56963.35,0.9473810792377907
2025-08-06 00:00:00+00:00,1.15711,1.1668,1.1564,1.16593,50670.0,0.007213324349072847,0.007187432760052637,0.006282148397746444,1.1562059999999998,1.158291,1.1627025,1.1591904000000002,,1.1597545140829606,1.1609693913295502,53.95569620253161,-0.23872270518174332,-0.0012148772465896407,-0.00021299690446589746,-0.0010018803421237433,1.1827711987226601,1.1627025,1.1426338012773398,0.0401373974453203,0.580411292346416,0.009711428571428546,67.53083312358389,53.39374108566142,0.008919918005369076,0.0075647766160917285,0.008819999999999828,0.0008700000000001484,0.0007099999999999884,0.00012959747025753643,1.15758,53966.0,-0.0011219179619066377,1.15743,61177.0,0.015218686479288035,1.15873,79817.0,-0.012387172779404376,1.14012,62845.0,56721.5,0.8933120598009573
2025-08-07 00:00:00+00:00,1.16538,1.16982,1.16105,1.16631,60658.0,0.00032592008096554714,0.000325866980553306,0.006275931571715527,1.161196,1.1574529999999998,1.162521,1.1597866000000001,,1.1607630503778898,1.1613649919718059,52.445003142677535,-0.7657554177195904,-0.0006019415939160222,-0.00029078584235592243,-0.00031115575156009977,1.1823786459091323,1.162521,1.1426633540908675,0.03971529181826483,0.5954040578963467,0.009752857142857134,68.48728920211408,60.84403053947464,0.007519441657878409,0.0007973866296266648,0.0009299999999998754,0.003510000000000124,0.004330000000000167,0.007213324349072847,1.16593,50670.0,0.00012959747025753643,1.15758,53966.0,-0.0011219179619066377,1.15743,61177.0,0.001087604813528209,1.14136,63107.0,57182.75,1.0607744468393003
2025-08-08 00:00:00+00:00,1.16594,1.16788,1.16282,1.16397,51126.0,-0.0020063276487383153,-0.0020083430201701604,0.006287523973902832,1.1622439999999998,1.156448,1.1622785,1.1603746,,1.1612564272428298,1.16155795552945,46.85805000661461,-1.0776356605617665,-0.0003015282866201119,-0.00029293433120876035,-8.593955411351532e-06,1.181929641951547,1.1622785,1.142627358048453,0.03930228390309409,0.5430382113205078,0.009385000000000008,62.59753335011307,66.20521855860368,0.004347191078807928,-0.0016924834832513101,0.0019700000000000273,0.0019400000000000528,0.0011499999999999844,0.00032592008096554714,1.16631,60658.0,0.007213324349072847,1.16593,50670.0,0.00012959747025753643,1.15758,53966.0,0.015218686479288035,1.15873,79817.0,56583.8,0.9035448308526468
2025-08-11 00:00:00+00:00,1.16436,1.1675,1.15896,1.16149,51928.0,-0.002130639105818899,-0.0021329121465787923,0.006287942781824239,1.1630559999999999,1.156734,1.162035,1.1607292,,1.1612923615131638,1.161552921786528,40.33296026860649,-1.1237007210413046,-0.0002605602733640744,-0.00028645951963982317,2.589924627574878e-05,1.181593669096898,1.162035,1.1424763309031019,0.03911733819379615,0.48606755916519767,0.00941142857142858,56.35539894286405,62.48007383169706,0.00735262464592893,-0.0024709640203532967,0.00287000000000015,0.0031399999999999206,0.002529999999999921,-0.0020063276487383153,1.16397,51126.0,0.00032592008096554714,1.16631,60658.0,0.007213324349072847,1.16593,50670.0,-0.0011219179619066377,1.15743,61177.0,56499.0,0.9190959132020036
2025-08-12 00:00:00+00:00,1.16068,1.16966,1.15982,1.16721,60979.0,0.004924708779240561,0.004912622067076035,0.006266334000422826,1.1649819999999997,1.158013,1.1623865,1.1613318000000001,,1.1622027674342155,1.1619719646171556,43.778012127603574,-0.5800582613584081,0.00023080281705989414,-0.0001830070522998797,0.00041380986935977385,1.182057161321927,1.1623865,1.142715838678073,0.03934132264385415,0.6226064523469602,0.009655,70.75257991442247,63.23517073579986,0.008430359575397613,0.0055945374011533025,0.006530000000000147,0.002449999999999841,0.0008599999999998609,-0.002130639105818899,1.16149,51928.0,-0.0020063276487383153,1.16397,51126.0,0.00032592008096554714,1.16631,60658.0,0.00012959747025753643,1.15758,53966.0,56869.85,1.0722553338895742
2025-08-13 00:00:00+00:00,1.16696,1.17297,1.16676,1.17037,48750.0,0.002707310595351231,0.00270365243105857,0.006266523095246961,1.16587,1.161038,1.1627395,1.1619142,,1.1634592647520285,1.1625940413121811,47.19698935894102,1.0132656672104003,0.0008652234398474068,2.6639046129577602e-05,0.0008385843937178292,1.1827307196252532,1.1627395,1.1427482803747468,0.039982439250506374,0.6908462850951055,0.009683571428571427,82.55015839493132,69.88604575073929,0.005306014337346352,0.0029136085169646467,0.003409999999999913,0.0026000000000001577,0.00019999999999997797,0.004924708779240561,1.16721,60979.0,-0.002130639105818899,1.16149,51928.0,-0.0020063276487383153,1.16397,51126.0,0.007213324349072847,1.16593,50670.0,55972.8,0.870958751393534
2025-08-14 00:00:00+00:00,1.16999,1.17146,1.16305,1.16471,56488.0,-0.004836077479771328,-0.004847809141231576,0.00632135829366032,1.16555,1.163373,1.1630035,1.1623222,,1.1636516855594088,1.1627507789927605,44.32663010359529,0.8913566986018875,0.0009009065666483185,0.0002014925502333258,0.0006994140164149926,1.1829501037473171,1.1630035,1.143056896252683,0.0398932074946341,0.54277670578956,0.009872857142857143,67.60823653643075,73.63699161526152,0.007220681543045075,-0.004533317306454117,0.0052800000000001734,0.0014699999999998603,0.0016599999999999948,0.002707310595351231,1.17037,48750.0,0.004924708779240561,1.16721,60979.0,-0.002130639105818899,1.16149,51928.0,0.00032592008096554714,1.16631,60658.0,56170.8,1.005647062174653
2025-08-15 00:00:00+00:00,1.1647,1.17147,1.16451,1.17066,45142.0,0.005108567797992736,0.0050955633361659015,0.0063953653270909195,1.166888,1.164566,1.1634155,1.1629486,,1.1647298877810381,1.163336647215519,58.28398292246243,2.6786654036417232,0.0013932405655190383,0.00043984215329046834,0.0009533984122285699,1.1836496810597252,1.1634155,1.1431813189402746,0.040468362119450596,0.6790163876318118,0.009047857142857147,93.17980513728955,81.11273335621719,0.005945364153554471,0.005091145165974719,0.005959999999999965,0.0008099999999999774,0.0001900000000001345,-0.004836077479771328,1.16471,56488.0,0.002707310595351231,1.17037,48750.0,0.004924708779240561,1.16721,60979.0,-0.0020063276487383153,1.16397,51126.0,55856.55,0.8081773757956766
2025-08-18 00:00:00+00:00,1.17096,1.17157,1.16555,1.166,44672.0,-0.003980660482121312,-0.003988604399424758,0.006350191638374768,1.16779,1.1654229999999999,1.1632795,1.1634298,,1.1649252896608784,1.1635339326069623,57.92499315630979,2.1588280647648417,0.0013913570539161313,0.000630145133415601,0.0007612119205005303,1.1833998060298965,1.1632795,1.1431591939701036,0.0402406120597929,0.5676058305464527,0.008905000000000005,79.42131679952722,80.06978615774916,0.005162950257289807,-0.004253859348199036,0.0049600000000000755,0.0006099999999999994,0.0004499999999998394,0.005108567797992736,1.17066,45142.0,-0.004836077479771328,1.16471,56488.0,0.002707310595351231,1.17037,48750.0,-0.002130639105818899,1.16149,51928.0,55505.7,0.8048182438920688
2025-08-19 00:00:00+00:00,1.1659,1.16924,1.1638600000000001,1.16453,43122.0,-0.001260720411663696,-0.001261515788210467,0.006207998101548008,1.1672539999999998,1.166118,1.1627405,1.1638802000000001,,1.1648644758668971,1.163607715376817,70.2639880458243,0.5005480137737028,0.0012567604900801665,0.0007554682047485142,0.0005012922853316524,1.1820656801652896,1.1627405,1.1434153198347103,0.038650360330579225,0.5462996977180651,0.008060714285714294,75.08119279598469,82.56077157760048,0.004619889569182366,-0.0011764402806281257,0.0013699999999998713,0.0033400000000001207,0.0006699999999999484,-0.003980660482121312,1.166,44672.0,0.005108567797992736,1.17066,45142.0,-0.004836077479771328,1.16471,56488.0,0.004924708779240561,1.16721,60979.0,55479.85,0.7772551656141825
2025-08-20 00:00:00+00:00,1.16393,1.16731,1.16218,1.16493,51149.0,0.00034348621332203066,0.0003434272354376665,0.006199860836768217,1.166166,1.166018,1.1621545,1.164207,,1.1648745565027592,1.1637056623859416,69.84340798114158,0.6479873512869083,0.0011688941168175315,0.0008381533871623177,0.0003307407296552138,1.1803834480309654,1.1621545,1.1439255519690346,0.03645789606193084,0.5761289130696219,0.007998571428571442,76.2621789193976,76.92156283830316,0.004403698076279329,0.000858420677637379,0.001000000000000112,0.0023800000000000487,0.0017499999999999183,-0.001260720411663696,1.16453,43122.0,-0.003980660482121312,1.166,44672.0,0.005108567797992736,1.17066,45142.0,0.002707310595351231,1.17037,48750.0,55206.45,0.9265040588554417
2025-08-21 00:00:00+00:00,1.16486,1.16622,1.16007,1.16056,48656.0,-0.0037512983612749684,-0.0037583521270181668,0.006238236107645563,1.165336,1.1654430000000002,1.161448,1.1642584,,1.1642107785792577,1.1634726503573534,51.972407846518635,0.2574336114998516,0.0007381282219043328,0.0008181483541107208,-8.002013220638796e-05,1.1787004287840066,1.161448,1.1441955712159935,0.034504857568013136,0.474264493100728,0.006970000000000016,38.59475507174669,63.31270892904299,0.005299165919900824,-0.003705107878954962,0.0042999999999999705,0.0013600000000000279,0.0004900000000001015,0.00034348621332203066,1.16493,51149.0,-0.001260720411663696,1.16453,43122.0,-0.003980660482121312,1.166,44672.0,-0.004836077479771328,1.16471,56488.0,55117.1,0.8827750371481808
2025-08-22 00:00:00+00:00,1.16012,1.1742,1.15824,1.17208,51271.0,0.009926242503618843,0.009877300962410766,0.00666650330761369,1.16562,1.166254,1.1613510000000002,1.164602,,1.1654214280286026,1.1641102318123642,62.939409998233565,0.5274759205098162,0.0013111962162384305,0.0009167579265362627,0.00039443828970216785,1.178325383052113,1.1613510000000002,1.1443766169478875,0.03394876610422548,0.8160350502006718,0.0077771428571428635,90.11194029850789,68.32295809655072,0.01361681796464403,0.010204081632653036,0.01195999999999997,0.0021199999999998997,0.0018800000000001038,-0.0037512983612749684,1.16056,48656.0,0.00034348621332203066,1.16493,51149.0,-0.001260720411663696,1.16453,43122.0,0.005108567797992736,1.17066,45142.0,55031.8,0.9316613303580839
2025-08-25 00:00:00+00:00,1.17199,1.17286,1.16024,1.1617899999999999,48171.0,-0.008779264214046956,-0.008818029005117009,0.006279598587621154,1.164778,1.1662839999999999,1.161509,1.1647234,,1.164862746793433,1.1639383627892261,53.15355805243432,-0.3875470500981797,0.0009243840042068019,0.0009182831420703705,6.10086213643135e-06,1.1784355010529224,1.161509,1.1445824989470774,0.033853002105844965,0.5083005932271945,0.00824642857142859,30.280898876403594,52.99586474888605,0.010862548309074856,-0.008779555685623228,0.010200000000000209,0.0008699999999999264,0.0015499999999999403,0.009926242503618843,1.17208,51271.0,-0.0037512983612749684,1.16056,48656.0,0.00034348621332203066,1.16493,51149.0,-0.003980660482121312,1.166,44672.0,54493.35,0.8839794213422372
2025-08-26 00:00:00+00:00,1.16158,1.16647,1.16017,1.16402,57563.0,0.0019194518802883032,0.0019176120864156144,0.006225807983572078,1.1646759999999998,1.1659650000000001,1.161989,1.1650464,,1.164733093440597,1.1639444099900242,48.42487217549081,0.004295643358514869,0.0007886834505728135,0.0008923632037708592,-0.00010367975319804568,1.1786107915305197,1.161989,1.1453672084694801,0.03324358306103958,0.5610944974334124,0.007953571428571449,36.215538847118594,52.20279267401003,0.005412278139550843,0.0020961839143657304,0.0024399999999999977,0.002449999999999841,0.0014100000000001334,-0.008779264214046956,1.1617899999999999,48171.0,0.009926242503618843,1.17208,51271.0,-0.0037512983612749684,1.16056,48656.0,-0.001260720411663696,1.16453,43122.0,54562.85,1.05498521429874
2025-08-27 00:00:00+00:00,1.16402,1.16471,1.15736,1.16369,46863.0,-0.00028350028350043743,-0.0002835404773026256,0.005454576650123542,1.164428,1.165297,1.1631675000000001,1.1653696,,1.164572617526659,1.163925564805578,47.83757015516669,0.18941187612463128,0.0006470527210811206,0.0008433011072329115,-0.00019624838615179099,1.1762197171941808,1.1631675000000001,1.1501152828058194,0.02610443438836141,0.5200157564123555,0.007852142857142863,37.589073634204034,34.695170452575404,0.006316115116568819,-0.00028358067870323155,0.0003300000000001635,0.0006899999999998574,0.006329999999999947,0.0019194518802883032,1.16402,57563.0,-0.008779264214046956,1.1617899999999999,48171.0,0.009926242503618843,1.17208,51271.0,0.00034348621332203066,1.16493,51149.0,53763.75,0.8716467880309688
2025-08-28 00:00:00+00:00,1.16331,1.1696900000000001,1.16286,1.16812,47099.0,0.0038068557777415357,0.0037996280397818746,0.005489663035116192,1.16594,1.165638,1.1645055,1.165752,,1.165118368676404,1.1642362637088686,53.310994096058764,0.07796369119524048,0.0008821049675353798,0.0008510618792934052,3.104308824197462e-05,1.1727436282365573,1.1645055,1.1562673717634426,0.01647625647311468,0.7193762888977893,0.007978571428571437,63.89548693586772,45.900033139063446,0.005847002020340473,0.004117727630722855,0.004809999999999981,0.0015700000000000713,0.00045000000000006146,-0.00028350028350043743,1.16369,46863.0,0.0019194518802883032,1.16402,57563.0,-0.008779264214046956,1.1617899999999999,48171.0,-0.0037512983612749684,1.16056,48656.0,52963.35,0.8892753196314055
2025-08-29 00:00:00+00:00,1.168,1.17083,1.16504,1.16825,47800.0,0.00011128993596543069,0.00011128374369992739,0.004383261338124,1.165174,1.165397,1.1649815000000001,1.1660738000000002,,1.1656001581108033,1.1645335775082117,55.6034482758621,-0.18113929782888316,0.0010665806025915714,0.0008941656239530385,0.00017241497863853292,1.1729088073015048,1.1649815000000001,1.1570541926984954,0.01585461460300941,0.7061544907802106,0.007782142857142864,64.66745843230456,55.384006334125424,0.0049561309651187345,0.00021399529210364517,0.0002500000000000835,0.0025800000000000267,0.0029599999999998516,0.0038068557777415357,1.16812,47099.0,-0.00028350028350043743,1.16369,46863.0,0.0019194518802883032,1.16402,57563.0,0.009926242503618843,1.17208,51271.0,51362.5,0.9306400584083718
2025-09-01 00:00:00+00:00,1.16943,1.17357,1.16846,1.17106,35933.0,0.002405307083244157,0.0024024189624463114,0.004388983552790866,1.167028,1.1659030000000001,1.165663,1.1663488,,1.1664401337860644,1.1650170162113072,53.353074377286084,0.5452000927269517,0.0014231175747572156,0.000999956014113874,0.00042316156064334167,1.1731902783926103,1.165663,1.1581357216073895,0.015054556785220718,0.8584961069925626,0.007459285714285732,81.35391923990542,69.97228820269255,0.00436356804945942,0.0013919013543285744,0.0016300000000000203,0.0025100000000000122,0.0009699999999999154,0.00011128993596543069,1.16825,47800.0,0.0038068557777415357,1.16812,47099.0,-0.00028350028350043743,1.16369,46863.0,-0.008779264214046956,1.1617899999999999,48171.0,50100.3,0.7172212541641467
2025-09-02 00:00:00+00:00,1.17061,1.17177,1.16125,1.16402,62513.0,-0.006011647567161327,-0.006029790268625616,0.004631368206781869,1.167028,1.1658519999999999,1.165985,1.1664138,,1.1660678055112852,1.1649431631586178,44.81970957741899,-0.5672014077528897,0.0011246423526674043,0.00102489328182458,9.974907084282433e-05,1.1725452551298163,1.165985,1.1594247448701838,0.013120510259632567,0.35023448317816996,0.007767142857142877,39.54869358669907,61.856690419636344,0.009037645401281838,-0.005661414752323735,0.006589999999999874,0.0011600000000000499,0.0027700000000001612,0.002405307083244157,1.17106,35933.0,0.00011128993596543069,1.16825,47800.0,0.0038068557777415357,1.16812,47099.0,0.0019194518802883032,1.16402,57563.0,50527.65,1.2372037884207954
2025-09-03 00:00:00+00:00,1.16339,1.16816,1.16077,1.16602,49568.0,0.0017181835363653253,0.0017167091476383736,0.004353541339923401,1.167494,1.1659609999999998,1.1659895,1.1664186,,1.1660604508172414,1.165022928850572,51.13656081901799,0.0017152658662204995,0.0010375219666693969,0.0010274190187935434,1.0102947875853443e-05,1.1725497197491972,1.1659895,1.1594292802508028,0.013120439498394365,0.5023246172511048,0.0076942857142857325,51.42517814726918,57.442596991291225,0.006337798665546052,0.002255535925627461,0.0026300000000001322,0.0021400000000000308,0.0026199999999998447,-0.006011647567161327,1.16402,62513.0,0.002405307083244157,1.17106,35933.0,0.00011128993596543069,1.16825,47800.0,-0.00028350028350043743,1.16369,46863.0,50472.55,0.9820783772565483
2025-09-04 00:00:00+00:00,1.16584,1.16689,1.16302,1.16498,47981.0,-0.0008919229515790272,-0.0008923209515292625,0.004357447278286663,1.1668660000000002,1.1664029999999999,1.165923,1.1663198,,1.1658942276145887,1.1650197489357148,44.613050075872465,0.0386421989987239,0.0008744786788739134,0.0009968309508096174,-0.00012235227193570404,1.1724964909414828,1.165923,1.1593495090585173,0.01314698188296548,0.4282725108778022,0.007473571428571445,45.249406175771824,45.407759303246685,0.0033219454411234873,-0.0007382100980275052,0.0008600000000000829,0.0010499999999999954,0.0019599999999999618,0.0017181835363653253,1.16602,49568.0,-0.006011647567161327,1.16402,62513.0,0.002405307083244157,1.17106,35933.0,0.0038068557777415357,1.16812,47099.0,49838.7,0.9627257532800816
2025-09-05 00:00:00+00:00,1.16459,1.17597,1.16427,1.17167,54564.0,0.005742587855585679,0.005726162052356767,0.004515783267885035,1.1675499999999999,1.166362,1.1663080000000001,1.1663236000000001,,1.166782807981575,1.1655123601256618,55.178082191780824,0.5785755367275259,0.001270447855913126,0.0010515543318303192,0.00021889352408280684,1.1732891855425,1.1663080000000001,1.1593268144575002,0.01396237108499987,0.8840321939129951,0.00787928571428574,76.89414293390668,57.85624241898256,0.009985746839980578,0.006042657062142049,0.007079999999999975,0.0042999999999999705,0.000320000000000098,-0.0008919229515790272,1.16498,47981.0,0.0017181835363653253,1.16602,49568.0,-0.006011647567161327,1.16402,62513.0,0.00011128993596543069,1.16825,47800.0,50010.6,1.0910486976760927
2025-09-08 00:00:00+00:00,1.17089,1.17658,1.17027,1.17622,45558.0,0.0038833459933258485,0.0038758252693682385,0.004542799821129193,1.168582,1.167805,1.1670445,1.1662756,,1.1682346836767172,1.166305518634872,60.10721079024714,1.3493485903357008,0.001929165041845149,0.0012270764738332852,0.0007020885680118637,1.1749343535107388,1.1670445,1.1591546464892613,0.015779707021477574,1.0814746742453036,0.007945714285714318,98.1269510926123,73.42350006743027,0.0053646426688885055,0.004531465202088093,0.005330000000000057,0.00035999999999991594,0.0006200000000000649,0.005742587855585679,1.17167,54564.0,-0.0008919229515790272,1.16498,47981.0,0.0017181835363653253,1.16602,49568.0,0.002405307083244157,1.17106,35933.0,49692.1,0.9168056894355441
2025-09-09 00:00:00+00:00,1.17588,1.17803,1.17034,1.17094,52443.0,-0.004488956147659429,-0.004499061765096496,0.004563137748098899,1.169966,1.168497,1.167231,1.1660840000000001,,1.1686508861879916,1.1666488135508075,54.791899218625424,-0.0972629854617363,0.0020020726371841047,0.0013820757065034492,0.0006199969306806554,1.1753113645045368,1.167231,1.159150635495463,0.016160729009073727,0.7295069732261275,0.008128571428571454,65.69908079342123,80.24005827331341,0.006567373221514317,-0.004218832732676264,0.0049399999999999444,0.0021499999999998742,0.000600000000000156,0.0038833459933258485,1.17622,45558.0,0.005742587855585679,1.17167,54564.0,-0.0008919229515790272,1.16498,47981.0,-0.006011647567161327,1.16402,62513.0,49265.3,1.0645017892918545
2025-09-10 00:00:00+00:00,1.17027,1.17307,1.16826,1.16939,50529.0,-0.0013237228209815877,-0.001324599715964338,0.0045340727272058035,1.17064,1.169067,1.167182,1.1658782,,1.1687645960052238,1.1668518643988959,57.37184838871244,0.6541629726542707,0.0019127316063278776,0.001488206886468335,0.00042452471985954254,1.1751938112808442,1.167182,1.1591701887191557,0.016023622561688544,0.6377965557725489,0.00803285714285716,58.200290275762,74.00877405393184,0.004113255629003139,-0.0007525290963664747,0.0008799999999999919,0.0028000000000001357,0.0011299999999998533,-0.004488956147659429,1.17094,52443.0,0.0038833459933258485,1.17622,45558.0,0.005742587855585679,1.17167,54564.0,0.0017181835363653253,1.16602,49568.0,49354.25,1.0238024081006194
2025-09-11 00:00:00+00:00,1.1693,1.17463,1.16604,1.17352,56279.0,0.0035317558727199216,0.0035255338683777555,0.0044527975243601236,1.172348,1.169607,1.1676224999999998,1.1658388,,1.1694961966198048,1.167345800369348,51.37142857142844,0.8161371797735298,0.0021503962504567653,0.0016206447592660212,0.0005297514911907441,1.1760214595220178,1.1676224999999998,1.1592235404779818,0.016797919044035936,0.8510851543301136,0.007506428571428596,78.18093855829694,67.36010320916006,0.00731985820437666,0.0035960188151883997,0.0042199999999998905,0.0011100000000001664,0.0032600000000000406,-0.0013237228209815877,1.16939,50529.0,-0.004488956147659429,1.17094,52443.0,0.0038833459933258485,1.17622,45558.0,-0.0008919229515790272,1.16498,47981.0,49343.8,1.14054855929215
2025-09-12 00:00:00+00:00,1.17307,1.17479,1.17011,1.1734,46318.0,-0.00010225645919959003,-0.0001022616877477523,0.004312171436218311,1.172694,1.1701219999999999,1.1677595,1.1657742,,1.1700967817552195,1.1677942596012483,63.71367824238122,0.8344146636991043,0.002302522153971198,0.0017570202382070567,0.0005455019157641415,1.1764513557766436,1.1677595,1.1590676442233565,0.017383711553287107,0.824470409136153,0.0069392857142857355,77.6003870343497,71.32720528946955,0.0039884097494460695,0.00028123402079422317,0.00032999999999994145,0.0013900000000000023,0.0029600000000000737,0.0035317558727199216,1.17352,56279.0,-0.0013237228209815877,1.16939,50529.0,-0.004488956147659429,1.17094,52443.0,0.005742587855585679,1.17167,54564.0,49402.6,0.937561990664459
2025-09-15 00:00:00+00:00,1.17269,1.17747,1.1716,1.17605,41717.0,0.0022583944094085595,0.002255848069793126,0.004224248165202995,1.17266,1.170621,1.168262,1.1658818000000002,,1.1710126614851857,1.1684057959270817,64.0701754385963,0.6788686093894456,0.0026068655581039657,0.0019269893021864387,0.000679876255917527,1.1776589885433622,1.168262,1.1588650114566377,0.018793977086724478,0.9143880757150303,0.006908571428571454,90.42089985486272,82.06740848250311,0.004991284384167375,0.0028570213851452147,0.0033600000000000296,0.0014199999999999768,0.0010900000000000354,-0.00010225645919959003,1.1734,46318.0,0.0035317558727199216,1.17352,56279.0,-0.0013237228209815877,1.16939,50529.0,0.0038833459933258485,1.17622,45558.0,49254.85,0.846962278841576
2025-09-16 00:00:00+00:00,1.17593,1.18787,1.1757,1.18659,55731.0,0.008962203987925577,0.008922281787735251,0.00460890843711809,1.1757900000000001,1.172878,1.169365,1.1661659999999998,,1.1734091751028495,1.1697527740065572,71.62009063444108,1.5698694628718188,0.0036564010962922833,0.0022728716610076077,0.0013835294352846756,1.1816518924596768,1.169365,1.1570781075403231,0.02457378491935369,1.2009502222196986,0.007252857142857172,95.27675276752785,87.76601321891341,0.010256280602398481,0.00898372647671067,0.010660000000000114,0.0012799999999999478,0.00022999999999995246,0.0022583944094085595,1.17605,41717.0,-0.00010225645919959003,1.1734,46318.0,0.0035317558727199216,1.17352,56279.0,-0.004488956147659429,1.17094,52443.0,49885.3,1.1171828173830767
2025-09-17 00:00:00+00:00,1.18588,1.19185,1.18069,1.1812,58800.0,-0.004542428302952151,-0.004552776479520383,0.004769378973801729,1.1781519999999999,1.1743960000000002,1.1701785,1.1663560000000002,,1.174607763548565,1.1706007166727384,62.129080118694304,0.8658821922019398,0.0040070468758266475,0.0026197067039714157,0.0013873401718552318,1.1833515111252189,1.1701785,1.1570054888747812,0.026346022250437695,0.9183363961068891,0.007562142857142883,65.73359073359057,83.81041445199371,0.009448018963765712,-0.003962072468675937,0.0046800000000000175,0.005970000000000031,0.0005100000000000104,0.008962203987925577,1.18659,55731.0,0.0022583944094085595,1.17605,41717.0,-0.00010225645919959003,1.1734,46318.0,-0.0013237228209815877,1.16939,50529.0,50267.85,1.1697337363742433
2025-09-18 00:00:00+00:00,1.18102,1.18484,1.17503,1.17856,59883.0,-0.0022350152387402566,-0.0022375166130671168,0.00470645749517907,1.17916,1.175754,1.1710785,1.1665284,,1.175215799925709,1.1711902932154985,59.13521176679072,1.2491194309376124,0.0040255067102104025,0.002900866705219213,0.0011246400049911894,1.1839404639574205,1.1710785,1.1582165360425793,0.025723927914841127,0.7908381653364754,0.007849285714285734,57.23938223938216,72.74990858016686,0.008323717078468533,-0.0020872929676893043,0.0024599999999999067,0.0038199999999999346,0.003530000000000033,-0.004542428302952151,1.1812,58800.0,0.008962203987925577,1.18659,55731.0,0.0022583944094085595,1.17605,41717.0,0.0035317558727199216,1.17352,56279.0,50829.2,1.1781220243482093
2025-09-19 00:00:00+00:00,1.17828,1.17927,1.17286,1.17419,50589.0,-0.0037079147434156967,-0.003714806099602863,0.004280104706807679,1.179318,1.1760059999999999,1.171184,1.1666358000000001,,1.1750579845525229,1.1714124937180541,52.698741162269414,0.700674087923021,0.0036454908344687453,0.0030497915310691197,0.0005956993033996256,1.184114981808285,1.171184,1.158253018191715,0.025861963616570005,0.6162324734721262,0.007927142857142879,43.17889317889314,55.38395538395529,0.005459082431293084,-0.003483252284553545,0.004089999999999927,0.0009900000000000464,0.0013300000000000534,-0.0022350152387402566,1.17856,59883.0,-0.004542428302952151,1.1812,58800.0,0.008962203987925577,1.18659,55731.0,-0.00010225645919959003,1.1734,46318.0,50795.1,0.9959425220149188
2025-09-22 00:00:00+00:00,1.17338,1.18024,1.17258,1.1801,41539.0,0.005033256968633548,0.005020632474605257,0.0038665956495056697,1.1801279999999998,1.176394,1.1720995,1.1669106,,1.17583367923675,1.172056012701902,64.13999296517748,1.2978763583924209,0.003777666534848123,0.0031953665318249207,0.0005823000030232024,1.1848210846000695,1.1720995,1.1593779153999306,0.025443169200138893,0.8144458906462085,0.007722857142857158,62.19433719433671,54.204204204204,0.006490975341072791,0.0056944326751968794,0.006719999999999837,0.000140000000000029,0.0008000000000001339,-0.0037079147434156967,1.17419,50589.0,-0.0022350152387402566,1.17856,59883.0,-0.004542428302952151,1.1812,58800.0,0.0022583944094085595,1.17605,41717.0,50463.5,0.8231494050155063
2025-09-23 00:00:00+00:00,1.17913,1.18202,1.17789,1.18141,50736.0,0.0011100754173376526,0.001109459739212208,0.003858371051969978,1.179092,1.177441,1.1729690000000002,1.1673352,,1.1766915747387885,1.1727489006499092,63.69948371016551,0.8312920873624896,0.003942674088879272,0.003344828043235791,0.0005978460456434811,1.1857424954207159,1.1729690000000002,1.1601955045792844,0.025546990841431416,0.8304107341797193,0.007490000000000012,63.78772112382949,56.38698383235311,0.0034958227880244512,0.0019298973260765185,0.0022800000000000598,0.0006099999999999994,0.0012399999999999078,0.005033256968633548,1.1801,41539.0,-0.0037079147434156967,1.17419,50589.0,-0.0022350152387402566,1.17856,59883.0,0.008962203987925577,1.18659,55731.0,50122.15,1.0122470803826251
2025-09-24 00:00:00+00:00,1.18117,1.18184,1.17279,1.1737,49073.0,-0.006526100168442905,-0.00654748826483698,0.004184957240678475,1.1775920000000002,1.177872,1.1734695,1.167543,,1.1762313324712825,1.1728193524536197,56.93825588796947,-0.2142456343201168,0.0034119800176628523,0.0033582584381212036,5.3721579541648676e-05,1.1854734019533297,1.1734695,1.1614655980466702,0.024007803906659575,0.5096010447642854,0.00786000000000001,34.19144307469179,53.39116713095266,0.00771065860100537,-0.006364488370111688,0.007470000000000088,0.0006699999999999484,0.0009099999999999664,0.0011100754173376526,1.18141,50736.0,0.005033256968633548,1.1801,41539.0,-0.0037079147434156967,1.17419,50589.0,-0.004542428302952151,1.1812,58800.0,50232.65,0.9769144172166907
2025-09-25 00:00:00+00:00,1.17358,1.17541,1.16452,1.16645,53211.0,-0.006177046945556763,-0.006196203829430472,0.004353840117529295,1.17517,1.177165,1.173386,1.1676834,,1.1747265120910853,1.1723475485681665,45.8832807570978,-0.3834526107230178,0.0023789635229187756,0.003162399455080718,-0.0007834359321619425,1.1855684868258927,1.173386,1.1612035131741074,0.02436497365178525,0.21532905805166572,0.007802142857142869,7.0618368093669295,35.0136670026294,0.009336019546487261,-0.006112563761841554,0.007130000000000081,0.0018299999999999983,0.0019299999999999873,-0.006526100168442905,1.1737,49073.0,0.0011100754173376526,1.18141,50736.0,0.005033256968633548,1.1801,41539.0,-0.0022350152387402566,1.17856,59883.0,50538.25,1.0528856855945745
2025-09-26 00:00:00+00:00,1.1657,1.1706699999999999,1.1651,1.1699,51867.0,0.0029576921428264846,0.002953326776908054,0.004406030452892088,1.174312,1.176815,1.1734685,1.167833,,1.1739839717693799,1.1721662486742281,44.92776886035305,0.04361248172124017,0.0018177230951517132,0.0028934641830949174,-0.0010757410879432042,1.1855262492444483,1.1734685,1.1614107507555518,0.024115498488896492,0.35202462218879155,0.007749285714285713,19.685327478960577,20.31286912100643,0.004761090691511969,0.00359005043166081,0.0041999999999999815,0.0007699999999999374,0.0005999999999999339,-0.006177046945556763,1.16645,53211.0,-0.006526100168442905,1.1737,49073.0,0.0011100754173376526,1.18141,50736.0,-0.0037079147434156967,1.17419,50589.0,50741.6,1.0221790404717235
2025-09-29 00:00:00+00:00,1.16993,1.17547,1.16978,1.17261,42442.0,0.0023164373023334406,0.0023137584975036632,0.004403605873965957,1.172814,1.176471,1.173546,1.1679108,,1.1737725914971675,1.1721991191428038,51.39795747530541,-0.077544481559749,0.0015734723543636697,0.002629465817348668,-0.0010559934629849983,1.185558408321569,1.173546,1.161533591678431,0.024024816643137825,0.4610402853889253,0.0076064285714285695,29.601170874496553,18.782778387608015,0.004852423226818783,0.0022854998678162523,0.0026800000000000157,0.0028600000000000847,0.00014999999999987246,0.0029576921428264846,1.1699,51867.0,-0.006177046945556763,1.16645,53211.0,-0.006526100168442905,1.1737,49073.0,0.005033256968633548,1.1801,41539.0,51067.05,0.8311034218737914
2025-09-30 00:00:00+00:00,1.17238,1.17616,1.17119,1.1733,47101.0,0.0005884309361170459,0.0005882578785187246,0.004164239119296647,1.171192,1.175142,1.17401,1.1678705999999999,,1.1736998851129878,1.1722806658729665,53.3208765075591,-0.008522243054370972,0.0014192192400213077,0.0023874165018831963,-0.0009681972618618886,1.1851589928740291,1.17401,1.1628610071259708,0.022297985748058302,0.46815855889306884,0.007617857142857153,32.125869008415606,27.137455787290907,0.004235915793062423,0.0007841131850336929,0.0009200000000000319,0.0028600000000000847,0.0011900000000000244,0.0023164373023334406,1.17261,42442.0,0.0029576921428264846,1.1699,51867.0,-0.006177046945556763,1.16645,53211.0,0.0011100754173376526,1.18141,50736.0,50296.45,0.9364676831068595
2025-10-01 00:00:00+00:00,1.17339,1.17789,1.1715200000000001,1.173,65014.0,-0.00025568908207618257,-0.0002557217761026516,0.004154867112044255,1.171052,1.1743219999999999,1.174359,1.1677976,,1.1735922104802206,1.1723339498823764,49.527616279069896,-0.2593427150206196,0.001258260597844174,0.0021615853210753917,-0.0009033247232312176,1.184873843443032,1.174359,1.163844156556968,0.021029686886063992,0.4353770692182548,0.007459285714285716,31.028174167581483,30.91840468349788,0.0054305200341005855,-0.0003324808184142288,0.00038999999999989043,0.0045000000000001705,0.0014799999999999258,0.0005884309361170459,1.1733,47101.0,0.0023164373023334406,1.17261,42442.0,0.0029576921428264846,1.1699,51867.0,-0.006526100168442905,1.1737,49073.0,51068.75,1.2730681679109044
2025-10-02 00:00:00+00:00,1.17279,1.17585,1.1683,1.17161,47910.0,-0.001184995737425365,-0.0011856984000305352,0.004159830669068323,1.1720840000000001,1.1736270000000002,1.1746905,1.1677359999999999,,1.1732872550217253,1.1722803239651631,48.41058426567221,-1.262441112768521,0.0010069310565621326,0.00193065446817274,-0.0009237234116106074,1.1843430174790883,1.1746905,1.1650379825209118,0.01930503495817648,0.3404302293845201,0.007664285714285727,25.94218807171614,29.698743749237735,0.006444123897884251,-0.0010071610860268852,0.0011799999999999589,0.0030600000000000627,0.003310000000000146,-0.00025568908207618257,1.173,65014.0,0.0005884309361170459,1.1733,47101.0,0.0023164373023334406,1.17261,42442.0,-0.006177046945556763,1.16645,53211.0,51065.2,0.9382123246359556
2025-10-03 00:00:00+00:00,1.17123,1.17591,1.17115,1.1741,41493.0,0.002125280596785517,0.002123025382721172,0.003985350918167885,1.172924,1.173618,1.174812,1.1677376,,1.1734122927106905,1.1724151147825586,48.26357969723943,-0.6010836437521255,0.0009971779281319204,0.0017439591601645763,-0.0007467812320326559,1.1843650950619709,1.174812,1.165258904938029,0.01910619012394177,0.4627345904452272,0.007585000000000016,35.053055250639936,30.674472496645848,0.004054169150839023,0.0024444255174175355,0.002869999999999928,0.0018100000000000893,8.000000000008001e-05,-0.001184995737425365,1.17161,47910.0,-0.00025568908207618257,1.173,65014.0,0.0005884309361170459,1.1733,47101.0,0.0029576921428264846,1.1699,51867.0,50411.65,0.8230835531072679
2025-10-06 00:00:00+00:00,1.17141,1.1731,1.1652,1.17119,55520.0,-0.002478494165743972,-0.0024815707169362432,0.0039218040983444715,1.17264,1.1727269999999999,1.1745605,1.1679888,,1.1730704015244304,1.172324365539406,34.13025556471547,-0.625339397230527,0.0007460359850244291,0.001544374525136547,-0.0007983385401121178,1.1842217529970793,1.1745605,1.1648992470029205,0.019322505994158856,0.32556610405405817,0.00735142857142858,24.40541529454788,28.466886205634648,0.006745276172098479,-0.00018784313390663256,0.000220000000000109,0.0016899999999999693,0.00598999999999994,0.002125280596785517,1.1741,41493.0,-0.001184995737425365,1.17161,47910.0,-0.00025568908207618257,1.173,65014.0,0.0023164373023334406,1.17261,42442.0,50909.75,1.0905573097491148
2025-10-07 00:00:00+00:00,1.17088,1.1715200000000001,1.16468,1.16566,46611.0,-0.0047216933204689004,-0.004732875728193681,0.003935499837553282,1.1711120000000002,1.171152,1.1742965,1.1682136,,1.1719303397514411,1.1718307088327833,34.032059186189755,-0.7264582392968897,9.963091865783369e-05,0.0012554258038408044,-0.0011557948851829707,1.1846388610762473,1.1742965,1.1639541389237529,0.020684722152494395,0.08246961519090686,0.007042857142857161,5.610236220472071,21.68956892188662,0.0058679203198189695,-0.004478149717756467,0.005220000000000002,0.000640000000000196,0.0009799999999999809,-0.002478494165743972,1.17119,55520.0,0.002125280596785517,1.1741,41493.0,-0.001184995737425365,1.17161,47910.0,0.0005884309361170459,1.1733,47101.0,50618.15,0.9208357081402619
2025-10-08 00:00:00+00:00,1.16528,1.16607,1.15981,1.16278,51692.0,-0.0024707032925552763,-0.00247376051663577,0.003960727834562922,1.169068,1.1700599999999999,1.173966,1.1686667999999998,,1.1705225951742964,1.1711602859562809,33.865030674846466,-1.4676722311668504,-0.0006376907819845012,0.0008768024866757433,-0.0015144932686602447,1.1853395841686778,1.173966,1.1625924158313223,0.02274716833735546,0.008246484392940422,0.0067892857142857355,13.372354795136914,14.46266877005228,0.005383649529575614,-0.002150019780182123,0.0025000000000001688,0.0007899999999998464,0.002969999999999917,-0.0047216933204689004,1.16566,46611.0,-0.002478494165743972,1.17119,55520.0,0.002125280596785517,1.1741,41493.0,-0.00025568908207618257,1.173,65014.0,50676.3,1.0200428997381419
2025-10-09 00:00:00+00:00,1.16231,1.1648399999999999,1.15418,1.15642,60093.0,-0.005469650320782837,-0.005484663628152367,0.004016313700872999,1.16603,1.169057,1.173111,1.168968,,1.1683529651474815,1.1700684129224823,32.54077421890342,-2.115269042923292,-0.0017154477750007668,0.0003583524343404413,-0.002073800209341208,1.1869331422667397,1.173111,1.1592888577332603,0.027644284533479446,-0.1037776083438105,0.007092857142857155,8.0459770114943,9.009522675701087,0.009218104149011511,-0.005093305200532636,0.005889999999999951,0.002529999999999921,0.0022400000000000198,-0.0024707032925552763,1.16278,51692.0,-0.0047216933204689004,1.16566,46611.0,-0.002478494165743972,1.17119,55520.0,-0.001184995737425365,1.17161,47910.0,50867.0,1.181374958224389
2025-10-10 00:00:00+00:00,1.15531,1.16305,1.15435,1.16227,52868.0,0.005058715691530713,0.005045963378110965,0.004219172708681393,1.163664,1.168294,1.1725545,1.1690388,,1.1674171243555613,1.1694907527060021,32.46114499311426,-0.9738434012098537,-0.0020736283504407815,-0.00012804372261580323,-0.0019455846278249784,1.1871993848264106,1.1725545,1.1579096151735893,0.029289769652821374,0.1488705742003211,0.007167142857142864,29.058908045976672,16.825746617535955,0.00748535194059894,0.005988281552479076,0.006959999999999855,0.0007800000000000029,0.0009600000000000719,-0.005469650320782837,1.15642,60093.0,-0.0024707032925552763,1.16278,51692.0,-0.0047216933204689004,1.16566,46611.0,0.002125280596785517,1.1741,41493.0,51194.5,1.0326890583949448
2025-10-13 00:00:00+00:00,1.16112,1.1630099999999999,1.15574,1.15696,49123.0,-0.004568645839606922,-0.004579113997717181,0.004262931476431956,1.1608180000000001,1.166729,1.1716,1.1690294,,1.1658083359931672,1.1685625488018536,27.70381178187104,-0.8135796647948903,-0.0027542128086863737,-0.0006532775398299174,-0.002100935268856456,1.1877016089421584,1.1716,1.1554983910578416,0.03220321788431679,0.04538704633210659,0.007391428571428572,10.05061460592915,15.718499887800034,0.006283709030562757,-0.0035956299267044163,0.0041599999999999415,0.0018899999999999473,0.0012199999999999989,0.005058715691530713,1.16227,52868.0,-0.005469650320782837,1.15642,60093.0,-0.0024707032925552763,1.16278,51692.0,-0.002478494165743972,1.17119,55520.0,51564.8,0.9526459910636713
2025-10-14 00:00:00+00:00,1.15649,1.16151,1.15427,1.16073,58213.0,0.0032585396210760287,0.0032532420858776313,0.003732625633443509,1.159832,1.1654719999999998,1.170307,1.1690924,,1.1650270535326799,1.1679823600017163,37.256828453527206,-0.7838276775792719,-0.0029553064690364117,-0.0011136833256712164,-0.0018416231433651953,1.1854659016405293,1.170307,1.1551480983594706,0.03031780328105871,0.1841129975276522,0.007262142857142868,27.625474483340458,22.244999045082086,0.006237454016007284,0.0036528736226340503,0.0042400000000000215,0.0007800000000000029,0.0022200000000001108,-0.004568645839606922,1.15696,49123.0,0.005058715691530713,1.16227,52868.0,-0.005469650320782837,1.15642,60093.0,-0.0047216933204689004,1.16566,46611.0,51688.9,1.1262185885170704
2025-10-15 00:00:00+00:00,1.16041,1.16474,1.16017,1.16466,51927.0,0.0033858003153188765,0.003380081398535796,0.003768005114436553,1.160208,1.164638,1.16948,1.1690669999999999,,1.1649705837584214,1.1677362592608485,48.11856211898258,-0.6779747742215999,-0.002765675502427012,-0.0014440817610223756,-0.0013215937414046363,1.1839245655415482,1.16948,1.155035434458452,0.02888913108309632,0.33315524492114834,0.0068107142857143045,44.200759173344544,27.292282754204706,0.00392389195129925,0.00364913365273993,0.004250000000000087,8.000000000008001e-05,0.00024000000000001798,0.0032585396210760287,1.16073,58213.0,-0.004568645839606922,1.15696,49123.0,0.005058715691530713,1.16227,52868.0,-0.0024707032925552763,1.16278,51692.0,51345.25,1.0113301619916155
2025-10-16 00:00:00+00:00,1.16418,1.16941,1.1636199999999999,1.16868,55544.0,0.003451651125650379,0.003445707850053186,0.0038593744123415897,1.16266,1.1643449999999997,1.1689859999999999,1.1691144,,1.1655412631802027,1.1678061659822672,48.73286248442043,-0.39376118639734664,-0.0022649028020644835,-0.001608245969230797,-0.0006566568328336864,1.1827843895322634,1.1689859999999999,1.1551876104677363,0.027596779064527066,0.48891174947321114,0.006826428571428614,61.15563053563848,44.32728806410782,0.0049543074237602975,0.0038504979977409975,0.0044999999999999485,0.0007300000000001194,0.000560000000000116,0.0033858003153188765,1.16466,51927.0,0.0032585396210760287,1.16073,58213.0,-0.004568645839606922,1.15696,49123.0,-0.005469650320782837,1.15642,60093.0,51128.3,1.086365085481035
2025-10-17 00:00:00+00:00,1.1682299999999999,1.17281,1.16495,1.16502,56901.0,-0.003131738371496051,-0.0031366525266908175,0.0038355675473184356,1.16321,1.1634369999999998,1.1685275000000002,1.1691354,,1.1654610688447868,1.167599783316914,42.26930128335705,-0.6803069053708523,-0.0021387144721272122,-0.00171433966981008,-0.00042437480231713215,1.1822066964599294,1.1685275000000002,1.154848303540071,0.02735839291985842,0.3717943700028426,0.006981428571428615,45.719105862504875,50.35849852382929,0.006746665293299667,-0.0027553175052788237,0.003209999999999935,0.0045800000000000285,7.00000000000145e-05,0.003451651125650379,1.16868,55544.0,0.0033858003153188765,1.16466,51927.0,0.0032585396210760287,1.16073,58213.0,0.005058715691530713,1.16227,52868.0,51443.9,1.1060786604437065
2025-10-20 00:00:00+00:00,1.16622,1.16757,1.16384,1.16404,40467.0,-0.0008411872757548844,-0.0008415412723035141,0.0036175434592373547,1.164626,1.162722,1.1677245,1.1691864,,1.1652424428686659,1.1673360956638092,40.62373430538666,-0.6461194424765986,-0.002093652795143397,-0.0017902022948767435,-0.00030345050026665344,1.1803914125137676,1.1677245,1.1550575874862326,0.025333825027535006,0.3545620333291378,0.006892857142857177,41.58582876423421,49.48685505412584,0.0032043572385828762,-0.0018727878767053287,0.0021800000000000708,0.0013499999999999623,0.00019999999999997797,-0.003131738371496051,1.16502,56901.0,0.003451651125650379,1.16868,55544.0,0.0033858003153188765,1.16466,51927.0,-0.004568645839606922,1.15696,49123.0,51390.3,0.7874443231504777
2025-10-21 00:00:00+00:00,1.16389,1.16553,1.15975,1.15988,48570.0,-0.0035737603518778416,-0.003580161488707396,0.003647139122801757,1.164456,1.162144,1.166648,1.1690398,,1.1644174516581018,1.166783792281305,37.678437265213994,-1.211140448002717,-0.002366340623203067,-0.0019054299605420083,-0.00046091066266105876,1.1780100505932716,1.166648,1.1552859494067282,0.022724101186543333,0.20216643798401443,0.006850714285714313,26.231017027151548,37.84531721796353,0.004983274131806649,-0.0034572541987102708,0.004010000000000069,0.0016399999999998638,0.00012999999999996348,-0.0008411872757548844,1.16404,40467.0,-0.003131738371496051,1.16502,56901.0,0.003451651125650379,1.16868,55544.0,0.0032585396210760287,1.16073,58213.0,51282.0,0.9471159471159472
2025-10-22 00:00:00+00:00,1.15965,1.16224,1.15768,1.16089,43718.0,0.0008707797358347147,0.0008704008271086172,0.0034156607901974084,1.163702,1.161955,1.1660075,1.1688502,,1.1638747667876246,1.1663472150752823,39.86000756715837,-0.8794473996533421,-0.0024724482876576914,-0.002018833625965145,-0.00045361466169254643,1.1771376011959207,1.1660075,1.1548773988040795,0.022260202391841233,0.2701054145906704,0.006637142857142865,30.878969167050094,32.89860498614528,0.003928020742705939,0.0010681459914375245,0.0012399999999999078,0.0013499999999999623,0.0019700000000000273,-0.0035737603518778416,1.15988,48570.0,-0.0008411872757548844,1.16404,40467.0,-0.003131738371496051,1.16502,56901.0,0.0033858003153188765,1.16466,51927.0,51014.25,0.8569762370318097
2025-10-23 00:00:00+00:00,1.16079,1.16201,1.15852,1.16175,35507.0,0.0007408109295454768,0.0007405366645727773,0.0031554553718171193,1.1623160000000001,1.162488,1.1657724999999999,1.168791,,1.1635478795895287,1.1660066806252614,37.94651571344921,-0.3354322872878763,-0.002458801035732705,-0.002106827107918657,-0.00035197392781404803,1.1770606118182316,1.1657724999999999,1.1544843881817681,0.0225762236364635,0.3218258259320676,0.006546428571428572,40.01057082452461,32.37351900624208,0.003004088659350112,0.000826339573918719,0.0009600000000000719,0.00025999999999992696,0.0022699999999999942,0.0008707797358347147,1.16089,43718.0,-0.0035737603518778416,1.15988,48570.0,-0.0008411872757548844,1.16404,40467.0,0.003451651125650379,1.16868,55544.0,50129.05,0.7083118471225766
2025-10-24 00:00:00+00:00,1.1615199999999999,1.16489,1.16008,1.16253,44280.0,0.0006714009038089053,0.0006711756150558293,0.003075550456191133,1.1618179999999998,1.162514,1.1654039999999999,1.1686284,,1.1633912827296014,1.165749148727094,41.1812627291243,-0.021500197801807862,-0.0023578659974925475,-0.002157034885833435,-0.00020083111165911235,1.1766056322118865,1.1654039999999999,1.1542023677881132,0.022403264423773273,0.3717151239374709,0.00625428571428572,44.82018250134253,38.569907497639065,0.004137527633695458,0.0008687947837906784,0.0010100000000001774,0.0023599999999999177,0.0014399999999998858,0.0007408109295454768,1.16175,35507.0,0.0008707797358347147,1.16089,43718.0,-0.0035737603518778416,1.15988,48570.0,-0.003131738371496051,1.16502,56901.0,49749.7,0.8900556184258398
2025-10-27 00:00:00+00:00,1.1629,1.1652,1.16175,1.1644700000000001,37510.0,0.0016687741391621103,0.0016673832827335114,0.0030497259833360568,1.161904,1.163265,1.164997,1.1685978,,1.1635572392327396,1.1656543969695314,48.69259503405866,0.6961138686636441,-0.002097157736791866,-0.0021450594560251213,4.790171923325535e-05,1.1756755236511547,1.164997,1.1543184763488454,0.02135704730230925,0.4753243043132202,0.006012142857142847,55.233494363930085,46.68808256326573,0.002962721237988057,0.0013482528532294273,0.0015700000000000713,0.0007299999999998974,0.0011499999999999844,0.0006714009038089053,1.16253,44280.0,0.0007408109295454768,1.16175,35507.0,0.0008707797358347147,1.16089,43718.0,-0.0008411872757548844,1.16404,40467.0,49503.1,0.7577303239595097
2025-10-28 00:00:00+00:00,1.16467,1.16689,1.16254,1.1651,42467.0,0.000541018660849879,0.0005408723630183781,0.0030489815234056653,1.1629479999999999,1.1637020000000002,1.1645869999999998,1.1686092,,1.1637945870430875,1.165613330527344,52.68146093388825,0.24348903438960917,-0.0018187434842564798,-0.002079796261671393,0.00026105277741491316,1.1745274057949495,1.1645869999999998,1.1546465942050501,0.019880811589899405,0.525803775549125,0.005875714285714285,58.6151368760069,52.88960458042649,0.0037335850999914823,0.00036906703287265506,0.00042999999999993044,0.0017899999999999583,0.0021300000000001873,0.0016687741391621103,1.1644700000000001,37510.0,0.0006714009038089053,1.16253,44280.0,0.0007408109295454768,1.16175,35507.0,-0.0035737603518778416,1.15988,48570.0,49271.4,0.8618996009855616
2025-10-29 00:00:00+00:00,1.16519,1.16661,1.15774,1.16019,57302.0,-0.004214230538151176,-0.0042231354346625675,0.0031689241779290457,1.162808,1.163255,1.1639465,1.1685144,,1.1632400351903047,1.165211602340133,54.50849079167673,0.27917991978979967,-0.0019715671498283793,-0.0020581504393027902,8.658328947441091e-05,1.1732337935834454,1.1639465,1.1546592064165546,0.018574587166890755,0.2977613194711584,0.005747857142857146,31.930960086300686,48.593197108745876,0.007645299476809775,-0.004309638938449645,0.004999999999999893,0.0014199999999999768,0.0024500000000000632,0.000541018660849879,1.1651,42467.0,0.0016687741391621103,1.1644700000000001,37510.0,0.0006714009038089053,1.16253,44280.0,0.0008707797358347147,1.16089,43718.0,48885.8,1.1721604228630809
2025-10-30 00:00:00+00:00,1.16016,1.16375,1.1547,1.15684,52517.0,-0.002887458088761341,-0.0028916348379315806,0.0032096493790489586,1.161826,1.1620709999999999,1.163208,1.1684400000000001,,1.1622554143917965,1.1645914836482714,43.093360468074465,-0.3351339243407122,-0.002336069256474893,-0.002113734202737211,-0.000222335053737682,1.1722758276862326,1.163208,1.1541401723137674,0.018135655372465198,0.1488684930753445,0.005772857142857151,13.861920172600772,34.80267237830278,0.007823035164759172,-0.002869886933370206,0.0033199999999999896,0.003589999999999982,0.0021400000000000308,-0.004214230538151176,1.16019,57302.0,0.000541018660849879,1.1651,42467.0,0.0016687741391621103,1.1644700000000001,37510.0,0.0007408109295454768,1.16175,35507.0,49116.15,1.0692409726739576
2025-10-31 00:00:00+00:00,1.15683,1.15775,1.15211,1.15361,51014.0,-0.002792088793610259,-0.0027959939442379995,0.003175702522238266,1.160042,1.16093,1.1621835,1.1680706,,1.1609253506392123,1.1637780404150662,45.500940102068256,-0.9487747497123629,-0.002852689775853845,-0.002261525317360538,-0.000591164458493307,1.1706819835179636,1.1621835,1.1536850164820365,0.016996967035927124,-0.0044135216522974054,0.005656428571428594,7.246376811594498,17.679752356831973,0.0048890006154593746,-0.002791237940031727,0.0032200000000000006,0.0009200000000000319,0.0015000000000000568,-0.002887458088761341,1.15684,52517.0,-0.004214230538151176,1.16019,57302.0,0.000541018660849879,1.1651,42467.0,0.0006714009038089053,1.16253,44280.0,49592.2,1.0286698311428006
2025-11-03 00:00:00+00:00,1.1529099999999999,1.1541299999999999,1.15049,1.15187,48048.0,-0.001508308700514105,-0.0015094473431759112,0.0031572779461022183,1.157522,1.1597130000000002,1.1612175,1.1678722,,1.1595322197716411,1.1628959633472835,37.41477272727257,-1.4383749187117083,-0.0033637435756423972,-0.00248196896901691,-0.0008817746066254874,1.169797196657614,1.1612175,1.152637803342386,0.017159393315227867,-0.0447453664754426,0.005399285714285718,6.182795698924477,9.097030894373237,0.003160078828339887,-0.0009028796652399402,0.0010399999999999299,0.0012199999999999989,0.0013799999999999368,-0.002792088793610259,1.15361,51014.0,-0.002887458088761341,1.15684,52517.0,-0.004214230538151176,1.16019,57302.0,0.0016687741391621103,1.1644700000000001,37510.0,49218.6,0.9762163084687496
2025-11-04 00:00:00+00:00,1.15158,1.15339,1.14728,1.14821,56355.0,-0.003177441898825406,-0.0031825006861798174,0.0030748140083668137,1.154144,1.1585459999999999,1.160345,1.167556,,1.1577903398067733,1.1618081142104477,26.452905811623083,-1.4428936842285962,-0.004017774403674457,-0.0027891300559484194,-0.0012286443477260373,1.1704381169876377,1.160345,1.1502518830123623,0.020186233975275414,-0.10115225132450399,0.005509285714285693,3.6427732079901354,5.690648572836358,0.005321326238231542,-0.002935003178861093,0.003370000000000095,0.0018099999999998673,0.0009299999999998754,-0.001508308700514105,1.15187,48048.0,-0.002792088793610259,1.15361,51014.0,-0.002887458088761341,1.15684,52517.0,0.000541018660849879,1.1651,42467.0,49705.8,1.1337711092065714
2025-11-05 00:00:00+00:00,1.1480299999999999,1.14981,1.14688,1.14924,56319.0,0.0008970484493255881,0.0008966463418206775,0.0030677942436888174,1.1519540000000001,1.157381,1.159668,1.167267,,1.1564749029134236,1.1608771427874516,19.567939887288887,-1.2714339713411844,-0.004402239874027991,-0.003111752019564334,-0.0012904878544636573,1.1708329123314176,1.159668,1.1485030876685822,0.022329824662835396,0.03300125919234354,0.005304999999999972,9.10142691862761,6.308998608514062,0.002549510981170251,0.0010528697225994181,0.0012100000000001554,0.0005699999999999594,0.0011499999999999844,-0.003177441898825406,1.14821,56355.0,-0.001508308700514105,1.15187,48048.0,-0.002792088793610259,1.15361,51014.0,-0.004214230538151176,1.16019,57302.0,49937.15,1.1277976416355358
2025-11-06 00:00:00+00:00,1.14895,1.15523,1.14893,1.15465,46859.0,0.004707458842365231,0.004696413408375329,0.00305825936406445,1.1515160000000002,1.156671,1.1595795,1.1669976,,1.1561941486190508,1.160415872951344,34.60967646185813,-0.45090871469462945,-0.004221724332293286,-0.0033337464821101247,-0.0008879778501831616,1.1708800514071254,1.1595795,1.1482789485928746,0.022601102814250762,0.28189117404962144,0.005193571428571401,37.55437409376519,16.766191406794302,0.005456198848135775,0.00493656086259909,0.005700000000000038,0.0005800000000000249,1.999999999990898e-05,0.0008970484493255881,1.14924,56319.0,-0.003177441898825406,1.14821,56355.0,-0.001508308700514105,1.15187,48048.0,-0.002887458088761341,1.15684,52517.0,49275.45,0.9509603666734653
2025-11-07 00:00:00+00:00,1.15357,1.15912,1.15293,1.15637,46381.0,0.0014896288918719858,0.0014885204953506918,0.00283940836503383,1.1520679999999999,1.1560549999999998,1.1592845,1.16676,,1.1562212026776584,1.160116178658652,38.861458030787,-0.38935644204016573,-0.0038949759809936424,-0.0034459923818868283,-0.0004489835991068141,1.1705973552401252,1.1592845,1.147971644759875,0.022625710480250305,0.37118636550466855,0.00536928571428568,47.42628685657151,31.360695956321422,0.005352957963281578,0.002421370322647521,0.0027999999999999137,0.00275000000000003,0.0006399999999999739,0.004707458842365231,1.15465,46859.0,0.0008970484493255881,1.14924,56319.0,-0.003177441898825406,1.14821,56355.0,-0.002792088793610259,1.15361,51014.0,48951.1,0.9474965833249916
2025-11-10 00:00:00+00:00,1.15545,1.15831,1.15408,1.15564,45278.0,-0.0006312858341187555,-0.0006314851789210498,0.002654755402227692,1.152822,1.1551719999999999,1.1592185000000002,1.1664516,,1.1561317868810956,1.1597846098691222,43.16129032258059,-0.5259307079836505,-0.003652822988026605,-0.003487358503114784,-0.00016546448491182092,1.1706036265392885,1.1592185000000002,1.1478333734607118,0.02277025307857672,0.3428432047877867,0.005258571428571398,43.77811094452806,42.91959063162157,0.003660309438925579,0.00016441106226845078,0.00018999999999991246,0.00266999999999995,0.0013700000000000934,0.0014896288918719858,1.15637,46381.0,0.004707458842365231,1.15465,46859.0,0.0008970484493255881,1.14924,56319.0,-0.001508308700514105,1.15187,48048.0,48758.85,0.928610908583775
2025-11-11 00:00:00+00:00,1.15531,1.16061,1.15464,1.15818,44598.0,0.002197916306116099,0.0021955044215055527,0.0025950290016561093,1.1548159999999998,1.15448,1.159091,1.1663348,,1.1564468965916963,1.159665749878817,45.83461420227483,-0.3741838920285993,-0.003218853287120682,-0.003433657459915964,0.00021480417279528185,1.170461960057594,1.159091,1.1477200399424061,0.02274192011518794,0.4599418169008647,0.005359285714285678,56.471764117941234,49.225387306346924,0.005154639175257567,0.0024780258681724155,0.002869999999999928,0.002429999999999932,0.0006699999999999484,-0.0006312858341187555,1.15564,45278.0,0.0014896288918719858,1.15637,46381.0,0.004707458842365231,1.15465,46859.0,-0.003177441898825406,1.14821,56355.0,48078.1,0.9276156919678606
2025-11-12 00:00:00+00:00,1.15809,1.15981,1.15627,1.1592500000000001,44919.0,0.0009238633027681686,0.0009234368037313932,0.002476313922029761,1.156818,1.154386,1.1588205,1.1661994,,1.156878143269897,1.1596349535914974,46.18204031765433,-0.4482726047042862,-0.002756810321600467,-0.0032982880322528644,0.0005414777106523974,1.1698869699358885,1.1588205,1.1477540300641116,0.02213293987177689,0.5194054654505146,0.005362857142857114,61.81909045477342,54.022988505747556,0.00305369851196903,0.001000646970023765,0.0011600000000000499,0.0005599999999998939,0.0018200000000001548,0.002197916306116099,1.15818,44598.0,-0.0006312858341187555,1.15564,45278.0,0.0014896288918719858,1.15637,46381.0,0.0008970484493255881,1.14924,56319.0,47727.7,0.9411515744525716
2025-11-13 00:00:00+00:00,1.15907,1.16564,1.15789,1.16338,50392.0,0.003562648263963686,0.003556317065403798,0.0024851078589653414,1.1585640000000001,1.15504,1.1585555,1.1661674,,1.157878428920682,1.1599123644365716,51.177611526738744,-0.14762681314908108,-0.0020339355158895955,-0.003045417528980211,0.0010114820130906156,1.1688551361202881,1.1585555,1.148255863879712,0.020599272240576116,0.7342073032316543,0.0055728571428571095,82.45877061469322,66.91654172913594,0.006661623889012982,0.0037047224466640613,0.004310000000000036,0.0022599999999999287,0.0011799999999999589,0.0009238633027681686,1.1592500000000001,44919.0,0.002197916306116099,1.15818,44598.0,-0.0006312858341187555,1.15564,45278.0,0.004707458842365231,1.15465,46859.0,47470.1,1.0615524298453132
2025-11-14 00:00:00+00:00,1.16296,1.16539,1.16062,1.16201,54483.0,-0.001177603190703036,-0.001178297110168425,0.002401799180967547,1.159692,1.15588,1.158405,1.1659742,,1.158514055240577,1.1600677448486774,46.53716216216198,0.1568708573595646,-0.001553689608100317,-0.0027470719448042325,0.0011933823367039154,1.1683900699072387,1.158405,1.148419930092761,0.019970139814477594,0.6805195173138744,0.005667142857142823,75.6121939030486,73.2966849908384,0.004104956067503671,-0.0008175489023330319,0.0009500000000000064,0.002429999999999932,0.0013900000000000023,0.003562648263963686,1.16338,50392.0,0.0009238633027681686,1.1592500000000001,44919.0,0.002197916306116099,1.15818,44598.0,0.0014896288918719858,1.15637,46381.0,47349.2,1.150663580377282
2025-11-17 00:00:00+00:00,1.16109,1.16248,1.15822,1.15916,50338.0,-0.002452646706999073,-0.002455659371943718,0.002453506217465375,1.160396,1.156609,1.158161,1.165633,,1.1586134313574115,1.160000504489516,42.13036565977737,0.20054631582585988,-0.0013870731321046215,-0.0024750721822643105,0.001087999050159689,1.167798741382045,1.158161,1.148523258617955,0.01927548276408997,0.5518274956962997,0.005660714285714241,62.24024328433884,73.43706926736022,0.003675075054349642,-0.0016649987922288444,0.0019299999999999873,0.0013900000000000023,0.0009399999999999409,-0.001177603190703036,1.16201,54483.0,0.003562648263963686,1.16338,50392.0,0.0009238633027681686,1.1592500000000001,44919.0,-0.0006312858341187555,1.15564,45278.0,47842.75,1.0521552377319447
2025-11-18 00:00:00+00:00,1.1589,1.1608,1.15712,1.15797,48063.0,-0.0010266054729286545,-0.0010271327932580275,0.0023326890479952035,1.1603539999999999,1.157585,1.1580655,1.1653736,,1.1585144419178097,1.159850096749552,46.73721340387992,0.37794401920925785,-0.00133565483174225,-0.0022471887121598986,0.0009115338804176485,1.1676693138805605,1.1580655,1.1484616861194394,0.01920762776112106,0.49502801693224546,0.005289999999999969,59.11513859275042,65.65585859337928,0.003177975249790692,-0.0008031296147569431,0.0009300000000000974,0.0019000000000000128,0.0008500000000000174,-0.002452646706999073,1.15916,50338.0,-0.001177603190703036,1.16201,54483.0,0.003562648263963686,1.16338,50392.0,0.002197916306116099,1.15818,44598.0,47817.4,1.0051362056489896
2025-11-19 00:00:00+00:00,1.15737,1.15975,1.15181,1.15378,50166.0,-0.0036184011675604033,-0.0036249634157452435,0.0024494643970439747,1.15926,1.158039,1.15771,1.1650614,,1.1577860662381467,1.1594004599532888,45.61101549053348,0.16581732313543007,-0.0016143937151420484,-0.0021206297127563285,0.0005062359976142801,1.16739958203432,1.15771,1.14802041796568,0.01937916406863982,0.29720487498427856,0.005210714285714259,36.78038379530964,52.71192189079962,0.006881727885732165,-0.0031115117266723134,0.003589999999999982,0.0023800000000000487,0.0019700000000000273,-0.0010266054729286545,1.15797,48063.0,-0.002452646706999073,1.15916,50338.0,-0.001177603190703036,1.16201,54483.0,0.0009238633027681686,1.1592500000000001,44919.0,48139.8,1.0420899131280146
2025-11-20 00:00:00+00:00,1.15365,1.15501,1.15013,1.15279,54439.0,-0.000858049194820576,-0.0008584175297456721,0.0024396320270094634,1.157142,1.1578529999999998,1.157262,1.1646468,,1.1570174406630471,1.1589107962530452,48.743102391171,0.39888173766123175,-0.0018933555899980359,-0.0020751748882046703,0.00018181929820663446,1.1669935409068073,1.157262,1.1475304590931927,0.019463081813614558,0.27023165997936477,0.005156428571428538,31.503198294243322,42.46624022743445,0.004233208129841511,-0.0007460161868164045,0.0008600000000000829,0.0013600000000000279,0.0026599999999998847,-0.0036184011675604033,1.15378,50166.0,-0.0010266054729286545,1.15797,48063.0,-0.002452646706999073,1.15916,50338.0,0.003562648263963686,1.16338,50392.0,49086.4,1.1090444603800644
2025-11-21 00:00:00+00:00,1.15243,1.15526,1.14909,1.15136,55629.0,-0.00124046877575279,-0.00124123879399953,0.0024335414480163853,1.155012,1.157352,1.1567035,1.164206,,1.1561470651764245,1.158351478012079,49.210770659238605,0.18446973652151852,-0.0022044128356544235,-0.002101022477694621,-0.0001033903579598025,1.1664441587370358,1.1567035,1.1469628412629644,0.019481317474071336,0.2257115691938135,0.005337142857142834,23.880597014925442,30.721393034826125,0.0053588799332962836,-0.0009293357420790426,0.0010700000000001264,0.002829999999999888,0.0022699999999999942,-0.000858049194820576,1.15279,54439.0,-0.0036184011675604033,1.15378,50166.0,-0.0010266054729286545,1.15797,48063.0,-0.001177603190703036,1.16201,54483.0,49653.85,1.1203360867284209
2025-11-24 00:00:00+00:00,1.15097,1.15507,1.15021,1.15206,48438.0,0.0006079766536966069,0.0006077919107666866,0.0023955106443701176,1.1535920000000002,1.156994,1.156083,1.1637262,,1.1555182859185131,1.1578854426037768,56.55877342419098,-0.22431039709001604,-0.0023671566852636605,-0.0021542493192084292,-0.0002129073660552313,1.1653079686349384,1.156083,1.1468580313650616,0.01844993726987676,0.2819504781423704,0.0052478571428571374,27.611940298508284,27.665245202559007,0.004218530284881071,0.000946131277884863,0.0010900000000000354,0.003009999999999957,0.0007600000000000939,-0.00124046877575279,1.15136,55629.0,-0.000858049194820576,1.15279,54439.0,-0.0036184011675604033,1.15378,50166.0,-0.002452646706999073,1.15916,50338.0,50200.25,0.9648955931494365
2025-11-25 00:00:00+00:00,1.1518,1.1586,1.15114,1.15688,54915.0,0.004183809871013411,0.004175082073656301,0.002610315108097244,1.153374,1.1568640000000001,1.155672,1.163132,,1.155727780392588,1.1578109653738675,61.526855763427704,0.0441035308767964,-0.0020831849812794623,-0.002140036451622636,5.685147034317382e-05,1.163882080068833,1.155672,1.147461919931167,0.016420160137665896,0.5735681010338546,0.0055714285714285605,47.57630161579833,33.02294630974401,0.006448378397067996,0.004391120945992647,0.005079999999999973,0.0017200000000001658,0.0006599999999998829,0.0006079766536966069,1.15206,48438.0,-0.00124046877575279,1.15136,55629.0,-0.000858049194820576,1.15279,54439.0,-0.0010266054729286545,1.15797,48063.0,50822.65,1.080522168757434
2025-11-26 00:00:00+00:00,1.15675,1.1601,1.15469,1.15967,56351.0,0.0024116589447480408,0.002408755562356965,0.0025128087661289308,1.154552,1.156906,1.1556460000000002,1.1627014,,1.1563342757168051,1.15794867164247,58.22411533420709,0.34872451628534645,-0.0016143959256649243,-0.0020349083464310937,0.00042051242076616936,1.163798931406931,1.1556460000000002,1.1474930685930693,0.016305862813861705,0.7467824024975226,0.005507857142857128,63.927492447129865,46.37191145381215,0.004665120249726142,0.002517957694861498,0.0029200000000000337,0.00042999999999993044,0.0020599999999999508,0.004183809871013411,1.15688,54915.0,0.0006079766536966069,1.15206,48438.0,-0.00124046877575279,1.15136,55629.0,-0.0036184011675604033,1.15378,50166.0,50775.1,1.1098156379800335
2025-11-27 00:00:00+00:00,1.15887,1.16136,1.15764,1.15951,37206.0,-0.00013797028464990202,-0.00013797980342517403,0.002421182435402262,1.1558959999999998,1.156519,1.1557795,1.1623204,,1.1568228486834506,1.1580643255948797,55.42127071823227,0.1148353451104365,-0.0012414769114290625,-0.0018762220594306875,0.000634745148001625,1.164100460154606,1.1557795,1.1474585398453938,0.0166419203092123,0.7241628328153348,0.005331428571428558,62.960725075529034,58.15483971281907,0.0032082517615199054,0.0005519572923044855,0.0006399999999999739,0.0018499999999999073,0.0012300000000000644,0.0024116589447480408,1.15967,56351.0,0.004183809871013411,1.15688,54915.0,0.0006079766536966069,1.15206,48438.0,-0.000858049194820576,1.15279,54439.0,50009.55,0.7439779002210577
2025-11-28 00:00:00+00:00,1.15923,1.16077,1.15553,1.15983,80747.0,0.00027597864615214185,0.0002759405710506914,0.002322268653615848,1.1575900000000001,1.156301,1.1560905,1.1620332,,1.1572854873475351,1.1581951162915551,57.338003502626805,0.05003234850116911,-0.0009096289440200245,-0.0016829034363485549,0.0007732744923285304,1.1645340923384986,1.1560905,1.1476469076615012,0.016887184676997347,0.72144010807756,0.005403571428571429,64.89425981873069,63.92749244712985,0.004517903485855801,0.0005173171930368536,0.0005999999999999339,0.0009400000000001629,0.0037000000000000366,-0.00013797028464990202,1.15951,37206.0,0.0024116589447480408,1.15967,56351.0,0.004183809871013411,1.15688,54915.0,-0.00124046877575279,1.15136,55629.0,51496.2,1.568018611081983
2025-12-01 00:00:00+00:00,1.15891,1.1652,1.15891,1.16085,53498.0,0.0008794392281628038,0.0008790527480586995,0.0022870654115728496,1.159348,1.15647,1.1565394999999998,1.1616482000000001,,1.1578338739094527,1.1583917743440326,54.938956714761275,-0.21746978631230923,-0.0005579004345799277,-0.0014579028359948294,0.0009000024014149018,1.1649931618661487,1.1565394999999998,1.148085838133851,0.01690732373229764,0.7549486878142556,0.005426428571428578,71.0574018126885,66.30412890231607,0.0054184433820044856,0.0016711892147993547,0.0019399999999998307,0.004350000000000076,0.0,0.00027597864615214185,1.15983,80747.0,-0.00013797028464990202,1.15951,37206.0,0.0024116589447480408,1.15967,56351.0,0.0006079766536966069,1.15206,48438.0,51768.7,1.0334043543685665
2025-12-02 00:00:00+00:00,1.1606,1.16262,1.15914,1.16243,43829.0,0.0013610716285481494,0.001360146210171089,0.0021344472216896213,1.160458,1.156916,1.1572505,1.1612686,,1.1585409702310754,1.1586909021704006,55.773420479302736,0.036144267261046546,-0.00014993193932522075,-0.0011963086566609078,0.001046376717335687,1.1651266852240805,1.1572505,1.1493743147759194,0.015752370448161024,0.8288076557775965,0.005422142857142852,80.60422960725123,72.18529707955679,0.0029937286546286032,0.001574288344244383,0.0018299999999999983,0.00018999999999991246,0.0014600000000000168,0.0008794392281628038,1.16085,53498.0,0.00027597864615214185,1.15983,80747.0,-0.00013797028464990202,1.15951,37206.0,0.004183809871013411,1.15688,54915.0,51142.4,0.8569992804404956
2025-12-03 00:00:00+00:00,1.16178,1.16781,1.16178,1.16703,49118.0,0.003957227531980356,0.003949418302263408,0.0022614289651520796,1.1619300000000001,1.1582409999999999,1.15814,1.1611352,,1.15984697481091,1.1593086131207413,56.515530167797074,0.6789399220124956,0.0005383616901686317,-0.0008493745872949999,0.0013877362774636316,1.1662225894756195,1.15814,1.1500574105243804,0.016165178951239145,1.0499475153857545,0.005299285714285713,95.83333333333333,82.49832158442435,0.005166962288887158,0.004498599007737571,0.005249999999999977,0.0007800000000000029,0.0,0.0013610716285481494,1.16243,43829.0,0.0008794392281628038,1.16085,53498.0,0.00027597864615214185,1.15983,80747.0,0.0024116589447480408,1.15967,56351.0,50782.35,0.9672258176315196
2025-12-04 00:00:00+00:00,1.1665,1.16822,1.16403,1.16443,49924.0,-0.002227877603831918,-0.002230363015288586,0.0021552476203051925,1.162914,1.159405,1.158629,1.1610948,,1.1605520556092315,1.1596879751117974,54.138166894665005,0.557872829175206,0.0008640804974340277,-0.0005066835703491945,0.0013707640677832222,1.1670007668385962,1.158629,1.1502572331614036,0.016743533677192612,0.8464621096024708,0.005257857142857155,80.18818609513883,85.54191634524113,0.0035983270784848706,-0.001777693807270524,0.0020700000000000163,0.0017199999999999438,0.000400000000000178,0.003957227531980356,1.16703,49118.0,0.0013610716285481494,1.16243,43829.0,0.0008794392281628038,1.16085,53498.0,-0.00013797028464990202,1.15951,37206.0,50935.6,0.9801396272940733
2025-12-05 00:00:00+00:00,1.16388,1.16718,1.16279,1.16424,45789.0,-0.00016316996298626485,-0.00016318327665295536,0.0021438949015330764,1.163796,1.160693,1.1590225,1.1609816000000002,,1.1611194316693496,1.1600251621405533,59.556057185853966,0.9065853108911504,0.0010942695287963211,-0.00018649295052009136,0.0012807624793164125,1.1676820754727495,1.1590225,1.1503629245272506,0.01731915094549885,0.8012561075550805,0.0052671428571428825,79.19498170412925,85.07216704420047,0.0037707001992717277,0.00030921459492880846,0.00035999999999991594,0.0029400000000001647,0.0010900000000000354,-0.002227877603831918,1.16443,49924.0,0.003957227531980356,1.16703,49118.0,0.0013610716285481494,1.16243,43829.0,0.00027597864615214185,1.15983,80747.0,50906.0,0.899481397084823
2025-12-08 00:00:00+00:00,1.16332,1.16722,1.16162,1.16366,52377.0,-0.000498179069607696,-0.0004983032020288883,0.0021409210700124017,1.164358,1.161853,1.1594235,1.1608026,,1.1615102883356034,1.1602944093894012,60.95494801694255,0.942929761708545,0.0012158789462022312,9.398142882437315e-05,0.0011218975173778582,1.1681659343833508,1.1594235,1.150681065616649,0.017484868766701744,0.7422952128796062,0.005404285714285718,76.1630946157862,78.51542080501808,0.004812402248079188,0.00029218156506196567,0.00034000000000000696,0.0035600000000000076,0.0016999999999998128,-0.00016316996298626485,1.16424,45789.0,-0.002227877603831918,1.16443,49924.0,0.003957227531980356,1.16703,49118.0,0.0008794392281628038,1.16085,53498.0,51260.95,1.0217719336063806
2025-12-09 00:00:00+00:00,1.16314,1.16571,1.16149,1.16257,46374.0,-0.0009366997232866936,-0.0009371387006205363,0.002112923687881978,1.164386,1.162422,1.159643,1.160588,,1.1616733208993568,1.1604629716568529,69.21731526016637,0.9736311839911204,0.0012103492425039608,0.0003172549915602907,0.0008930942509436701,1.1684739720511532,1.159643,1.1508120279488467,0.01766194410230648,0.6657235456666339,0.005138571428571437,70.46523784631518,75.2744380554102,0.0036298889529233613,-0.0004902930576223018,0.0005699999999999594,0.002569999999999961,0.001080000000000192,-0.000498179069607696,1.16366,52377.0,-0.00016316996298626485,1.16424,45789.0,-0.002227877603831918,1.16443,49924.0,0.0013610716285481494,1.16243,43829.0,51349.75,0.9031007940642359
2025-12-10 00:00:00+00:00,1.1626,1.16999,1.16187,1.1695,56306.0,0.005960931384776824,0.005943235321812468,0.002474159897995927,1.16488,1.163405,1.1601555,1.160518,,1.1628774253763787,1.1611323811637526,79.00034710170102,1.513810044615723,0.0017450442126261123,0.0006028128357734551,0.0011422313768526572,1.1700197010373417,1.1601555,1.1502912989626581,0.019728402074683515,0.9736572158569002,0.005370000000000018,97.65550239234403,81.42794495148179,0.006943138093202332,0.005899957246686538,0.006899999999999906,0.0004900000000001015,0.0007300000000001194,-0.0009366997232866936,1.16257,46374.0,-0.000498179069607696,1.16366,52377.0,-0.00016316996298626485,1.16424,45789.0,0.003957227531980356,1.16703,49118.0,51919.1,1.0844949161291317
2025-12-11 00:00:00+00:00,1.16934,1.1763,1.16789,1.17381,53865.0,0.0036853356135100324,0.0036785614026103356,0.002482439605131528,1.166756,1.1648349999999998,1.160677,1.160562,,1.164559359933859,1.1620714640405119,85.42126853897166,1.4634188507018977,0.0024878958933471917,0.0009798294472882023,0.0015080664460589894,1.1722191006935865,1.160677,1.1491348993064134,0.023084201387173042,1.0689172339008244,0.005530000000000003,90.45611345343087,86.19228456403,0.007164702975779561,0.0038081120453906285,0.004469999999999974,0.002489999999999881,0.0014499999999999513,0.005960931384776824,1.1695,56306.0,-0.0009366997232866936,1.16257,46374.0,-0.000498179069607696,1.16366,52377.0,-0.002227877603831918,1.16443,49924.0,52092.75,1.0340210489943418
2025-12-12 00:00:00+00:00,1.17353,1.17497,1.17193,1.17402,52361.0,0.00017890459273650627,0.00017888859121832344,0.0024540187047875114,1.168712,1.166254,1.1612775,1.1605604,,1.1660148430209576,1.1629565407782516,85.19230769230803,1.2374209904541882,0.003058302242705979,0.0013955240063717577,0.0016627782363342215,1.174270147110855,1.1612775,1.148284852889145,0.02598529422171003,0.9903735124674508,0.005400000000000008,90.93799682035035,93.01653755537507,0.002589393707092003,0.00041736938041950005,0.0004900000000001015,0.0009500000000000064,0.0016000000000000458,0.0036853356135100324,1.17381,53865.0,0.005960931384776824,1.1695,56306.0,-0.0009366997232866936,1.16257,46374.0,-0.00016316996298626485,1.16424,45789.0,51986.65,1.0072008871508358
2025-12-15 00:00:00+00:00,1.17276,1.17688,1.17237,1.17515,46495.0,0.0009625048977017769,0.000962041986874873,0.0023532473014302073,1.17101,1.167684,1.162077,1.1606395999999999,,1.167420251786964,1.1638597599798626,83.20610687022938,1.3488456330691305,0.0035604918071014957,0.0018285175665177056,0.0017319742405837901,1.1764188461705176,1.162077,1.1477351538294824,0.028683692341035183,0.9557641967626853,0.005189285714285722,92.20369535826943,91.19926854401687,0.003837807939412002,0.0020337829213291003,0.002389999999999892,0.0017300000000000093,0.0003900000000001125,0.00017890459273650627,1.17402,52361.0,0.0036853356135100324,1.17381,53865.0,0.005960931384776824,1.1695,56306.0,-0.000498179069607696,1.16366,52377.0,51794.5,0.8976821863325256
2025-12-16 00:00:00+00:00,1.17506,1.1804000000000001,1.17346,1.17462,65157.0,-0.00045100625452065835,-0.0004511079884310365,0.0023346219191702454,1.1734200000000001,1.1689029999999998,1.1629095,1.1608188,,1.1685279053582005,1.1646568147961691,79.60396039604016,1.2751868808359916,0.0038710905620313873,0.002237032165620442,0.0016340583964109452,1.1781522300704255,1.1629095,1.1476667699295746,0.03048546014085085,0.8841339427351388,0.005298571428571454,76.7591475673499,86.63361324865654,0.0059082937460627,-0.0003745892288569886,0.00043999999999999595,0.005340000000000122,0.0011600000000000499,0.0009625048977017769,1.17515,46495.0,0.00017890459273650627,1.17402,52361.0,0.0036853356135100324,1.17381,53865.0,-0.0009366997232866936,1.16257,46374.0,52649.2,1.2375686620119584
2025-12-17 00:00:00+00:00,1.17462,1.1758,1.1703000000000001,1.17399,56858.0,-0.0005363436685905665,-0.0005364875523056982,0.0021257951572951008,1.174318,1.169599,1.16392,1.161043,,1.169368227610785,1.1653481618483046,78.14930015552162,1.131929189817819,0.004020065762480485,0.002593638884992451,0.0014264268774880338,1.1792934316273191,1.16392,1.148546568372681,0.030746863254638157,0.8275130837445984,0.005425714285714304,74.22597507036598,81.0629393319951,0.004684878065400759,-0.0005366314874912975,0.0006299999999999084,0.0011799999999999589,0.003689999999999971,-0.00045100625452065835,1.17462,65157.0,0.0009625048977017769,1.17515,46495.0,0.00017890459273650627,1.17402,52361.0,0.005960931384776824,1.1695,56306.0,52983.8,1.0731204632359324
2025-12-18 00:00:00+00:00,1.17398,1.17628,1.17122,1.17216,63471.0,-0.0015587867017606838,-0.0015600028737509345,0.0021612673116856167,1.173988,1.170372,1.1648885,1.1613578,,1.1697977310552796,1.1658527424521339,72.6404700697766,0.8370396496993381,0.003944988603145738,0.0028639088286231086,0.0010810797745226296,1.179741373229034,1.1648885,1.150035626770966,0.029705746458068116,0.7447842881263517,0.005412857142857156,61.65658445788729,70.88056903186771,0.004316816816816871,-0.0015526890526889952,0.0018199999999999328,0.0022999999999999687,0.0009400000000001629,-0.0005363436685905665,1.17399,56858.0,-0.00045100625452065835,1.17462,65157.0,0.0009625048977017769,1.17515,46495.0,0.0036853356135100324,1.17381,53865.0,53435.4,1.1878080822825319
2025-12-19 00:00:00+00:00,1.1721,1.17377,1.17026,1.1709100000000001,52746.0,-0.0010664073164072807,-0.0010669763332613188,0.0021528006994784815,1.1733660000000001,1.171039,1.165866,1.1615305999999999,1.15072695,1.1699688493544673,1.1662273541223462,68.31755280407926,0.33246788857185383,0.0037414952321210837,0.0030394261093227037,0.00070206912279838,1.1794927174098642,1.165866,1.152239282590136,0.027253434819728195,0.685077588691639,0.005214285714285727,55.36218250235196,63.74824734353507,0.002997668480070972,-0.00101630355877036,0.0011899999999998023,0.0016700000000000603,0.0006500000000000394,-0.0015587867017606838,1.17216,63471.0,-0.0005363436685905665,1.17399,56858.0,-0.00045100625452065835,1.17462,65157.0,0.00017890459273650627,1.17402,52361.0,53291.25,0.9897684891985082
2025-12-22 00:00:00+00:00,1.1712,1.17692,1.1706,1.176,42841.0,0.0043470463144048566,0.004337625201383856,0.0022892186706992682,1.173536,1.1722730000000001,1.1670630000000002,1.1619114000000001,1.1511462000000001,1.1708967186845491,1.1669512538169873,71.90829835324536,0.9936191956579491,0.003945464867561865,0.0032206338609705363,0.000724831006591329,1.1797573951162827,1.1670630000000002,1.1543686048837176,0.025388790232565128,0.852005744194012,0.005417142857142866,76.73188789000459,64.58355161674793,0.005374149659863845,0.004081632653061153,0.0047999999999999154,0.0009200000000000319,0.0005999999999999339,-0.0010664073164072807,1.1709100000000001,52746.0,-0.0015587867017606838,1.17216,63471.0,-0.0005363436685905665,1.17399,56858.0,0.0009625048977017769,1.17515,46495.0,53011.4,0.8081469268874242
2025-12-23 00:00:00+00:00,1.176,1.18019,1.1755200000000001,1.17942,51711.0,0.002908163265306074,0.0029039427391899394,0.002213273844611406,1.174496,1.173958,1.16819,1.1622852000000001,1.1515716,1.17220799273308,1.1678748646453585,70.79556898288047,1.3038548752834442,0.004333128087721461,0.0034431327063207213,0.0008899953814007393,1.181078597980177,1.16819,1.1553014020198231,0.025777195960353882,0.9356563847080938,0.005320000000000007,94.81755684822744,75.63720908019467,0.0039595733496124805,0.0028997303759474816,0.0034199999999999786,0.0007700000000001594,0.0004799999999998139,0.0043470463144048566,1.176,42841.0,-0.0010664073164072807,1.1709100000000001,52746.0,-0.0015587867017606838,1.17216,63471.0,-0.00045100625452065835,1.17462,65157.0,52851.2,0.9784262230564302
2025-12-24 00:00:00+00:00,1.17941,1.1807699999999999,1.17726,1.17764,55551.0,-0.001509216394498858,-0.0015103564087247175,0.0022519420993311655,1.1752259999999999,1.1747720000000001,1.1690885,1.1625448,1.1520082999999999,1.1730436861587599,1.1685982080049615,72.7994477045224,1.2013818469312432,0.004445478153798366,0.0036436017958162504,0.0008018763579821153,1.181981720209409,1.1690885,1.156195279790591,0.025786440418817946,0.8316277803802455,0.0052714285714285615,83.76556016597583,85.10500163473594,0.002980537345878114,-0.00150300601202409,0.0017700000000000493,0.0013599999999998058,0.00038000000000004697,0.002908163265306074,1.17942,51711.0,0.0043470463144048566,1.176,42841.0,-0.0010664073164072807,1.1709100000000001,52746.0,-0.0005363436685905665,1.17399,56858.0,52811.2,1.0518791468476385
2025-12-26 00:00:00+00:00,1.17769,1.17967,1.17615,1.17712,69962.0,-0.0004415610882783083,-0.00044165860508312325,0.002259406332318769,1.176218,1.175103,1.169969,1.1627136,1.1524672,1.1736708113651044,1.1692294518564457,71.97952218430093,1.2515375418254246,0.00444135950865876,0.0038031533383847526,0.0006382061702740072,1.1825083576600324,1.169969,1.1574296423399677,0.02507871532006467,0.7851421976259934,0.005209285714285694,81.06846473029078,86.55052724816467,0.002990349327171374,-0.00048423270354760724,0.0005699999999999594,0.001980000000000093,0.0009699999999999154,-0.001509216394498858,1.17764,55551.0,0.002908163265306074,1.17942,51711.0,0.0043470463144048566,1.176,42841.0,-0.0015587867017606838,1.17216,63471.0,54449.0,1.2849088137523186
2025-12-29 00:00:00+00:00,1.17631,1.1789,1.17494,1.17721,69209.0,7.645779529719121e-05,7.645487254893733e-05,0.002262077944922692,1.177478,1.175422,1.1708380000000003,1.1629574,1.1529468,1.174215301924319,1.169820603570783,73.51614022908797,0.659256092347166,0.0043946983535361195,0.003921462341415026,0.00047323601212109333,1.1828151547451549,1.1708380000000003,1.1588608452548457,0.02395430949030919,0.7660064153624483,0.005092142857142846,81.53526970954465,82.12309820193707,0.0033638857977760666,0.000764519499494672,0.0009000000000001229,0.0016899999999999693,0.0013699999999998713,-0.0004415610882783083,1.17712,69962.0,-0.001509216394498858,1.17764,55551.0,0.002908163265306074,1.17942,51711.0,-0.0010664073164072807,1.1709100000000001,52746.0,53872.1,1.2846909624833633
2025-12-30 00:00:00+00:00,1.17714,1.1779600000000001,1.17432,1.17476,56394.0,-0.00208119197084633,-0.0020833606603513116,0.0023481481729901057,1.17723,1.175383,1.1715335000000002,1.1631718,1.153421,1.17429910162827,1.170186484787762,70.20218760357986,0.08093303004745285,0.004112616840507899,0.003959693241233601,0.00015292359927429784,1.1826533793537528,1.1715335000000002,1.1604136206462476,0.022239758707505164,0.6450780128703,0.005050714285714274,68.20105820105886,76.93493088029807,0.00309850522659955,-0.002025945725084314,0.0023800000000000487,0.0008200000000000429,0.00043999999999999595,7.645779529719121e-05,1.17721,69209.0,-0.0004415610882783083,1.17712,69962.0,-0.001509216394498858,1.17764,55551.0,0.0043470463144048566,1.176,42841.0,54016.9,1.0440065979350908
2025-12-31 00:00:00+00:00,1.17476,1.17593,1.17199,1.17455,62225.0,-0.00017875991691929105,-0.00017877589637759235,0.0023470679332780334,1.176256,1.175376,1.1721395000000001,1.1634652,1.1538978500000001,1.174337701377767,1.1705097081368168,60.767590618337,0.045144035024950124,0.0038279932409501782,0.003933353241176917,-0.00010536000022673842,1.1824629683584191,1.1721395000000001,1.161816031641581,0.020646936716838038,0.6167485536987215,0.004752142857142824,51.708074534161504,67.14813414825498,0.0033544761823675728,-0.00017879187774044825,0.00021000000000004349,0.0011699999999998933,0.0025599999999998957,-0.00208119197084633,1.17476,56394.0,7.645779529719121e-05,1.17721,69209.0,-0.0004415610882783083,1.17712,69962.0,0.002908163265306074,1.17942,51711.0,54936.7,1.1326672333795078
2026-01-02 00:00:00+00:00,1.17486,1.17648,1.17131,1.17197,64850.0,-0.002196585926525052,-0.002199001960056581,0.0022752039679411517,1.175122,1.1751740000000002,1.1723865,1.1636868,1.1543892,1.1739734396273414,1.17061787790446,45.76427255985247,-0.2706037527124163,0.0033555617228813173,0.003817794937517797,-0.00046223321463647986,1.1824277628163633,1.1723865,1.1623452371836367,0.02008252563272661,0.47926057670150257,0.004520714285714259,16.270218839199917,45.39311719147341,0.004411375717808389,-0.0024659334283301275,0.002890000000000059,0.0016199999999999548,0.0006599999999998829,-0.00017875991691929105,1.17455,62225.0,-0.00208119197084633,1.17476,56394.0,7.645779529719121e-05,1.17721,69209.0,-0.001509216394498858,1.17764,55551.0,55723.3,1.1637860643572795
2026-01-05 00:00:00+00:00,1.17181,1.17288,1.16589,1.17211,82408.0,0.00011945698268722715,0.00011944984827003576,0.002201993045504093,1.1741199999999998,1.175169,1.1727705,1.163894,1.154851,1.1736867566077502,1.1707284054670926,45.588914549653346,-0.21368612827978514,0.002958351140657678,0.0036459061781457737,-0.0006875550374880958,1.1820922289451168,1.1727705,1.163448771054883,0.018643457890233694,0.46457202285709276,0.004802857142857093,41.801075268817094,36.593122880726156,0.0059636040985912835,0.0002559486737592606,0.00029999999999996696,0.0007699999999999374,0.005919999999999925,-0.002196585926525052,1.17197,64850.0,-0.00017875991691929105,1.17455,62225.0,-0.00208119197084633,1.17476,56394.0,-0.0004415610882783083,1.17712,69962.0,57347.5,1.436993766075243
2026-01-06 00:00:00+00:00,1.17211,1.17427,1.16838,1.16882,73182.0,-0.002806903788893589,-0.002810850530479686,0.0023099293670198794,1.172442,1.17496,1.1729995,1.1640198,1.1552813,1.1729380248219425,1.17058704209916,36.70726585468295,-0.4403785381476945,0.0023509827227825575,0.0033869214870731307,-0.0010359387642905732,1.1816389163423668,1.1729995,1.164360083657633,0.017278832684733736,0.2581144469503029,0.004901428571428517,19.690860215053227,25.920718107690064,0.0050392703752502105,-0.002814804674800239,0.003290000000000015,0.0021599999999999397,0.00043999999999999595,0.00011945698268722715,1.17211,82408.0,-0.002196585926525052,1.17197,64850.0,-0.00017875991691929105,1.17455,62225.0,7.645779529719121e-05,1.17721,69209.0,58717.15,1.246347957964581
2026-01-07 00:00:00+00:00,1.16883,1.17025,1.16729,1.16733,66583.0,-0.0012747899591040168,-0.0012756031950340696,0.0023287145908086463,1.1709559999999999,1.1740929999999998,1.173183,1.1640769999999998,1.155711,1.172075251772413,1.1703457797214445,35.28461849010894,-0.4120597870597965,0.0017294720509684058,0.003055431599852186,-0.0013259595488837803,1.1811140345777584,1.173183,1.1652519654222417,0.01586206915551669,0.13100652615901087,0.004617142857142796,9.677419354838085,23.72311827956945,0.0025357011299290463,-0.0012849836807073036,0.0015000000000000568,0.0014199999999999768,4.0000000000040004e-05,-0.002806903788893589,1.16882,73182.0,0.00011945698268722715,1.17211,82408.0,-0.002196585926525052,1.17197,64850.0,-0.00208119197084633,1.17476,56394.0,59427.45,1.1204081615482409
2026-01-08 00:00:00+00:00,1.16733,1.16829,1.16425,1.16593,64439.0,-0.001199318101993474,-0.0012000378594847027,0.002335953345979283,1.1692319999999998,1.172744,1.1733509999999998,1.1640936000000002,1.15614485,1.1711298284228109,1.1700186849272634,34.220830070477405,-0.42531022879642383,0.0011111434955475286,0.0026665739789912546,-0.001555430483443726,1.1804322871265283,1.1733509999999998,1.1662697128734714,0.014162574253056892,-0.023986661421960716,0.004512857142857096,10.169491525423227,13.179257031771497,0.0034650450713164973,-0.0012007581930305147,0.0014000000000000679,0.0009600000000000719,0.0016799999999999038,-0.0012747899591040168,1.16733,66583.0,-0.002806903788893589,1.16882,73182.0,0.00011945698268722715,1.17211,82408.0,-0.00017875991691929105,1.17455,62225.0,60330.7,1.0680963423265435
2026-01-09 00:00:00+00:00,1.16593,1.16621,1.1618,1.16367,78485.0,-0.001938366797320512,-0.001940247861428851,0.001934482907318105,1.167572,1.1713470000000001,1.1730595,1.1641632,1.1565395,1.1699821625116091,1.1695484119696884,33.654216403542364,-1.048469387755098,0.00043375054192074103,0.002220009291577152,-0.001786258749656411,1.1812078494615341,1.1730595,1.1649111505384657,0.016296698923068398,-0.0761596286661994,0.004466428571428522,9.85767000527172,9.901526961844327,0.003789734202995716,-0.001942131360265306,0.0022599999999999287,0.000280000000000058,0.0018700000000000383,-0.001199318101993474,1.16593,64439.0,-0.0012747899591040168,1.16733,66583.0,-0.002806903788893589,1.16882,73182.0,-0.002196585926525052,1.17197,64850.0,61439.65,1.2774324072484136
2026-01-12 00:00:00+00:00,1.16253,1.16985,1.16214,1.16663,72464.0,0.002543676471852052,0.002540446802518556,0.0018261155382717513,1.1664759999999998,1.170298,1.1727005,1.1643590000000001,1.1568473,1.1694664452021308,1.169332233305267,42.26878612716756,-1.0844313306540383,0.00013421189686391166,0.001802849812634504,-0.0016686379157705923,1.1813281995165155,1.1727005,1.1640728004834844,0.017255399033031082,0.14819706641501387,0.004766428571428537,25.461254612546806,15.162805381080567,0.006608779133058558,0.003514396166736662,0.0040999999999999925,0.0032200000000000006,0.0003900000000001125,-0.001938366797320512,1.16367,78485.0,-0.001199318101993474,1.16593,64439.0,-0.0012747899591040168,1.16733,66583.0,0.00011945698268722715,1.17211,82408.0,62369.6,1.1618480798337651
2026-01-13 00:00:00+00:00,1.16663,1.16775,1.16341,1.1642000000000001,73018.0,-0.0020829226061389594,-0.0020850949064436584,0.0018642005266102442,1.165552,1.168997,1.1722095,1.1645708,1.15718715,1.1686562228633415,1.1689520678752472,26.41886490807417,-1.1412655820114719,-0.00029584501190571544,0.0013831108477264603,-0.0016789558596321758,1.1816045994504647,1.1722095,1.162814400549535,0.01879019890092959,0.07374054195863064,0.004624999999999975,12.651555086980435,15.990159901599638,0.003727881807249622,-0.0020872702284830203,0.002429999999999932,0.0011200000000000099,0.0007900000000000684,0.002543676471852052,1.16663,72464.0,-0.001938366797320512,1.16367,78485.0,-0.001199318101993474,1.16593,64439.0,-0.002806903788893589,1.16882,73182.0,63402.45,1.1516589658601522
2026-01-14 00:00:00+00:00,1.1642000000000001,1.16616,1.16352,1.16437,65261.0,0.00014602302009936174,0.00014601235977591807,0.0018411699390381577,1.16496,1.167958,1.1716704999999998,1.1648208000000002,1.1575552500000001,1.167996803961289,1.1686126554400436,15.434083601286275,-1.0831521000407809,-0.0006158514787546476,0.0009833183824302387,-0.0015991698611848863,1.181578214113118,1.1716704999999998,1.1617627858868818,0.019815428226236165,0.1315749568140106,0.004479999999999976,13.547706905640329,17.220172201722505,0.0022673205252625676,0.00014600170049020625,0.00016999999999978144,0.0017900000000001803,0.0006800000000000139,-0.0020829226061389594,1.1642000000000001,73018.0,0.002543676471852052,1.16663,72464.0,-0.001938366797320512,1.16367,78485.0,-0.0012747899591040168,1.16733,66583.0,64340.75,1.014302755252309
2026-01-15 00:00:00+00:00,1.16438,1.16468,1.15929,1.16077,60846.0,-0.0030918007162670236,-0.0030965902067493973,0.001932965557816179,1.163928,1.1665800000000002,1.1709779999999999,1.1650719999999999,1.1578825,1.1668849879672445,1.1680317180000404,14.243323442136614,-1.3965222857434112,-0.0011467300327958618,0.0005573086993850187,-0.0017040387321808805,1.1819016924545689,1.1709779999999999,1.1600543075454308,0.021847384909138068,0.03275872410111243,0.0046142857142856975,7.262021589794618,11.153761194138445,0.004643469421160097,-0.0031100045659345874,0.003609999999999891,0.00029999999999996696,0.0014800000000001479,0.00014602302009936174,1.16437,65261.0,-0.0020829226061389594,1.1642000000000001,73018.0,0.002543676471852052,1.16663,72464.0,-0.001199318101993474,1.16593,64439.0,64125.2,0.9488625376607013
2026-01-16 00:00:00+00:00,1.16077,1.16273,1.15843,1.15985,62630.0,-0.0007925773409031001,-0.0007928915963825766,0.001933432587331769,1.163164,1.165368,1.170271,1.1652841999999999,1.1582090999999999,1.16580268212613,1.1674256648148522,14.005835764902187,-1.2691954101263219,-0.0016229826887221854,0.00012125042176357789,-0.0017442331104857633,1.1821614364932453,1.170271,1.1583805635067548,0.023780872986490564,0.061790687586617446,0.004669999999999984,6.936980947728274,9.248903147721057,0.003707375953787102,-0.000793206018019599,0.0009200000000000319,0.0019599999999999618,0.0014199999999999768,-0.0030918007162670236,1.16077,60846.0,0.00014602302009936174,1.16437,65261.0,-0.0020829226061389594,1.1642000000000001,73018.0,-0.001938366797320512,1.16367,78485.0,64413.8,0.9723071764125079
2026-01-19 00:00:00+00:00,1.15818,1.16487,1.15775,1.16448,68581.0,0.003991895503728804,0.003983949029515581,0.002172729260541259,1.162734,1.1646050000000001,1.1698870000000001,1.1654808,1.1584344500000001,1.1655991925682638,1.1672074674211594,27.69015071854143,-0.857349623259974,-0.0016082748528956081,-0.00022465463316825933,-0.0013836202197273488,1.1820142639340545,1.1698870000000001,1.1577597360659457,0.024254527868108777,0.2770725520033894,0.004895714285714273,33.30034636318596,15.833116300236268,0.006114317120087949,0.005410140148392392,0.006299999999999972,0.0003900000000001125,0.00042999999999993044,-0.0007925773409031001,1.15985,62630.0,-0.0030918007162670236,1.16077,60846.0,0.00014602302009936174,1.16437,65261.0,0.002543676471852052,1.16663,72464.0,64669.3,1.0604877430248973
2026-01-20 00:00:00+00:00,1.16448,1.17688,1.1632500000000001,1.17241,108726.0,0.0068099065677382775,0.00678682388867808,0.0026849629117863434,1.164376,1.164964,1.169962,1.1658016,1.158617,1.166647009096223,1.1675928402047773,46.54513378418098,0.03754362313028456,-0.0009458311085541737,-0.0003688899282454422,-0.0005769411803087316,1.1821343718226718,1.169962,1.1577896281773281,0.02434474364534367,0.6005555875084446,0.005609285714285682,76.63355985363302,38.9569623881824,0.011625625847612875,0.0067638454124410346,0.007929999999999993,0.004469999999999974,0.0012299999999998423,0.003991895503728804,1.16448,68581.0,-0.0007925773409031001,1.15985,62630.0,-0.0030918007162670236,1.16077,60846.0,-0.0020829226061389594,1.1642000000000001,73018.0,67468.3,1.6115123695127933
2026-01-21 00:00:00+00:00,1.17241,1.1743000000000001,1.1676199999999999,1.1682,97103.0,-0.003590893970539355,-0.003597356706264228,0.002604542483801809,1.165142,1.165051,1.169572,1.1660528000000001,1.1587838,1.1668859307737272,1.1676378150044233,41.64693501710059,-0.3335864381329466,-0.0007518842306961648,-0.0004454887887355868,-0.00030639544196057805,1.1814254624743776,1.169572,1.1577185375256225,0.023706924948755148,0.4421266147775022,0.005804999999999997,54.626241505488345,54.853382574102426,0.005718198938538129,-0.003603834959767204,0.004210000000000047,0.0018900000000001693,0.0005800000000000249,0.0068099065677382775,1.17241,108726.0,0.003991895503728804,1.16448,68581.0,-0.0007925773409031001,1.15985,62630.0,0.00014602302009936174,1.16437,65261.0,70181.4,1.383600213161892
2026-01-22 00:00:00+00:00,1.1682,1.1756,1.16697,1.17544,75582.0,0.006197568909433349,0.006178442961481883,0.0029061470042484367,1.168076,1.166002,1.169373,1.166398,1.159021,1.1682019414239229,1.1682157546337253,54.06608858682927,0.5663831898838204,-1.381320980242684e-05,-0.00035915367294895483,0.000345340463146528,1.1806499445283123,1.169373,1.1580960554716877,0.022553889056624588,0.7690001704259527,0.006052142857142855,92.47255619445951,74.57745251786028,0.007341931532021979,0.006159395630572496,0.007240000000000135,0.00015999999999993797,0.0012299999999998423,-0.003590893970539355,1.1682,97103.0,0.0068099065677382775,1.17241,108726.0,0.003991895503728804,1.16448,68581.0,-0.0030918007162670236,1.16077,60846.0,71374.95,1.0589429484714175
2026-01-23 00:00:00+00:00,1.17544,1.18334,1.17282,1.18303,92978.0,0.006457156469066971,0.00643639834528398,0.0032390782033281497,1.172712,1.167938,1.1696425,1.1668736,1.1592376500000001,1.1704831812048577,1.1693131061423383,60.89385474860346,1.3449495858069311,0.0011700750625194267,-5.330792585527851e-05,0.0012233829883747053,1.1819608455399662,1.1696425,1.1573241544600337,0.024636691079932493,1.043396836716629,0.00630428571428573,98.78858929269234,81.96246233088006,0.008892420310558553,0.006415729102389614,0.007589999999999986,0.00031000000000003247,0.0026200000000000667,0.006197568909433349,1.17544,75582.0,-0.003590893970539355,1.1682,97103.0,0.0068099065677382775,1.17241,108726.0,-0.0007925773409031001,1.15985,62630.0,73246.3,1.2693883513569968
2026-01-26 00:00:00+00:00,1.18632,1.1907,1.18349,1.18802,123609.0,0.004217982637803042,0.004209111884743296,0.0033535322823348276,1.1774200000000001,1.170077,1.1701875000000002,1.1673664000000001,1.1594973,1.1731811533271874,1.1706988019836466,68.52566576611366,1.8946248917173558,0.0024823513435408007,0.00045382392802393733,0.0020285274155168636,1.184672714058332,1.1701875000000002,1.1557022859416684,0.028970428116663616,1.1155414731252373,0.006431428571428596,91.86646433990892,94.37586994235357,0.006068921398629788,0.0014309523408697115,0.0017000000000000348,0.0026800000000000157,0.00283000000000011,0.006457156469066971,1.18303,92978.0,0.006197568909433349,1.17544,75582.0,-0.003590893970539355,1.1682,97103.0,0.003991895503728804,1.16448,68581.0,75928.65,1.627962567489347
2026-01-27 00:00:00+00:00,1.18802,1.20819,1.18502,1.20384,141633.0,0.013316274136798922,0.013228391874892807,0.004412199598121404,1.1837060000000001,1.174041,1.171519,1.168203,1.1598216,1.1778978989691586,1.1731537055404135,77.59637188208632,3.452009590347782,0.004744193428745103,0.0013118978281681703,0.003432295600576932,1.192264927590225,1.171519,1.1507730724097749,0.04149185518045018,1.2789721587389713,0.00787500000000003,91.37589214908787,94.01031526056302,0.019246743753322814,0.01314128123338645,0.015819999999999945,0.004350000000000076,0.0030000000000001137,0.004217982637803042,1.18802,123609.0,0.006457156469066971,1.18303,92978.0,0.006197568909433349,1.17544,75582.0,0.0068099065677382775,1.17241,108726.0,79549.85,1.7804307613402162
2026-01-28 00:00:00+00:00,1.20384,1.20449,1.18956,1.19536,154158.0,-0.007044125465178186,-0.007069052445119854,0.00473029808698295,1.1891380000000003,1.17714,1.1725489999999998,1.168927,1.1600421,1.1805843760508266,1.1747986162411237,70.09422367882028,2.4626488261059567,0.005785759809702862,0.0022066702244751086,0.003579089585227753,1.1958594466303238,1.1725489999999998,1.1492385533696758,0.046620893260648,0.9892870643311882,0.008652857142857176,74.56383822363182,85.93539823754286,0.01248996118324196,-0.007094097175746255,0.008480000000000043,0.0006500000000000394,0.005800000000000027,0.013316274136798922,1.20384,141633.0,0.004217982637803042,1.18802,123609.0,0.006457156469066971,1.18303,92978.0,-0.003590893970539355,1.1682,97103.0,84438.05,1.825693511396817
2026-01-29 00:00:00+00:00,1.19536,1.19963,1.1905999999999999,1.1970399999999999,150707.0,0.001405434346138268,0.0014044476476726955,0.004724894018081,1.1934580000000001,1.180767,1.1736735,1.1697084000000002,1.1603171,1.1831160105045455,1.1764461261491885,72.9662766689608,2.820821164748304,0.006669884355356981,0.0030993130506514832,0.0035705713047054976,1.1994317095446734,1.1736735,1.1479152904553267,0.05151641908934668,0.9535738394292221,0.008982857142857181,77.8945281522597,81.27808617499312,0.007543607565327888,0.0014034618726190468,0.0016799999999999038,0.0025900000000000922,0.0047600000000000975,-0.007044125465178186,1.19536,154158.0,0.013316274136798922,1.20384,141633.0,0.004217982637803042,1.18802,123609.0,0.006197568909433349,1.17544,75582.0,88862.15,1.6959639171458265
2026-01-30 00:00:00+00:00,1.1970399999999999,1.19744,1.18497,1.18503,177802.0,-0.010033081601283023,-0.01008375217069209,0.005291358420221552,1.193858,1.183285,1.1743265,1.1703333999999999,1.16058615,1.183410470426923,1.177081968656656,61.26070991432075,1.7743500777244454,0.006328501770267003,0.0037451507945745876,0.0025833509756924156,1.2005606499215278,1.1743265,1.1480923500784723,0.052468299843055455,0.7039993678471871,0.009322857142857173,54.08406026962718,68.84747554850622,0.010522940347501735,-0.01013476452072931,0.012009999999999854,0.000400000000000178,5.999999999994898e-05,0.001405434346138268,1.1970399999999999,150707.0,-0.007044125465178186,1.19536,154158.0,0.013316274136798922,1.20384,141633.0,0.006457156469066971,1.18303,92978.0,94509.75,1.8813085422403508
2026-02-02 00:00:00+00:00,1.18491,1.18746,1.17758,1.17904,155138.0,-0.0050547243529699415,-0.005067542685782509,0.0054388532503895195,1.192062,1.184741,1.174673,1.1708584,1.1607894,1.1827380903612426,1.1772270080154221,58.70279146141218,1.5739552193802395,0.005511082345820428,0.004098337104823756,0.0014127452409966722,1.200966879295779,1.174673,1.148379120704221,0.052587758591557954,0.5830421397861413,0.00971857142857145,42.208564631245075,58.06238435104397,0.008379698737956208,-0.004978626679332185,0.00586999999999982,0.0025500000000000522,0.0014600000000000168,-0.010033081601283023,1.18503,177802.0,0.001405434346138268,1.1970399999999999,150707.0,-0.007044125465178186,1.19536,154158.0,0.004217982637803042,1.18802,123609.0,98146.25,1.5806818905459965
2026-02-03 00:00:00+00:00,1.17904,1.18288,1.17799,1.18168,103914.0,0.0022391097842311414,0.002236606713655074,0.0054036368524847,1.18763,1.1856680000000002,1.175316,1.1714647999999999,1.1610169,1.1825753072287437,1.1775568592735388,59.86549640943818,1.8821399318877454,0.005018447955204897,0.004282359274899984,0.0007360886803049124,1.2016361738916017,1.175316,1.1489958261083983,0.05264034778320337,0.6208958577973278,0.009879285714285726,47.442505947660564,47.91171028284426,0.004138176155981178,0.002234107372554309,0.0026399999999999757,0.0011999999999998678,0.0010499999999999954,-0.0050547243529699415,1.17904,155138.0,-0.010033081601283023,1.18503,177802.0,0.001405434346138268,1.1970399999999999,150707.0,0.013316274136798922,1.20384,141633.0,99682.85,1.0424461178628017
2026-02-04 00:00:00+00:00,1.18168,1.1837900000000001,1.17904,1.18068,103172.0,-0.0008462527926342833,-0.0008466110666700002,0.005396819155163085,1.184694,1.186916,1.1759835,1.1720372,1.1612126999999999,1.1822837215012447,1.1777882030310545,61.69387994831428,1.391178895300906,0.004495518470190252,0.004324991113958038,0.00017052735623221404,1.202127453935248,1.1759835,1.1498395460647521,0.052287907870495864,0.5898200022007372,0.009833571428571442,45.45995241871506,45.03700766587357,0.004023105329132391,-0.0008469695429753295,0.001000000000000112,0.0021100000000000563,0.0016399999999998638,0.0022391097842311414,1.18168,103914.0,-0.0050547243529699415,1.17904,155138.0,-0.010033081601283023,1.18503,177802.0,-0.007044125465178186,1.19536,154158.0,101512.3,1.0163497428390451
2026-02-05 00:00:00+00:00,1.18069,1.18217,1.17747,1.17769,105431.0,-0.002532438933495973,-0.002535650980993983,0.005428127134884011,1.1808239999999999,1.187141,1.1765715,1.1724534,1.16141075,1.1815769951164379,1.1777809287324579,60.22935779816506,0.45035439820540185,0.0037960663839800013,0.004219206167962431,-0.00042313978398242965,1.2022889094422633,1.1765715,1.150854090557737,0.05143481888452639,0.5217459694474843,0.009862142857142866,39.53211736716858,44.14485857784806,0.003990863470013269,-0.002547359661710734,0.0030000000000001137,0.0014799999999999258,0.00021999999999988695,-0.0008462527926342833,1.18068,103172.0,0.0022391097842311414,1.18168,103914.0,-0.0050547243529699415,1.17904,155138.0,0.001405434346138268,1.1970399999999999,150707.0,103561.9,1.0180481431877941
2026-02-06 00:00:00+00:00,1.17764,1.18261,1.17656,1.18141,78570.0,0.0031587259805212486,0.0031537476862347025,0.00542648905324643,1.1801,1.186979,1.1774585,1.1728882,1.16165455,1.1815513035600629,1.17804974882635,59.80994321474103,1.1307995206300434,0.0035015547337129416,0.004075675881112533,-0.0005741211473995912,1.2025176151815895,1.1774585,1.1523993848184104,0.050118230363179084,0.5788435659313143,0.009785714285714286,40.409434801958085,41.80050152928057,0.005120999483667726,0.0031911021575913956,0.003770000000000051,0.0011999999999998678,0.0010799999999999699,-0.002532438933495973,1.17769,105431.0,-0.0008462527926342833,1.18068,103172.0,0.0022391097842311414,1.18168,103914.0,-0.010033081601283023,1.18503,177802.0,103566.15,0.7586455613151595
2026-02-09 00:00:00+00:00,1.18095,1.19266,1.18078,1.19123,108085.0,0.008312101641259062,0.008277746369464975,0.005673362978363611,1.182538,1.1873,1.1786885,1.1735226,1.161968,1.1830403337815918,1.1790260637281018,60.6713540485371,1.3433267542367087,0.004014270053489977,0.004063394715588022,-4.912466209804501e-05,1.2039240065438817,1.1786885,1.1534529934561184,0.05047101308776325,0.7484891670034791,0.009660714285714309,58.854924793789245,46.26549232097196,0.009972885169111014,0.0086297356513856,0.010280000000000067,0.0014300000000000423,0.00017000000000000348,0.0031587259805212486,1.18141,78570.0,-0.002532438933495973,1.17769,105431.0,-0.0008462527926342833,1.18068,103172.0,-0.0050547243529699415,1.17904,155138.0,105347.2,1.0259883509006409
2026-02-10 00:00:00+00:00,1.19123,1.19286,1.18866,1.18946,91338.0,-0.001485859153983693,-0.0014869641373985512,0.005657507856251565,1.184094,1.185862,1.1799515,1.1741152000000001,1.1622659,1.1840279747382698,1.1797989478963904,62.39794728248194,0.54351960643432,0.004229026841879424,0.004096521140846302,0.00013250570103312195,1.204656715537146,1.1799515,1.1552462844628542,0.04941043107429177,0.6924391225347392,0.009483571428571433,54.560892770499464,51.275084122082255,0.003531014073613221,-0.0014880702167370482,0.0017700000000000493,0.0016300000000000203,0.0007999999999999119,0.008312101641259062,1.19123,108085.0,0.0031587259805212486,1.18141,78570.0,-0.002532438933495973,1.17769,105431.0,0.0022391097842311414,1.18168,103914.0,106263.2,0.8595449788826236
2026-02-11 00:00:00+00:00,1.18946,1.19272,1.1832799999999999,1.18714,109663.0,-0.001950464916852912,-0.001952369550565972,0.005695196383433216,1.1853859999999998,1.18504,1.18109,1.174641,1.1625453,1.1845067478554592,1.180342729533695,57.23830734966596,-0.07407282705678288,0.004164018321764162,0.004110020577029874,5.39977447342882e-05,1.2048525056272315,1.18109,1.1573274943727685,0.04752501125446296,0.6273013901586814,0.00954142857142859,40.48628781453226,51.300701792940316,0.007951884360732613,-0.001954276664925685,0.0023199999999998777,0.0032600000000000406,0.0038600000000001966,-0.001485859153983693,1.18946,91338.0,0.008312101641259062,1.19123,108085.0,0.0031587259805212486,1.18141,78570.0,-0.0008462527926342833,1.18068,103172.0,108483.3,1.0108744848285405
2026-02-12 00:00:00+00:00,1.18708,1.18898,1.18515,1.187,98895.0,-0.00011793048840069709,-0.00011793744274750269,0.005621522122279548,1.187248,1.184036,1.1824015,1.1751323999999999,1.1627976,1.1848903251084655,1.1808358606793472,52.70546544909366,-1.3988569909622512,0.004054464429118276,0.004098909347447555,-4.444491832927833e-05,1.2042610721776408,1.1824015,1.1605419278223594,0.04371914435528135,0.6051827538670583,0.00906357142857144,33.006639266519095,42.68460661718359,0.003226621735467565,-6.739679865194436e-05,7.999999999985796e-05,0.0019000000000000128,0.0018500000000001293,-0.001950464916852912,1.18714,109663.0,-0.001485859153983693,1.18946,91338.0,0.008312101641259062,1.19123,108085.0,-0.002532438933495973,1.17769,105431.0,110385.75,0.8959036832199808
2026-02-13 00:00:00+00:00,1.187,1.18848,1.18468,1.18689,82888.0,-9.267059814666023e-05,-9.267489233183918e-05,0.005611073585206955,1.188344,1.184222,1.1837535,1.1755296,1.16308465,1.1851979673994708,1.18128431544384,49.17506205285437,-0.7085731495114423,0.00391365195563087,0.004061857869084218,-0.0001482059134533479,1.20291905383192,1.1837535,1.1645879461680797,0.0383311076638404,0.5818264900536363,0.008787142857142867,32.658868163136056,35.38393174806246,0.003201644634296376,-9.26791867823088e-05,0.0001100000000000545,0.0014799999999999258,0.0022100000000000453,-0.00011793048840069709,1.187,98895.0,-0.001950464916852912,1.18714,109663.0,-0.001485859153983693,1.18946,91338.0,0.0031587259805212486,1.18141,78570.0,111398.65,0.7440664675918425
2026-02-16 00:00:00+00:00,1.18642,1.18752,1.18423,1.18506,48881.0,-0.0015418446528321361,-0.0015430345185148398,0.005600917602626432,1.18711,1.184824,1.1847824999999998,1.1759422,1.16339875,1.185176741645706,1.1815639957813333,32.770642201834846,-1.0008019782129154,0.0036127458643726573,0.003972035468141906,-0.0003592896037692486,1.2016649104976316,1.1847824999999998,1.1679000895023681,0.033764820995263456,0.5082186130955375,0.007367142857142858,30.433225921947543,32.03291111720089,0.002776230739371859,-0.001147621217491121,0.0013600000000000279,0.0010999999999998789,0.0008300000000001084,-9.267059814666023e-05,1.18689,82888.0,-0.00011793048840069709,1.187,98895.0,-0.001950464916852912,1.18714,109663.0,0.008312101641259062,1.19123,108085.0,110413.65,0.4427079441717578
2026-02-17 00:00:00+00:00,1.18507,1.1855,1.1804000000000001,1.1855,82397.0,0.00037128921742368703,0.00037122030663889273,0.005425096142355351,1.186318,1.185206,1.1854369999999999,1.1763674,1.16370295,1.1852264737002127,1.1818555516493827,39.388721480843735,0.039661443170212606,0.0033709220508300053,0.003851812784679526,-0.0004808907338495205,1.2012829267221652,1.1854369999999999,1.1695910732778345,0.031691853444330675,0.5019878925702724,0.006664999999999984,38.751625487646194,33.94790652424326,0.004301982285955194,0.00036271615352166214,0.00042999999999993044,0.0,0.004669999999999952,-0.0015418446528321361,1.18506,48881.0,-9.267059814666023e-05,1.18689,82888.0,-0.00011793048840069709,1.187,98895.0,-0.001485859153983693,1.18946,91338.0,109097.2,0.7552622798751939
2026-02-18 00:00:00+00:00,1.1855,1.18574,1.178,1.17824,75163.0,-0.006123998312948187,-0.00614282690080189,0.00555533754430972,1.184538,1.184962,1.1859389999999999,1.176659,1.16405265,1.1841516315924878,1.1815877330086877,31.936971560338293,-0.06785181164338223,0.0025638985838001283,0.0035942299445036463,-0.001030331360703518,1.200023976542776,1.1859389999999999,1.1718540234572237,0.02816995308555237,0.22669461050865164,0.006572857142857126,8.045977011493788,25.74360947369583,0.006569120043454712,-0.006161732753938115,0.007260000000000044,0.00024000000000001798,0.00024000000000001798,0.00037128921742368703,1.1855,82397.0,-0.0015418446528321361,1.18506,48881.0,-9.267059814666023e-05,1.18689,82888.0,-0.001950464916852912,1.18714,109663.0,108000.2,0.6959524149029354
2026-02-19 00:00:00+00:00,1.17822,1.18076,1.17418,1.17729,76545.0,-0.0008062873438349216,-0.0008066125683033354,0.005391812790148824,1.1825959999999998,1.1849219999999998,1.1860315,1.1769534,1.16434715,1.1830959959628744,1.1812693824154517,40.556368960468475,-0.37150497596643045,0.0018266135474227507,0.003240706665087467,-0.0014140931176647165,1.1998478995233743,1.1860315,1.1722151004766255,0.027632799046748868,0.18365492090717328,0.006152142857142844,16.648822269806967,21.14880825631564,0.005589107186844389,-0.0007899497999644076,0.0009300000000000974,0.0025399999999999867,0.003109999999999946,-0.006123998312948187,1.17824,75163.0,0.00037128921742368703,1.1855,82397.0,-0.0015418446528321361,1.18506,48881.0,-0.00011793048840069709,1.187,98895.0,108048.35,0.7084328451105454
2026-02-20 00:00:00+00:00,1.17721,1.18075,1.17432,1.17816,101532.0,0.0007389852967409904,0.0007387123815518554,0.005184158856225827,1.18085,1.184597,1.185788,1.1771266,1.1646531999999998,1.182336611968586,1.1810390577920848,48.77300613496935,-0.21343632482974692,0.0012975541765012366,0.0028520761673702212,-0.0015545219908689846,1.1999933134610379,1.185788,1.1715826865389622,0.028410626922075632,0.23150891668381812,0.005905714285714276,21.30620985010754,15.333669710469422,0.005457662796224567,0.0008063420927548095,0.0009500000000000064,0.00258999999999987,0.002890000000000059,-0.0008062873438349216,1.17729,76545.0,-0.006123998312948187,1.17824,75163.0,0.00037128921742368703,1.1855,82397.0,-9.267059814666023e-05,1.18689,82888.0,108476.05,0.9359854087607357
2026-02-23 00:00:00+00:00,1.17905,1.18346,1.17744,1.17848,82450.0,0.0002716099680857287,0.00027157308877605454,0.005081499477253696,1.1795339999999999,1.183322,1.185311,1.1772200000000002,1.16495295,1.1817432870503422,1.180849497955634,45.22957662492537,0.06708047109171925,0.0008937890947080529,0.0024604187528377876,-0.0015666296581297347,1.1998377910753681,1.185311,1.1707842089246319,0.02905358215073628,0.26488269279294635,0.005986428571428567,23.019271948607944,20.324768022840804,0.00510827506618688,-0.00048367388500437805,0.0005699999999999594,0.004410000000000025,0.0010399999999999299,0.0007389852967409904,1.17816,101532.0,-0.0008062873438349216,1.17729,76545.0,-0.006123998312948187,1.17824,75163.0,-0.0015418446528321361,1.18506,48881.0,106418.1,0.7747742160403164
2026-02-24 00:00:00+00:00,1.17847,1.17962,1.17659,1.17718,71658.0,-0.0011031158780803185,-0.0011037247582186406,0.003925882134546423,1.17787,1.182094,1.183978,1.1772832,1.1652579,1.1810412428887511,1.1805776832922537,44.82860520094559,-0.3580467407589387,0.0004635595964974648,0.0020610469215697233,-0.0015974873250722585,1.1960273102663497,1.183978,1.1719286897336503,0.0240986205326994,0.2179091645193599,0.0058635714285714124,16.059957173446932,20.128479657387462,0.0025739479094105118,-0.0010958392089570105,0.0012900000000000134,0.0011499999999999844,0.0005899999999998684,0.0002716099680857287,1.17848,82450.0,0.0007389852967409904,1.17816,101532.0,-0.0008062873438349216,1.17729,76545.0,0.00037128921742368703,1.1855,82397.0,102919.35,0.6962539114364791
2026-02-25 00:00:00+00:00,1.17718,1.18142,1.17709,1.18096,70923.0,0.003211063728571828,0.0032059192732780254,0.0037771766589591044,1.1784139999999999,1.1814760000000002,1.183258,1.1773994,1.1655462,1.1810287439827893,1.180606003048383,54.72133987871798,-0.862134096689976,0.00042274093440641813,0.0017333857241370624,-0.0013106447897306443,1.1941045208586376,1.183258,1.1724114791413622,0.021693041717275374,0.3940674143372948,0.005837142857142842,36.295503211991424,25.124910778015423,0.0036665086031702557,0.0032007858013820252,0.0037800000000001166,0.00045999999999990493,8.999999999992347e-05,-0.0011031158780803185,1.17718,71658.0,0.0002716099680857287,1.17848,82450.0,0.0007389852967409904,1.17816,101532.0,-0.006123998312948187,1.17824,75163.0,98757.6,0.7181523244793312
2026-02-26 00:00:00+00:00,1.18096,1.18289,1.17738,1.1795,72648.0,-0.001236282346565476,-0.0012370471740124562,0.0037494810372225807,1.178856,1.180726,1.182381,1.177497,1.16580305,1.1807935526008217,1.1805240768966507,47.049737411183095,-0.8373547660282792,0.0002694757041710183,0.0014406037201438538,-0.0011711280159728355,1.1911783653950918,1.182381,1.173583634604908,0.01759473079018381,0.33625779590744087,0.005798571428571415,28.479657387580207,26.945039257672843,0.004671470962272068,-0.0012378126324714004,0.0014600000000000168,0.0019299999999999873,0.0021199999999998997,0.003211063728571828,1.18096,70923.0,-0.0011031158780803185,1.17718,71658.0,0.0002716099680857287,1.17848,82450.0,-0.0008062873438349216,1.17729,76545.0,94854.65,0.765887597497856
2026-02-27 00:00:00+00:00,1.17974,1.18269,1.17887,1.18132,79286.0,0.0015430267062312986,0.0015418374637213527,0.0030698714650641704,1.179488,1.1801689999999998,1.1821955,1.1776436,1.1660479000000001,1.1808745445083877,1.1805830341635655,29.667624128026276,-0.49025388749432736,0.00029151034482222116,0.0012107850450795274,-0.0009192747002573062,1.1909137820012117,1.1821955,1.1734772179987882,0.017436564002423438,0.449789419527933,0.005222857142857117,38.222698072804675,34.332619557458756,0.0032336708089255534,0.001337486879084342,0.0015799999999999148,0.0013700000000000934,0.0008699999999999264,-0.001236282346565476,1.1795,72648.0,0.003211063728571828,1.18096,70923.0,-0.0011031158780803185,1.17718,71658.0,0.0007389852967409904,1.17816,101532.0,89928.85,0.8816525508777217
2026-03-02 00:00:00+00:00,1.17713,1.17957,1.16716,1.16867,142794.0,-0.010708360139504824,-0.010766107249168549,0.003733606910903152,1.1775259999999999,1.1785299999999999,1.181677,1.1775738,1.16625255,1.1789969222763281,1.1797005871884865,20.510638297872532,-1.5442291491154134,-0.0007036649121583416,0.0008278950536319536,-0.0015315599657902952,1.1922265843769477,1.181677,1.1711274156230524,0.02109916875389528,-0.11646978379651415,0.005934285714285685,5.907668231612366,24.20334123066574,0.010618908673962736,-0.007238998177415277,0.008459999999999912,0.0024399999999999977,0.0015100000000001224,0.0015430267062312986,1.18132,79286.0,-0.001236282346565476,1.1795,72648.0,0.003211063728571828,1.18096,70923.0,0.0002716099680857287,1.17848,82450.0,89311.65,1.5988283723344043
2026-03-03 00:00:00+00:00,1.16865,1.17068,1.15301,1.1613,180285.0,-0.006306314015077086,-0.006326282810570548,0.003896875874651415,1.17435,1.17611,1.1806579999999998,1.1773816000000001,1.1663796,1.1762743188492006,1.17833758073008,17.940446650124144,-2.1560548997800977,-0.0020632618808793524,0.0002496636667296924,-0.002312925547609045,1.194598475865925,1.1806579999999998,1.1667175241340746,0.027880951731850345,-0.19430915365366735,0.00652214285714281,23.046983597442164,22.392449967286392,0.015215706535778742,-0.006329113924050605,0.007349999999999968,0.0020299999999999763,0.008289999999999909,-0.010708360139504824,1.16867,142794.0,0.0015430267062312986,1.18132,79286.0,-0.001236282346565476,1.1795,72648.0,-0.0011031158780803185,1.17718,71658.0,93130.2,1.9358382135977374
2026-03-04 00:00:00+00:00,1.16134,1.16546,1.15745,1.1633,144065.0,0.0017222078704899335,0.0017207265710085671,0.003939519817828128,1.1708180000000001,1.1746159999999999,1.179789,1.1771276,1.1665055500000001,1.1742782697954774,1.1772236858611853,21.89278937381411,-1.836193947985756,-0.002945416065707862,-0.0003893522797578185,-0.0025560637859500437,1.1957448376052224,1.179789,1.1638331623947775,0.03191167521044491,-0.016707439871505466,0.006820714285714228,29.010431350436825,19.321694393163778,0.00688558411415787,0.0016848620304306386,0.0019599999999999618,0.0021599999999999397,0.003889999999999949,-0.006306314015077086,1.1613,180285.0,-0.010708360139504824,1.16867,142794.0,0.0015430267062312986,1.18132,79286.0,0.003211063728571828,1.18096,70923.0,95174.85,1.5136877021608124
2026-03-05 00:00:00+00:00,1.1633,1.16474,1.15587,1.1608,166979.0,-0.002149058712283991,-0.002151371252742594,0.003931231486618269,1.167078,1.172967,1.1789445,1.1767552000000001,1.16664605,1.1722046898269425,1.1760071165381345,20.718294051627495,-2.0835090679038335,-0.0038024267111920196,-0.0010719671660446588,-0.0027304595451473606,1.1970157583373366,1.1789445,1.1608732416626635,0.036142516674673164,-0.0020264682540701386,0.007182857142857094,22.573167197913662,24.87686071526421,0.007641281874569396,-0.0021536871123362736,0.0024999999999999467,0.0014400000000001079,0.004930000000000101,0.0017222078704899335,1.1633,144065.0,-0.006306314015077086,1.1613,180285.0,-0.010708360139504824,1.16867,142794.0,-0.001236282346565476,1.1795,72648.0,98252.25,1.6994928869313426
2026-03-06 00:00:00+00:00,1.16079,1.16215,1.1546,1.1616900000000001,176085.0,0.0007667126119916823,0.0007664188380275341,0.003842575234308124,1.163152,1.1713200000000001,1.1779585000000001,1.1764362,1.1668096,1.1705870452381821,1.1749465893871616,23.20568676908988,-1.404637425312317,-0.004359544148979433,-0.0017294825626316137,-0.002630061586347819,1.197551218599145,1.1779585000000001,1.1583657814008552,0.03918543719828982,0.08483301034318867,0.007487142857142803,26.520012221203913,26.034536923184792,0.0064991520973753285,0.0007747333626011439,0.0009000000000001229,0.00045999999999990493,0.006189999999999918,-0.002149058712283991,1.1608,166979.0,0.0017222078704899335,1.1633,144065.0,-0.006306314015077086,1.1613,180285.0,0.0015430267062312986,1.18132,79286.0,103128.0,1.7074412380730741
2026-03-09 00:00:00+00:00,1.15465,1.16377,1.1507,1.16366,241498.0,0.0016958052492488385,0.0016943689950361825,0.0032533289924229023,1.16215,1.169838,1.17658,1.176167,1.1669454,1.1695213459707694,1.1741105457288534,25.80859548072651,-1.1577436315606209,-0.004589199758084028,-0.002301426001722097,-0.0022877737563619313,1.196120584487299,1.17658,1.1570394155127008,0.039081168974598235,0.16940599938559378,0.00805642857142852,36.98630136986266,28.693160262993402,0.011231803103999377,0.0077428114741419,0.009009999999999962,0.0001100000000000545,0.003949999999999898,0.0007667126119916823,1.1616900000000001,176085.0,-0.002149058712283991,1.1608,166979.0,0.0017222078704899335,1.1633,144065.0,-0.010708360139504824,1.16867,142794.0,109798.65,2.199462379546561
2026-03-10 00:00:00+00:00,1.16366,1.16673,1.16053,1.161,183027.0,-0.0022858910678376088,-0.0022885077051503816,0.0032623866456164335,1.1620899999999998,1.16822,1.175157,1.1758427999999999,1.16707755,1.168210369667574,1.173139394193383,28.73704982733102,-1.456508453860262,-0.0049290245258089005,-0.002826945706539458,-0.0021020788192694425,1.1948923917726775,1.175157,1.1554216082273225,0.03947078354535494,0.1413296436405296,0.007946428571428512,31.440781440781464,31.649031677282668,0.005340223944875093,-0.002291128337639866,0.0026599999999998847,0.003070000000000128,0.00046999999999997044,0.0016958052492488385,1.16366,241498.0,0.0007667126119916823,1.1616900000000001,176085.0,-0.002149058712283991,1.1608,166979.0,-0.006306314015077086,1.1613,180285.0,114383.1,1.600122745405571
2026-03-11 00:00:00+00:00,1.161,1.16455,1.15608,1.15729,156593.0,-0.003195521102497989,-0.003200637683057926,0.0032891282237957767,1.160888,1.1658529999999998,1.1736645,1.1754934,1.1671452,1.1665303127956397,1.1719653649938733,26.905311778290923,-1.798078881270793,-0.005435052198233592,-0.0033485670048782846,-0.0020864851933553074,1.1940871050969846,1.1736645,1.1532418949030157,0.04084521019396892,0.09910844081252908,0.008081428571428509,20.115995115994792,29.51435930887963,0.007318822421346402,-0.0032057651928212483,0.003710000000000102,0.003549999999999942,0.0012099999999999334,-0.0022858910678376088,1.161,183027.0,0.0016958052492488385,1.16366,241498.0,0.0007667126119916823,1.1616900000000001,176085.0,0.0017222078704899335,1.1633,144065.0,116729.6,1.3415020697406654
2026-03-12 00:00:00+00:00,1.15729,1.15744,1.15086,1.15116,134860.0,-0.005296857313205838,-0.005310935396977178,0.0033960026456582113,1.15896,1.163019,1.1718724999999999,1.1750256000000001,1.1672156,1.164165649288618,1.1704242268461789,22.1993410214165,-2.210367148609383,-0.006258577557560763,-0.00393056911541478,-0.0023280084421459825,1.1936151816483882,1.1718724999999999,1.1501298183516115,0.04348536329677666,0.023690307963111334,0.008092142857142801,1.4041514041511183,17.653642653642446,0.005715973452864963,-0.005325063414295119,0.006129999999999969,0.0001500000000000945,0.00029999999999996696,-0.003195521102497989,1.15729,156593.0,-0.0022858910678376088,1.161,183027.0,0.0016958052492488385,1.16366,241498.0,-0.002149058712283991,1.1608,166979.0,118527.85,1.1377916666842434
2026-03-13 00:00:00+00:00,1.15116,1.15298,1.14108,1.1416,146825.0,-0.00830466659717155,-0.008339342455229864,0.0036966796757810457,1.154942,1.159047,1.169608,1.1744182,1.16721735,1.160694010936523,1.168289098931647,18.09688581314869,-3.3328817233437253,-0.007595087995124095,-0.004663472891356643,-0.0029316151037674515,1.194033503151635,1.169608,1.145182496848365,0.048851006303269884,-0.07333516992720156,0.008512142857142793,1.243721597703552,7.587956039283145,0.010423966362999124,-0.008374211632796088,0.009560000000000013,0.0018199999999999328,0.0005199999999998539,-0.005296857313205838,1.15116,134860.0,-0.003195521102497989,1.15729,156593.0,-0.0022858910678376088,1.161,183027.0,0.0007667126119916823,1.1616900000000001,176085.0,121724.7,1.2062054784279608
2026-03-16 00:00:00+00:00,1.14275,1.15247,1.1414,1.15056,127355.0,0.007848633496846613,0.00781799319155734,0.004297088625668256,1.1523219999999998,1.157236,1.1678830000000002,1.1739872,1.1672486,1.159134932330904,1.1669758323441175,29.666972196761435,-2.4535820262823202,-0.007840900013213581,-0.005298958315728031,-0.00254194169748555,1.192585116764188,1.1678830000000002,1.1431808832358124,0.04940423352837575,0.14936203311300067,0.009086428571428527,22.674001435063275,8.440624812305972,0.009621401752190355,0.006787998887498344,0.007810000000000095,0.0019100000000000783,0.0013499999999999623,-0.00830466659717155,1.1416,146825.0,-0.005296857313205838,1.15116,134860.0,-0.003195521102497989,1.15729,156593.0,0.0016958052492488385,1.16366,241498.0,125648.4,1.01358234565661
2026-03-17 00:00:00+00:00,1.15056,1.15472,1.14658,1.15359,95155.0,0.0026335002085939863,0.0026300386229787497,0.004377063092746124,1.15084,1.156465,1.1662875,1.1736826,1.16731985,1.1582818658184573,1.1659842892075163,28.85180033997814,-2.3473741238614463,-0.007702423389059021,-0.005779651330394229,-0.0019227720586647923,1.1903113608361284,1.1662875,1.1422636391638714,0.048047721672257016,0.2357314861542826,0.009358571428571391,29.921071513991457,17.946264848919416,0.007056233150426093,0.0026265831014484057,0.003029999999999866,0.0011300000000000754,0.003980000000000095,0.007848633496846613,1.15056,127355.0,-0.00830466659717155,1.1416,146825.0,-0.005296857313205838,1.15116,134860.0,-0.0022858910678376088,1.161,183027.0,126286.3,0.7534863243281338
2026-03-18 00:00:00+00:00,1.15359,1.15552,1.1448800000000001,1.14668,101698.0,-0.00598999644587761,-0.006008008438455214,0.004369473596979633,1.148718,1.154803,1.1647095,1.1732696,1.16734355,1.1564969633848485,1.1645543418588113,26.61060433295306,-1.8816261220019486,-0.008057378473962817,-0.006235196759107947,-0.0018221817148548706,1.1895595051678483,1.1647095,1.1398594948321519,0.049700010335696376,0.13723347584395384,0.009724999999999968,13.45830329247738,22.01779208051069,0.009278961872536351,-0.006026092719852071,0.006909999999999972,0.0019300000000002093,0.0017999999999998018,0.0026335002085939863,1.15359,95155.0,0.007848633496846613,1.15056,127355.0,-0.00830466659717155,1.1416,146825.0,-0.003195521102497989,1.15729,156593.0,127613.05,0.7969247659232344
2026-03-19 00:00:00+00:00,1.14667,1.16161,1.14428,1.15815,155928.0,0.010002790665224914,0.009953093884227061,0.005054695266350297,1.1501160000000001,1.154538,1.1637525,1.173114,1.16742425,1.1567512767102563,1.1640799461655662,35.484275153489534,-0.27124773960216875,-0.007328669455309855,-0.0064538912983483285,-0.0008747781569615268,1.1880301664750477,1.1637525,1.1394748335249523,0.0485553329500954,0.38461617582237284,0.010689999999999977,44.34918160561173,29.242852137360178,0.014963519405949201,0.009912360229676584,0.011479999999999935,0.0034600000000000186,0.0023900000000001143,-0.00598999644587761,1.14668,101698.0,0.0026335002085939863,1.15359,95155.0,0.007848633496846613,1.15056,127355.0,-0.005296857313205838,1.15116,134860.0,131582.2,1.1850235062189263
2026-03-20 00:00:00+00:00,1.15815,1.15951,1.15242,1.15713,111460.0,-0.0008807149332987763,-0.0008811029905575893,0.005041578974337205,1.153222,1.154082,1.162701,1.1729832,1.1674669500000001,1.1568095418317554,1.1635651353384873,41.53710765620407,-0.5303876901916968,-0.006755593506731827,-0.006514231740025029,-0.00024136176670679858,1.1861591041096893,1.162701,1.1392428958903107,0.046916208219378586,0.3812563885395387,0.010184999999999984,54.222972972972904,37.34348595702067,0.006127228574144686,-0.0008814912758290087,0.0010200000000000209,0.0013600000000000279,0.004709999999999992,0.010002790665224914,1.15815,155928.0,-0.00598999644587761,1.14668,101698.0,0.0026335002085939863,1.15359,95155.0,-0.00830466659717155,1.1416,146825.0,132078.6,0.8438914403998831
2026-03-23 00:00:00+00:00,1.15416,1.16397,1.14835,1.16147,200157.0,0.0037506589579390237,0.0037436427746976118,0.005142703681280349,1.1554039999999999,1.1538629999999999,1.1618505,1.17288,1.16748435,1.1575265353961006,1.163409940128229,50.130468150422104,0.05771881461060892,-0.005883404732128339,-0.006388066338445691,0.0005046616063173522,1.1841022372237235,1.1618505,1.1395987627762763,0.04450347444744729,0.49145010575636705,0.010038571428571421,79.49317738791403,59.355110655499544,0.013448474777652429,0.006293748439477496,0.007309999999999928,0.0024999999999999467,0.005810000000000093,-0.0008807149332987763,1.15713,111460.0,0.010002790665224914,1.15815,155928.0,-0.00598999644587761,1.14668,101698.0,0.007848633496846613,1.15056,127355.0,137963.95,1.4507920366153622
