time,open,high,low,close,volume,returns_simple,returns_log,volatility_20,sma_5,sma_10,sma_20,sma_50,sma_200,ema_12,ema_26,rsi_14,roc_12,macd,macd_signal,macd_hist,bb_upper,bb_middle,bb_lower,bb_width,bb_position,atr_14,stoch_k,stoch_d,high_low_ratio,close_open_ratio,body_size,wick_upper,wick_lower,returns_lag_1,close_lag_1,volume_lag_1,returns_lag_2,close_lag_2,volume_lag_2,returns_lag_3,close_lag_3,volume_lag_3,returns_lag_5,close_lag_5,volume_lag_5,volume_sma_20,volume_ratio
2025-03-17 00:00:00+00:00,148.717,149.282,148.261,149.136,60822.0,,,,,,,,,149.136,149.136,,,0.0,0.0,0.0,,,,,,,,,0.00684610020384089,0.0028095161463361144,0.4189999999999827,0.146000000000015,0.4560000000000173,,,,,,,,,,,,,,
2025-03-18 00:00:00+00:00,149.135,149.935,149.095,149.23,59818.0,0.0006302971784142297,0.0006300986245752401,,,,,,,149.15046153846154,149.14296296296294,,,0.007498575498601667,0.0014997150997203335,0.005998860398881334,,,,,,,,,0.005628894994304118,0.0006366012195939078,0.09499999999999886,0.7050000000000125,0.03999999999999204,,149.136,60822.0,,,,,,,,,,,
2025-03-19 00:00:00+00:00,149.232,150.146,148.597,148.795,53212.0,-0.0029149634791931778,-0.0029192202594876607,,,,,,,149.09577514792898,149.1171879286694,,,-0.021412780740433845,-0.003082784068310502,-0.018329996672123344,,,,,,,,,0.010410296044893836,-0.002936926644040538,0.4370000000000118,0.9139999999999873,0.19799999999997908,0.0006302971784142297,149.23,59818.0,,149.136,60822.0,,,,,,,,
2025-03-20 00:00:00+00:00,148.794,148.96,148.18,148.757,58417.0,-0.0002553849255686469,-0.00025541754185200703,,,,,,,149.04365589440144,149.09050734136056,,,-0.04685144695912413,-0.011836516646473227,-0.035014930312650905,,,,,,,,,0.005243450728369093,-0.0002487277909611389,0.03700000000000614,0.16599999999999682,0.5769999999999982,-0.0029149634791931778,148.795,53212.0,0.0006302971784142297,149.23,59818.0,,149.136,60822.0,,,,,
2025-03-21 00:00:00+00:00,148.759,149.661,148.585,149.298,56262.0,0.003636803646214881,0.003630206466095257,,149.0432,,,,,149.08278575680123,149.10587716792645,,,-0.02309141112522184,-0.01408749554222295,-0.009003915582998888,,,,,,,,,0.007207062385296477,0.0036102292060176,0.5390000000000157,0.36299999999999955,0.17399999999997817,-0.0002553849255686469,148.757,58417.0,-0.0029149634791931778,148.795,53212.0,0.0006302971784142297,149.23,59818.0,,,,,
2025-03-24 00:00:00+00:00,149.347,150.749,149.347,150.659,72075.0,0.009115996195528275,0.009074696305553676,,149.3478,,,,,149.32528025575488,149.2209233036356,,,0.10435695211927509,0.00960139399007666,0.09475555812919843,,,,,,,,,0.009305783258882556,0.00870840772871175,1.3119999999999834,0.09000000000000341,0.0,0.003636803646214881,149.298,56262.0,-0.0002553849255686469,148.757,58417.0,-0.0029149634791931778,148.795,53212.0,,149.136,60822.0,,
2025-03-25 00:00:00+00:00,150.652,150.935,149.541,149.851,86774.0,-0.005363104759755433,-0.005377537833273705,,149.472,,,,,149.40616021640795,149.26759565151445,,,0.13856456489349966,0.03539402817076126,0.1031705367227384,,,,,,,,,0.009302573890064166,-0.005345309674276366,0.8009999999999877,0.28300000000001546,0.3100000000000023,0.009115996195528275,150.659,72075.0,0.003636803646214881,149.298,56262.0,-0.0002553849255686469,148.757,58417.0,0.0006302971784142297,149.23,59818.0,,
2025-03-26 00:00:00+00:00,149.853,150.737,149.832,150.489,91421.0,0.004257562512095303,0.004248524736339087,,149.81080000000003,,,,,149.5727509523452,149.35807004769856,,,0.21468090464662737,0.07125140346593448,0.1434295011806929,,,,,,,,,0.006013728578168512,0.004226222514602368,0.6359999999999957,0.24799999999999045,0.021000000000015007,-0.005363104759755433,149.851,86774.0,0.009115996195528275,150.659,72075.0,0.003636803646214881,149.298,56262.0,-0.0029149634791931778,148.795,53212.0,,
2025-03-27 00:00:00+00:00,150.488,151.148,150.053,151.023,101112.0,0.003548432111317057,0.003542151279777017,,150.26399999999998,,,,,149.79586619044593,149.4813981923135,,,0.31446799813244297,0.11989472239923618,0.1945732757332068,,,,,,,,,0.007250551240539513,0.0035425067704918894,0.5349999999999966,0.125,0.4350000000000023,0.004257562512095303,150.489,91421.0,-0.005363104759755433,149.851,86774.0,0.009115996195528275,150.659,72075.0,-0.0002553849255686469,148.757,58417.0,,
2025-03-28 00:00:00+00:00,151.022,151.201,149.674,149.819,100333.0,-0.00797229561060242,-0.008004244275345615,,150.36819999999997,149.7057,,,,149.79942523806963,149.5064057336236,,,0.293019504446022,0.15451967880859335,0.13849982563742863,,,,,,,,,0.010192298707106489,-0.008029689158250976,1.203000000000003,0.17900000000000205,0.1449999999999818,0.003548432111317057,151.023,101112.0,0.004257562512095303,150.489,91421.0,-0.005363104759755433,149.851,86774.0,0.003636803646214881,149.298,56262.0,,
2025-03-31 00:00:00+00:00,149.77,150.259,148.693,149.925,126786.0,0.0007075204079591835,0.0007072702333907978,,150.2214,149.7846,,,,149.81874443221278,149.53741271631816,,,0.28133171589462336,0.17988208622579938,0.10144962966882398,,,,,,,,,0.010445222611305479,0.001033850258462572,0.15500000000000114,0.33399999999997476,1.0769999999999982,-0.00797229561060242,149.819,100333.0,0.003548432111317057,151.023,101112.0,0.004257562512095303,150.489,91421.0,0.009115996195528275,150.659,72075.0,,
2025-04-01 00:00:00+00:00,149.922,150.135,148.965,149.573,115546.0,-0.002347840586960137,-0.002350601086325767,,150.1658,149.8189,,,,149.78093759648775,149.5400488114057,,,0.24088878508203493,0.19208342599704648,0.04880535908498845,,,,,,,,,0.007822267387830607,-0.0023333088191049823,0.34899999999998954,0.21299999999999386,0.6080000000000041,0.0007075204079591835,149.925,126786.0,-0.00797229561060242,149.819,100333.0,0.003548432111317057,151.023,101112.0,-0.005363104759755433,149.851,86774.0,,
2025-04-02 00:00:00+00:00,149.54,150.481,149.093,149.207,118446.0,-0.002446965695680481,-0.0024499644090697453,,149.90939999999998,149.8601,,,,149.6926395047204,149.51537852907936,,0.047607552837676995,0.17726097564104748,0.1891189359258467,-0.011857960284799213,,,,,,,,,0.009302512616700325,-0.0022317987761968166,0.3329999999999984,0.9410000000000025,0.11400000000000432,-0.002347840586960137,149.573,115546.0,0.0007075204079591835,149.925,126786.0,-0.00797229561060242,149.819,100333.0,0.004257562512095303,150.489,91421.0,,
2025-04-03 00:00:00+00:00,149.192,149.262,145.18,146.032,166916.0,-0.021279162505780436,-0.021508827784656428,,148.9112,149.5876,,,,149.12946419630188,149.2573504898883,33.920430998756785,-2.143000737117188,-0.127886293586414,0.12571789002339456,-0.2536041836098086,,,,,,1.417428571428567,14.15047334329855,,0.027952777473430435,-0.021639092801577713,3.1599999999999966,0.06999999999999318,0.8520000000000039,-0.002446965695680481,149.207,118446.0,-0.002347840586960137,149.573,115546.0,0.0007075204079591835,149.925,126786.0,0.003548432111317057,151.023,101112.0,,
2025-04-04 00:00:00+00:00,146.021,147.424,144.542,146.945,189998.0,0.006252054344253244,0.006232591332903094,,148.3364,149.3523,,,,148.7933927814862,149.08606526841507,39.63085660198765,-1.243321348163577,-0.29267248692886483,0.042039814632942686,-0.33471230156180753,,,,,,1.5503571428571377,36.086499474395474,,0.019612780291946002,0.00628806696383005,0.9240000000000066,0.4790000000000134,1.478999999999985,-0.021279162505780436,146.032,166916.0,-0.002446965695680481,149.207,118446.0,-0.002347840586960137,149.573,115546.0,-0.00797229561060242,149.819,100333.0,,
2025-04-07 00:00:00+00:00,145.44,148.14,144.811,147.799,219812.0,0.005811698254448938,0.005794875483923258,,147.9112,149.0663,,,,148.64040927664217,148.99072710038433,43.68211920529808,-0.6440033074073814,-0.35031782374215936,-0.03643171304207773,-0.31388611070008166,,,,,,1.7281428571428503,48.91124793512553,33.04940691760652,0.022523833043525187,0.01596086577040446,2.359000000000009,0.34099999999997976,0.6289999999999907,0.006252054344253244,146.945,189998.0,-0.021279162505780436,146.032,166916.0,-0.002446965695680481,149.207,118446.0,0.0007075204079591835,149.925,126786.0,,
2025-04-08 00:00:00+00:00,147.796,148.111,145.956,146.206,185476.0,-0.010778151408331715,-0.010836656446091575,,147.23780000000002,148.7018,,,,148.2658847725434,148.7844510188744,39.629896659456875,-2.071025733767373,-0.5185662463310052,-0.13285861969986323,-0.385707626631142,,,,,,1.7714285714285662,24.988737047604584,36.66216148570853,0.014739477176039295,-0.010875066686729707,1.5900000000000034,0.3149999999999977,0.25,0.005811698254448938,147.799,219812.0,0.006252054344253244,146.945,189998.0,-0.021279162505780436,146.032,166916.0,-0.002347840586960137,149.573,115546.0,,
2025-04-09 00:00:00+00:00,146.205,148.267,143.985,147.681,208568.0,0.010088505259702174,0.010037955983976325,,146.9326,148.421,,,,148.17590249984443,148.70271390636518,46.1350574712644,-1.9766492542762002,-0.5268114065207499,-0.21164917706404057,-0.3151622294567093,,,,,,2.021571428571422,51.219512195122064,41.70649905928406,0.02899492825752793,0.009994515205070382,1.475999999999999,0.5859999999999843,2.219999999999999,-0.010778151408331715,146.206,185476.0,0.005811698254448938,147.799,219812.0,0.006252054344253244,146.945,189998.0,-0.002446965695680481,149.207,118446.0,,
2025-04-10 00:00:00+00:00,147.505,147.76,144.008,144.415,190953.0,-0.022115234864336086,-0.02236344294912138,,146.60920000000002,147.7602,,,,147.59730211525297,148.38510546885664,35.33193151096428,-3.627603419396605,-0.7878033536036639,-0.3268800123719653,-0.46092334123169865,,,,,,2.212714285714278,5.958980044345616,27.38907642902409,0.025980680677214842,-0.021396669321053934,3.0900000000000034,0.25499999999999545,0.40699999999998226,0.010088505259702174,147.681,208568.0,-0.010778151408331715,146.206,185476.0,0.005811698254448938,147.799,219812.0,-0.021279162505780436,146.032,166916.0,,
2025-04-11 00:00:00+00:00,144.4,144.576,142.059,143.443,189478.0,-0.006730602776719774,-0.006753355433788582,,145.9088,147.12259999999998,148.41415,,,146.95817871290637,148.01902358227466,27.80511811023635,-4.6820697858315174,-1.0608448693682817,-0.4736729837712286,-0.5871718855970531,152.5437271811091,148.41415,144.28457281889092,8.259154362218169,-0.10189576099227766,2.2888571428571356,15.138919273682074,24.105803837716582,0.01754703959063876,-0.006671639605975848,0.9569999999999936,0.17599999999998772,1.3840000000000146,-0.022115234864336086,144.415,190953.0,0.010088505259702174,147.681,208568.0,-0.010778151408331715,146.206,185476.0,0.006252054344253244,146.945,189998.0,122611.25,1.5453557483509874
2025-04-14 00:00:00+00:00,143.92,144.072,142.222,142.963,150261.0,-0.003346276918357982,-0.00335188822445149,0.008716000874965851,144.9416,146.4264,148.1055,,,146.3435358339977,147.64450331692098,28.377699648417973,-5.336935433675667,-1.3009674829232836,-0.6391318836016396,-0.6618355993216439,152.88026610614816,148.1055,143.33073389385186,9.549532212296299,-0.038508053135666326,2.321428571428563,9.888427040034967,10.328775452687552,0.012940411155333858,-0.0066940397165699776,0.9569999999999936,0.15200000000001523,0.7409999999999854,-0.006730602776719774,143.443,189478.0,-0.022115234864336086,144.415,190953.0,0.010088505259702174,147.681,208568.0,0.005811698254448938,147.799,219812.0,127083.2,1.1823828798771199
2025-04-15 00:00:00+00:00,142.976,143.583,142.588,143.128,117201.0,0.0011541447787188908,0.0011534792656501716,0.008725340694586284,144.32599999999996,145.7819,147.8004,,,145.84883801338265,147.30994751566757,26.185700420575913,-4.466055707220048,-1.461109502284927,-0.8035274073382972,-0.6575820949466298,153.03070933572465,147.8004,142.57009066427534,10.46061867144931,0.05333425806328022,2.327857142857135,11.693283745351005,12.240210019689348,0.0069518193505114624,0.0010619864736458751,0.1519999999999868,0.4550000000000125,0.38800000000000523,-0.003346276918357982,142.963,150261.0,-0.006730602776719774,143.443,189478.0,-0.022115234864336086,144.415,190953.0,-0.010778151408331715,146.206,185476.0,129952.35,0.9018767263539289
2025-04-16 00:00:00+00:00,143.071,143.274,141.635,141.812,123331.0,-0.009194567100776707,-0.009237098035959493,0.00886993477899262,143.1522,145.0424,147.45125000000002,,,145.2277860113238,146.90269214413664,21.635770154585344,-5.411372352843088,-1.6749061328128505,-0.9778031524332079,-0.6971029803796426,153.29798072390844,147.45125000000002,141.6045192760916,11.693461447816844,0.017743311066130415,2.3667142857142784,1.8503031570146442,7.810671314133539,0.011557555072913504,-0.008877951090175628,1.2589999999999861,0.20300000000000296,0.17700000000002092,0.0011541447787188908,143.128,117201.0,-0.003346276918357982,142.963,150261.0,-0.006730602776719774,143.443,189478.0,0.010088505259702174,147.681,208568.0,133458.3,0.9241163719304083
2025-04-17 00:00:00+00:00,141.778,143.075,141.604,142.36,122454.0,0.0038642710066849606,0.0038568238904300193,0.008968735496528938,142.74120000000002,144.6752,147.13139999999999,,,144.78658816342784,146.56619642975613,26.06379564854646,-4.8223944161045065,-1.779608266328296,-1.1381641752122256,-0.6414440911160704,153.36450345612334,147.13139999999999,140.89829654387663,12.466206912246719,0.11725326447834106,2.362714285714278,8.516390672524523,7.353325858296723,0.01033295869626282,0.0040882270300647795,0.582000000000022,0.714999999999975,0.17399999999997817,-0.009194567100776707,141.812,123331.0,0.0011541447787188908,143.128,117201.0,-0.003346276918357982,142.963,150261.0,-0.022115234864336086,144.415,190953.0,136660.15,0.8960476042211282
2025-04-18 00:00:00+00:00,142.344,142.454,142.074,142.074,91593.0,-0.0020089912896881224,-0.002011012019561871,0.008865033857725503,142.4674,144.1881,146.7702,,,144.36926690751585,146.2334411386631,25.093585432396466,-4.78060680799157,-1.8641742311472456,-1.2833661863992296,-0.580808044748016,153.3046242963103,146.7702,140.23577570368968,13.068848592620611,0.14065694336288292,2.277999999999994,5.294581502759939,5.220425110766368,0.0026746624998240033,-0.0019004180919801074,0.2699999999999818,0.11000000000001364,0.0,0.0038642710066849606,142.36,122454.0,-0.009194567100776707,141.812,123331.0,0.0011541447787188908,143.128,117201.0,-0.006730602776719774,143.443,189478.0,138426.7,0.6616714838972538
2025-04-21 00:00:00+00:00,142.111,142.111,140.463,140.814,99023.0,-0.008868617762574527,-0.008908178023321887,0.008537323629287498,142.0376,143.4896,146.27795,,,143.82230276789804,145.8320010543177,23.726678265042906,-3.573189437931424,-2.009698286419649,-1.4286326064033135,-0.5810656800163356,153.05758173895086,146.27795,139.49831826104915,13.559263477901709,0.09703194728054983,2.3121428571428515,3.5036933519664513,5.771555175750304,0.011703381766017557,-0.009210731887454351,1.296999999999997,0.0,0.3509999999999991,-0.0020089912896881224,142.074,91593.0,0.0038642710066849606,142.36,122454.0,-0.009194567100776707,141.812,123331.0,-0.003346276918357982,142.963,150261.0,139774.1,0.7084502779842617
2025-04-22 00:00:00+00:00,140.781,141.659,139.877,141.505,113522.0,0.00490718252446487,0.004895181548939202,0.00871613106600281,141.713,143.01950000000002,145.86065,,,143.46579464975989,145.51148245770156,27.33906084500417,-3.7020653986185295,-2.0456878079416754,-1.552043646710986,-0.49364416123068944,152.7409462076689,145.86065,138.98035379233107,13.76059241533784,0.18346929634038867,2.3402857142857068,17.34683004794872,8.71503496755837,0.012593194586763593,0.0051164269813786765,0.7239999999999895,0.15399999999999636,0.9039999999999964,-0.008868617762574527,140.814,99023.0,-0.0020089912896881224,142.074,91593.0,0.0038642710066849606,142.36,122454.0,0.0011541447787188908,143.128,117201.0,141111.5,0.8044843970902442
2025-04-23 00:00:00+00:00,141.468,143.564,141.424,143.429,132351.0,0.013596692696371093,0.013505087091658203,0.009343147552314884,142.03640000000001,142.5943,145.50764999999998,,,143.46013393441223,145.3572244978718,41.73283364034809,-2.9567182457256167,-1.8970905634595852,-1.6210530300607058,-0.2760375333988794,152.10680271355665,145.50764999999998,138.90849728644332,13.198305427113326,0.34250629662427695,2.2015714285714205,42.33611442193085,21.062212607282007,0.014920274142607048,0.013672269903576074,1.9610000000000127,0.1349999999999909,0.04399999999998272,0.00490718252446487,141.505,113522.0,-0.008868617762574527,140.814,99023.0,-0.0020089912896881224,142.074,91593.0,-0.009194567100776707,141.812,123331.0,143158.0,0.9245099819779544
2025-04-24 00:00:00+00:00,143.384,143.423,142.271,142.574,103457.0,-0.0059611375663219945,-0.005978976074058776,0.00926842542865521,142.07920000000001,142.4102,145.08520000000001,,,143.32380563681033,145.15105972025168,36.06630538731283,-2.4841661764906893,-1.8272540834413462,-1.662293240736834,-0.16496084270451217,151.26623747380907,145.08520000000001,138.90416252619096,12.362074947618112,0.29686258086601774,2.078428571428564,32.14541120381415,30.60945189123124,0.008080014588915337,-0.005681260257830837,0.8099999999999739,0.03900000000001569,0.3030000000000257,0.013596692696371093,143.429,132351.0,0.00490718252446487,141.505,113522.0,-0.008868617762574527,140.814,99023.0,0.0038642710066849606,142.36,122454.0,143275.25,0.7220856358652314
2025-04-25 00:00:00+00:00,142.569,144.022,142.5,143.621,104936.0,0.007343554925863138,0.007316722310833225,0.009452383557087557,142.3886,142.42800000000003,144.77530000000002,,,143.3695278465318,145.03772196319602,36.843431162614976,-2.749168816570853,-1.6681941166642105,-1.6634734159223092,-0.004720700741901229,150.5662016514566,144.77530000000002,138.98439834854344,11.581803302913158,0.40033503679779586,1.9493571428571366,44.62455303933261,39.70202622169254,0.010597336044171752,0.007324834112003265,1.052000000000021,0.40099999999998204,0.0689999999999884,-0.0059611375663219945,142.574,103457.0,0.013596692696371093,143.429,132351.0,0.00490718252446487,141.505,113522.0,-0.0020089912896881224,142.074,91593.0,143505.4,0.7312338072295538
2025-04-28 00:00:00+00:00,143.61,143.885,141.926,141.927,98567.0,-0.011794932495944321,-0.011865044569007341,0.009670105251006153,142.6112,142.3244,144.37539999999998,,,143.1476004855269,144.8072981140704,36.610551348645146,-1.722812727209777,-1.6596976285434835,-1.6627182584465443,0.0030206299030608452,149.75927606019857,144.37539999999998,138.9915239398014,10.767752120397176,0.2726173510846309,1.9353571428571368,24.43384982121557,33.734604688120776,0.013802870489758843,-0.011858208797480544,1.6830000000000211,0.27499999999997726,0.0010000000000047748,0.007343554925863138,143.621,104936.0,-0.0059611375663219945,142.574,103457.0,0.013596692696371093,143.429,132351.0,-0.008868617762574527,140.814,99023.0,142094.45,0.6936724129619418
2025-04-29 00:00:00+00:00,141.954,142.748,141.954,142.254,95470.0,0.0023040013528081715,0.0023013512115300934,0.009734566910936741,142.76100000000002,142.237,144.00945000000002,,,143.01012348775353,144.61816492043553,31.70386352909442,-0.8289006783182318,-1.6080414326820005,-1.6517828932936356,0.043741460611635086,148.8758975522652,144.00945000000002,139.14300244773483,9.732895104530371,0.31963742738962475,1.688142857142852,30.153494862361878,33.07063257430335,0.005581565368987746,0.002108903791808898,0.29999999999998295,0.4939999999999998,0.0,-0.011794932495944321,141.927,98567.0,0.007343554925863138,143.621,104936.0,-0.0059611375663219945,142.574,103457.0,0.00490718252446487,141.505,113522.0,141090.65,0.6766571704078194
2025-04-30 00:00:00+00:00,142.228,143.18,142.136,143.027,99923.0,0.005433942103561185,0.005419231507126313,0.009893338483362048,142.68059999999997,142.3585,143.70045,,,143.01271987425298,144.50030085225512,44.37510131301668,0.044766827780609635,-1.4875809780021427,-1.6189425102353372,0.13136153223319447,147.91900657404537,143.70045,139.4818934259546,8.43711314809076,0.4201800440293493,1.4947142857142828,67.0355394764841,40.54096138668719,0.007299321107203613,0.005586357820551212,0.7989999999999782,0.15300000000002,0.09200000000001296,0.0023040013528081715,142.254,95470.0,-0.011794932495944321,141.927,98567.0,0.007343554925863138,143.621,104936.0,0.013596692696371093,143.429,132351.0,140164.5,0.7128980590663113
2025-05-01 00:00:00+00:00,142.96,145.726,142.871,145.327,94138.0,0.016080879833877626,0.015952952123596202,0.009597329279713643,143.2312,142.65519999999998,143.6652,,,143.36876297052174,144.56153782616215,56.89301917166684,1.5363870102286152,-1.1927748556404083,-1.5337089793163514,0.3409341236759431,147.81291290687955,143.6652,139.51748709312045,8.295425813759095,0.7003272691853476,1.5188571428571396,93.17832108052656,63.45578513979084,0.019645351517611934,0.016287407020030623,2.3669999999999902,0.3990000000000009,0.08899999999999864,0.005433942103561185,143.027,99923.0,0.0023040013528081715,142.254,95470.0,-0.011794932495944321,141.927,98567.0,-0.0059611375663219945,142.574,103457.0,136525.6,0.6895263598914781
2025-05-02 00:00:00+00:00,145.33,145.911,143.72,144.93,111725.0,-0.0027317704211879956,-0.0027355085153003473,0.009489178792227267,143.493,142.94080000000002,143.56445,,,143.60895328274916,144.5888313205205,57.2406684826622,2.1986855837305694,-0.979878037771357,-1.4229427910073527,0.4430647532359957,147.4673868415943,143.56445,139.66151315840568,7.805873683188622,0.6749387775696365,1.543214285714283,83.74212794166397,81.31866283289155,0.015117643000069016,-0.0027599530807976653,0.4000000000000057,0.5809999999999889,1.210000000000008,0.016080879833877626,145.327,94138.0,0.005433942103561185,143.027,99923.0,0.0023040013528081715,142.254,95470.0,0.007343554925863138,143.621,104936.0,132611.95,0.8424957177690245
2025-05-05 00:00:00+00:00,144.664,144.985,143.531,143.672,88972.0,-0.008680052439108632,-0.008717943517989797,0.00952324727750063,143.842,143.22660000000002,143.35809999999998,,,143.61865277771082,144.52091788937085,51.8533660397929,0.9216071930317387,-0.9022651116600287,-1.318807255137888,0.41654214347785934,146.71682462637082,143.35809999999998,139.99937537362914,6.717449252741687,0.54672904672438,1.5759999999999974,62.89360291680465,79.9380173129984,0.010120273957347345,-0.006904616069937011,0.9919999999999902,0.3210000000000264,0.14099999999999113,-0.0027317704211879956,144.93,111725.0,0.016080879833877626,145.327,94138.0,0.005433942103561185,143.027,99923.0,-0.011794932495944321,141.927,98567.0,126069.95,0.7057351890755886
2025-05-06 00:00:00+00:00,143.671,144.267,142.344,142.375,89166.0,-0.009027507099504395,-0.009068501949089048,0.009439920565105741,143.8662,143.3136,143.16654999999997,,,143.42732158113992,144.36196100867673,51.92058402128671,0.21186142432815835,-0.9346394275368084,-1.241973689617672,0.3073342620808637,146.26857042648277,143.16654999999997,140.06452957351718,6.204040852965591,0.37241379952847925,1.5962857142857112,41.39874047066612,62.678157109711584,0.013506584723441628,-0.009102721685689147,1.2959999999999923,0.5960000000000036,0.03100000000000591,-0.008680052439108632,143.672,88972.0,-0.0027317704211879956,144.93,111725.0,0.016080879833877626,145.327,94138.0,0.0023040013528081715,142.254,95470.0,121254.45,0.7353627021523746
2025-05-07 00:00:00+00:00,142.403,143.989,142.363,143.804,107668.0,0.010036874451273103,0.009986839544413846,0.009436653233572513,144.0216,143.3511,142.97269999999997,,,143.4852721071184,144.32063056358956,54.64667267344569,2.1233684150723713,-0.8353584564711696,-1.1606506429883716,0.32529218651720204,145.26601055578257,142.97269999999997,140.67938944421738,4.586621111565194,0.6812445326918107,1.6073571428571418,65.08120649651968,56.45784996133016,0.011307056827348368,0.009742427192567734,1.4010000000000105,0.18500000000000227,0.03999999999999204,-0.009027507099504395,142.375,89166.0,-0.008680052439108632,143.672,88972.0,-0.0027317704211879956,144.93,111725.0,0.005433942103561185,143.027,99923.0,116209.45,0.9264995230594414
2025-05-08 00:00:00+00:00,143.74,146.168,143.439,145.905,104010.0,0.014610163834107626,0.014504463677753439,0.008716040749817178,144.1372,143.6842,143.0472,,,143.85753793679248,144.43799126258293,61.038437157840086,3.1094307621638855,-0.5804533257904438,-1.0446111795487862,0.4641578537583424,145.61783159144753,143.0472,140.47656840855248,5.141263182895045,1.0558556133651906,1.7751428571428574,95.8194245747893,67.43312384732504,0.01870395120112411,0.014838422261060224,2.164999999999992,0.26300000000000523,0.30100000000001614,0.010036874451273103,143.804,107668.0,-0.009027507099504395,142.375,89166.0,-0.008680052439108632,143.672,88972.0,0.016080879833877626,145.327,94138.0,111862.3,0.929803874942675
2025-05-09 00:00:00+00:00,145.9,146.181,144.815,145.359,86253.0,-0.003742160995167998,-0.0037491803969177647,0.008609635668289197,144.223,143.858,143.143,,,144.08853210036287,144.50621413202123,63.65767173508027,1.3456135091229855,-0.4176820316583587,-0.9192253499707008,0.5015433183123421,145.9109711741731,143.143,140.3750288258269,5.535942348346225,0.9002931859761876,1.7550000000000014,86.96065989847712,82.62043032326204,0.009397422932188676,-0.003721819770361634,0.5409999999999968,0.2810000000000059,0.5440000000000111,0.014610163834107626,145.905,104010.0,0.010036874451273103,143.804,107668.0,-0.009027507099504395,142.375,89166.0,-0.0027317704211879956,144.93,111725.0,106701.05,0.8083613047856605
2025-05-12 00:00:00+00:00,146.337,148.638,145.692,148.431,113970.0,0.021133882318948194,0.020913659203893584,0.009678129123469352,145.1748,144.5084,143.4164,,,144.75660408492243,144.79693901113075,68.20715036803368,4.1080421395205295,-0.0403349262083168,-0.7434472652182241,0.7031123390099073,147.05330148051166,143.4164,139.77949851948836,7.273802961023307,1.1894055319989763,1.861928571428574,97.13057942888837,93.3035546340516,0.019847605958324053,0.014107565131273267,2.0940000000000225,0.20699999999999363,0.6449999999999818,-0.003742160995167998,145.359,86253.0,0.014610163834107626,145.905,104010.0,0.010036874451273103,143.804,107668.0,-0.008680052439108632,143.672,88972.0,104886.5,1.0866031376773941
2025-05-13 00:00:00+00:00,148.438,148.457,147.365,147.457,92623.0,-0.006561971555807178,-0.006583595942140321,0.009862424609888546,146.19119999999998,145.02870000000001,143.63285000000002,,,145.172049610319,144.99398056586182,61.1455451023796,2.6709185982551187,0.17806904445717464,-0.5591440032831444,0.737213047740319,147.68863885960363,143.63285000000002,139.5770611403964,8.111577719207219,0.9714434272071212,1.787071428571431,82.40464839094147,88.83196257276899,0.007405548736241647,-0.006652786914151208,0.9809999999999945,0.019000000000005457,0.09199999999998454,0.021133882318948194,148.431,113970.0,-0.003742160995167998,145.359,86253.0,0.014610163834107626,145.905,104010.0,-0.009027507099504395,142.375,89166.0,103657.6,0.8935476028771647
2025-05-14 00:00:00+00:00,147.423,147.66,145.597,146.726,100581.0,-0.004957377404938401,-0.0049697059620565165,0.009663261389264542,146.7756,145.39860000000002,143.87855,,,145.41111890103915,145.1222783017239,61.56803744567029,3.381315746827599,0.2888405993152503,-0.38954708276346545,0.6783876820787158,148.06322059509756,143.87855,139.69387940490242,8.369341190195144,0.8402239119293948,1.851714285714286,71.51370679380213,83.682978204544,0.014060221092376186,-0.004750350994370478,0.6970000000000027,0.23699999999999477,1.1289999999999907,-0.006561971555807178,147.457,92623.0,0.021133882318948194,148.431,113970.0,-0.003742160995167998,145.359,86253.0,0.010036874451273103,143.804,107668.0,102520.1,0.9810856602753996
2025-05-15 00:00:00+00:00,146.668,146.743,145.403,145.644,92945.0,-0.007374289491978159,-0.0074016139800675935,0.009858565914106296,146.7234,145.43030000000002,144.04275,,,145.44694676241775,145.16092435344805,55.625382348034016,2.3830612847442008,0.2860224089696999,-0.2544331844168324,0.5404555933865323,148.23424664891854,144.04275,139.85125335108148,8.38299329783706,0.691011723749456,1.838714285714287,55.39332538736603,69.77056019070322,0.009200516327483477,-0.007030842327867958,1.024000000000001,0.07499999999998863,0.24100000000001387,-0.004957377404938401,146.726,100581.0,-0.006561971555807178,147.457,92623.0,0.021133882318948194,148.431,113970.0,0.014610163834107626,145.905,104010.0,101044.65,0.9198408822238486
2025-05-16 00:00:00+00:00,145.646,146.089,144.913,145.619,80128.0,-0.00017165142402020273,-0.00017166615781196183,0.009835751646448366,146.7754,145.4992,144.22,,,145.47341649127657,145.19485588282228,61.316821971554695,1.812245240409163,0.2785606084542849,-0.14783442584260892,0.4263950342968938,148.36046262352923,144.22,140.07953737647077,8.280925247058462,0.6689424742116772,1.7827857142857144,54.83243566726501,60.57982261614439,0.008075869220362642,-0.00018541536475313533,0.026999999999986812,0.44300000000001205,0.7059999999999889,-0.007374289491978159,145.644,92945.0,-0.004957377404938401,146.726,100581.0,-0.006561971555807178,147.457,92623.0,-0.003742160995167998,145.359,86253.0,100471.4,0.7975204884175995
2025-05-19 00:00:00+00:00,145.213,145.453,144.653,144.833,94734.0,-0.005397647285038332,-0.005412267215696536,0.009676615274167008,146.0558,145.6153,144.42095,,,145.374890877234,145.16805174335394,57.68886768827143,-0.339923070042043,0.20683913388006658,-0.07689971389807382,0.2837388477781404,148.2432835652728,144.42095,140.5986164347272,7.644667130545599,0.5539003193943627,1.793142857142858,41.47954475545984,50.5684352700303,0.005523603046267159,-0.0026237114469768318,0.37999999999999545,0.2400000000000091,0.18000000000000682,-0.00017165142402020273,145.619,80128.0,-0.007374289491978159,145.644,92945.0,-0.004957377404938401,146.726,100581.0,0.021133882318948194,148.431,113970.0,100256.95,0.9449120484914014
2025-05-20 00:00:00+00:00,144.798,145.505,144.082,144.482,88173.0,-0.0024234808365496407,-0.0024264222194499228,0.009677700379689921,145.4608,145.826,144.56980000000001,,,145.23752304996725,145.1172330956981,54.44981344424738,-0.30911474504933933,0.1202899542691398,-0.037461780264631095,0.1577517345337709,148.13738645231442,144.56980000000001,141.0022135476856,7.135172904628803,0.487694762106878,1.820214285714286,33.96885923101369,43.42694655124618,0.009848977727329369,-0.0021871236555418842,0.3160000000000025,0.7069999999999936,0.4000000000000057,-0.005397647285038332,144.833,94734.0,-0.00017165142402020273,145.619,80128.0,-0.007374289491978159,145.644,92945.0,-0.006561971555807178,147.457,92623.0,98989.5,0.89073083508857
2025-05-21 00:00:00+00:00,144.45,144.539,143.274,143.653,104547.0,-0.0057377389571019455,-0.005754263018755066,0.009321302901315089,144.8462,145.8109,144.581,,,144.99375027304922,145.00877138490566,44.37424384997982,-0.013224567069439737,-0.015021111856441394,-0.032973646582993156,0.017952534726551762,148.13488700469017,144.581,141.0271129953098,7.107774009380364,0.3694387302163399,1.7066428571428571,20.79758500158874,32.0819963293541,0.00880594209657986,-0.005548091581797784,0.796999999999997,0.08899999999999864,0.3789999999999907,-0.0024234808365496407,144.482,88173.0,-0.005397647285038332,144.833,94734.0,-0.00017165142402020273,145.619,80128.0,-0.004957377404938401,146.726,100581.0,97599.3,1.071185961374723
2025-05-22 00:00:00+00:00,143.614,144.395,142.797,143.981,103280.0,0.002283279847967057,0.00228067712561108,0.009220010497699847,144.5136,145.6185,144.65135,,,144.83794253873396,144.93264017120896,46.79586737794581,1.1280070237050006,-0.09469763247500396,-0.04531844376139532,-0.049379188713608635,148.09185193859474,144.65135,141.21084806140527,6.881003877189471,0.40257962181619694,1.664285714285715,26.008897362567485,26.92511386505664,0.011098686632264071,0.0025489474305636873,0.3669999999999902,0.4140000000000157,0.8170000000000073,-0.0057377389571019455,143.653,104547.0,-0.0024234808365496407,144.482,88173.0,-0.005397647285038332,144.833,94734.0,-0.007374289491978159,145.644,92945.0,97590.45,1.0583002742583931
2025-05-23 00:00:00+00:00,143.963,144.063,142.411,142.555,98264.0,-0.009904084566713545,-0.009953456270432875,0.00935493018189828,143.9008,145.3381,144.59805,145.69048,,144.48672060969795,144.75651867704534,46.270948788141844,-0.8685432950404683,-0.26979806734738077,-0.0902143684785924,-0.17958369886878836,148.1373704506843,144.59805,141.0587295493157,7.078640901368601,0.21137821109063668,1.6784285714285707,3.3523991102639394,16.71962715814006,0.011588509698011201,-0.009876889621549485,1.407999999999987,0.09999999999999432,0.14400000000000546,0.002283279847967057,143.981,103280.0,-0.0057377389571019455,143.653,104547.0,-0.0024234808365496407,144.482,88173.0,-0.00017165142402020273,145.619,80128.0,97256.85,1.010355568785129
2025-05-26 00:00:00+00:00,142.436,143.073,142.218,142.808,60103.0,0.0017747536038721368,0.0017731805895617903,0.008963632703084186,143.4958,144.77579999999998,144.64209999999997,145.56392,,144.22845590051367,144.61218396022718,51.55386492499819,-2.1226140296768503,-0.3837280597135191,-0.14891710672557773,-0.23481095298794136,148.0613400448361,144.64209999999997,141.22285995516384,6.8384800896722595,0.2317971280241193,1.6021428571428575,9.190031152648006,12.850442541826482,0.0059870595484848065,0.0026048960842528827,0.3719999999999857,0.2650000000000148,0.21800000000001774,-0.009904084566713545,142.555,98264.0,0.002283279847967057,143.981,103280.0,-0.0057377389571019455,143.653,104547.0,-0.005397647285038332,144.833,94734.0,95333.65,0.6304489548024229
2025-05-27 00:00:00+00:00,142.766,144.447,142.106,144.298,84703.0,0.010433589154669187,0.010379534924663225,0.009237184265444868,143.459,144.4599,144.7443,145.46528,,144.23915499274233,144.58891107428443,51.76504216092611,-0.7299169642058676,-0.3497560815420968,-0.18908490168888156,-0.16067117985321525,147.98027209668547,144.7443,141.50832790331455,6.471944193370916,0.4310408145272414,1.6532142857142864,33.55786895284758,15.366766405253179,0.016223371079294294,0.010616917767398098,1.5320000000000107,0.1490000000000009,0.6599999999999966,0.0017747536038721368,142.808,60103.0,-0.009904084566713545,142.555,98264.0,0.002283279847967057,143.981,103280.0,-0.0024234808365496407,144.482,88173.0,94795.3,0.8935358609551317
2025-05-28 00:00:00+00:00,144.305,145.068,143.843,144.791,90611.0,0.003416540769795695,0.003410717653885788,0.009194303677557192,143.6866,144.2664,144.83249999999998,145.3852,,144.32405422462813,144.60388062433742,45.502987243662176,-2.4523179120264733,-0.2798263997092931,-0.20723320129296388,-0.07259319841632925,147.96592506398022,144.83249999999998,141.69907493601974,6.266850127960481,0.4933778534427006,1.5457857142857157,41.105327617881166,27.951075907792255,0.008460470609361236,0.0033565622172648164,0.48599999999999,0.27700000000001523,0.4620000000000175,0.010433589154669187,144.298,84703.0,0.0017747536038721368,142.808,60103.0,-0.009904084566713545,142.555,98264.0,-0.0057377389571019455,143.653,104547.0,94329.7,0.9605776335554974
2025-05-29 00:00:00+00:00,144.806,146.276,143.952,144.169,108429.0,-0.0042958471175693624,-0.004305100779852771,0.008497308289407389,143.72420000000002,144.1189,144.77460000000002,145.29344,,144.30019972853148,144.57166724475687,45.225485475846575,-2.2298025865167355,-0.27146751622538545,-0.2200800642794482,-0.051387451945937246,147.91234403706005,144.77460000000002,141.63685596294,6.275488074120062,0.4034975458725693,1.614214285714287,31.582976117575218,35.41539089610133,0.016119970312619303,-0.004418425597735994,0.6370000000000005,1.4699999999999989,0.21700000000001296,0.003416540769795695,144.791,90611.0,0.010433589154669187,144.298,84703.0,0.0017747536038721368,142.808,60103.0,0.002283279847967057,143.981,103280.0,95044.25,1.1408265097572972
2025-05-30 00:00:00+00:00,144.18,144.435,143.428,144.007,103008.0,-0.001123681235217,-0.0011243130383173944,0.0084813357476713,144.0146,143.9577,144.72845,145.18761999999998,,144.25509207798817,144.52984004144156,26.84254606365154,-1.8531139675313126,-0.27474796345339314,-0.2310136441142372,-0.04373431933915595,147.8836726695968,144.72845,141.57322733040323,6.3104453391935635,0.3856736789210187,1.4519285714285732,29.932294126909316,34.2068659541219,0.0069927156318790405,-0.0012013304908789282,0.17300000000000182,0.25499999999999545,0.5790000000000077,-0.0042958471175693624,144.169,108429.0,0.003416540769795695,144.791,90611.0,0.010433589154669187,144.298,84703.0,-0.009904084566713545,142.555,98264.0,94608.4,1.0887828142110003
2025-06-02 00:00:00+00:00,143.775,143.978,142.532,142.651,94789.0,-0.00941620893428785,-0.009460821705953108,0.008521188517337595,143.9832,143.7395,144.6774,145.02746,,144.0083086813746,144.39066670503848,25.8103482987719,-2.0550108483699945,-0.3823580236638975,-0.2612825200241693,-0.12107550363972819,147.93593964061728,144.6774,141.41886035938273,6.517079281234544,0.18906316579040755,1.479285714285717,9.812747569319692,23.776005937934745,0.010136627152981737,-0.007879369930810126,1.1239999999999952,0.20300000000000296,0.11899999999999977,-0.001123681235217,144.007,103008.0,-0.0042958471175693624,144.169,108429.0,0.003416540769795695,144.791,90611.0,0.0017747536038721368,142.808,60103.0,94899.25,0.9988382416088641
2025-06-03 00:00:00+00:00,142.653,144.101,142.372,143.896,81990.0,0.00872759391802358,0.008689728625992734,0.008491350516672635,143.9028,143.6809,144.75345000000002,144.90836000000002,,143.99103042270156,144.35402472688747,36.45673813169972,-1.1832247165548542,-0.3629943041859178,-0.28162487685651905,-0.08136942732939878,147.852847257193,144.75345000000002,141.65405274280704,6.198794514385952,0.361674717881019,1.4554285714285737,38.6025447487598,26.115862148329608,0.012015622393951084,0.008638183132262155,1.242999999999995,0.2050000000000125,0.2809999999999775,-0.00941620893428785,142.651,94789.0,-0.001123681235217,144.007,103008.0,-0.0042958471175693624,144.169,108429.0,0.010433589154669187,144.298,84703.0,94540.45,0.8672478288394015
2025-06-04 00:00:00+00:00,143.894,144.376,142.597,142.713,84734.0,-0.008221215322177122,-0.0082551958820198,0.008400470415550561,143.48719999999997,143.58689999999999,144.6989,144.75284,,143.79441035767053,144.23246733971064,36.10768793250532,-1.4637548072607793,-0.43805698204010923,-0.31291129789323713,-0.1251456841468721,147.9052167194249,144.6989,141.4925832805751,6.412633438849809,0.19031443650454274,1.4867857142857162,14.556354916067074,20.990549078048858,0.012465577767967854,-0.00827534982797651,1.1810000000000116,0.4819999999999993,0.11599999999998545,0.00872759391802358,143.896,81990.0,-0.00941620893428785,142.651,94789.0,-0.001123681235217,144.007,103008.0,0.003416540769795695,144.791,90611.0,93393.75,0.9072769858796761
2025-06-05 00:00:00+00:00,142.717,143.963,142.522,143.484,97035.0,0.0054024510731329745,0.005387910181793589,0.00776592945752748,143.3502,143.53719999999998,144.57784999999998,144.60206,,143.74665491802892,144.1770253145469,40.54891544931386,-0.6907434836173297,-0.43037039651798636,-0.336403117618187,-0.09396727889979939,147.7752325002073,144.57784999999998,141.38046749979267,6.394765000414623,0.3289460207014563,1.5057142857142887,33.04556354916089,28.734821071329254,0.010042931616068708,0.005345543754007386,0.7669999999999959,0.478999999999985,0.1950000000000216,-0.008221215322177122,142.713,84734.0,0.00872759391802358,143.896,81990.0,-0.00941620893428785,142.651,94789.0,-0.0042958471175693624,144.169,108429.0,93045.0,1.0428824762211832
2025-06-06 00:00:00+00:00,143.495,145.079,143.257,144.802,86221.0,0.009185693178333398,0.009143761285481875,0.00804194777501203,143.50920000000002,143.76190000000003,144.55,144.50172,,143.90901569987062,144.22331973569158,49.868943941828,0.7998440686933104,-0.31430403582095323,-0.3319833012587402,0.017679265437786973,147.72838078603763,144.55,141.3716192139624,6.356761572075243,0.5396428271129434,1.5668571428571454,64.65227817745773,37.4180655475619,0.012582699133989881,0.009026118423778595,1.306999999999988,0.27700000000001523,0.23799999999999955,0.0054024510731329745,143.484,97035.0,-0.008221215322177122,142.713,84734.0,0.00872759391802358,143.896,81990.0,-0.001123681235217,144.007,103008.0,93043.4,0.9266750785117484
2025-06-09 00:00:00+00:00,144.821,144.94,143.965,144.507,72837.0,-0.0020372646786646076,-0.002039342725183602,0.006291061492617088,143.88039999999998,143.9318,144.3538,144.39336,,144.00101328450592,144.24433308860333,50.10619318664517,0.36532598051132475,-0.2433198040974105,-0.3142506018264743,0.0709307977290638,146.95561293878353,144.3538,141.75198706121648,5.203625877567049,0.5294410097121791,1.534857142857145,57.57793764988013,51.75859312549958,0.006747077996221597,-0.002172905118783124,0.31399999999999295,0.11899999999999977,0.5420000000000016,0.009185693178333398,144.802,86221.0,0.0054024510731329745,143.484,97035.0,-0.008221215322177122,142.713,84734.0,-0.00941620893428785,142.651,94789.0,90986.75,0.8005231530964674
2025-06-10 00:00:00+00:00,144.497,145.281,144.394,144.803,78817.0,0.002048343678852982,0.0020462486832990997,0.006207512401403233,144.0618,143.98229999999998,144.2211,144.29796,,144.12439585612037,144.28571582278087,55.11656878448129,1.5769352179860334,-0.16131996666049986,-0.2836644747932794,0.12234450813277953,146.39145237497954,144.2211,142.05074762502048,4.340704749959059,0.6340565722663996,1.507857142857146,64.67625899280557,62.302158273381146,0.006125563696884736,0.002113215886411077,0.3059999999999832,0.47800000000000864,0.10300000000000864,-0.0020372646786646076,144.507,72837.0,0.009185693178333398,144.802,86221.0,0.0054024510731329745,143.484,97035.0,0.00872759391802358,143.896,81990.0,90296.45,0.8728693099230369
2025-06-11 00:00:00+00:00,144.798,145.458,144.316,144.505,86647.0,-0.0020579684122566944,-0.0020600889390672353,0.006141009035783421,144.4202,143.9537,144.11005,144.20392,,144.18295033979416,144.30195909516746,52.33761598857961,1.1883087782197095,-0.1190087553733008,-0.2507333309092837,0.13172457553598288,145.94158504499723,144.11005,142.27851495500278,3.6630700899944486,0.6078193947418006,1.475285714285716,57.52997601918445,59.92805755395673,0.007902840732154569,-0.002027611501332178,0.29300000000000637,0.6599999999999966,0.18899999999999295,0.002048343678852982,144.803,78817.0,-0.0020372646786646076,144.507,72837.0,0.009185693178333398,144.802,86221.0,-0.008221215322177122,142.713,84734.0,89599.75,0.9670451089428262
2025-06-12 00:00:00+00:00,144.462,144.583,143.175,143.446,95460.0,-0.007328466143040058,-0.007355451271610407,0.006138413298763397,144.4126,143.8814,144.00015000000002,144.15220000000002,,144.06957336444123,144.23855471774766,54.10939950189095,-0.5904447740093444,-0.16898135330643527,-0.23438293538871402,0.06540158208227875,145.70342069579627,144.00015000000002,142.29687930420377,3.406541391592498,0.3373276774596988,1.4578571428571447,32.1342925659472,51.44684252597907,0.00981554034270727,-0.007082804679112636,1.0159999999999911,0.12100000000000932,0.2709999999999866,-0.0020579684122566944,144.505,86647.0,0.002048343678852982,144.803,78817.0,-0.0020372646786646076,144.507,72837.0,0.0054024510731329745,143.484,97035.0,89725.5,1.0639115970376314
2025-06-13 00:00:00+00:00,143.433,144.475,142.787,144.053,115905.0,0.0042315575199030064,0.004222629657362174,0.006238105010785888,144.2628,143.88600000000002,143.92185,144.09436000000002,,144.06702361606565,144.2248099238404,55.56051808843239,-0.5097001885476304,-0.15778630777475655,-0.21906360986592255,0.061277302091166,145.44637736765765,143.92185,142.39732263234237,3.0490547353152806,0.5430133308139612,1.5173571428571424,46.69064748201428,45.45163868904865,0.011717909380575124,0.00430397145495064,0.6200000000000045,0.42199999999999704,0.6459999999999866,-0.007328466143040058,143.446,95460.0,-0.0020579684122566944,144.505,86647.0,0.002048343678852982,144.803,78817.0,0.009185693178333398,144.802,86221.0,91514.35,1.2665226819619
2025-06-16 00:00:00+00:00,144.028,144.868,143.643,144.695,86415.0,0.0044566930227067925,0.004446791374528286,0.006221884037956903,144.3004,144.0904,143.91495,144.03228000000001,,144.16363536744018,144.25963881837075,51.918430462936094,0.3648495862494586,-0.09600345093056717,-0.1944515780788515,0.09844812714828433,145.42327684926406,143.91495,142.40662315073595,3.0166536985281027,0.7585812220940685,1.437642857142856,59.503073770491326,46.10933793948427,0.008466083831507615,0.004609696257645403,0.6670000000000016,0.17300000000000182,0.3849999999999909,0.0042315575199030064,144.053,115905.0,-0.007328466143040058,143.446,95460.0,-0.0020579684122566944,144.505,86647.0,-0.0020372646786646076,144.507,72837.0,91098.4,0.9485896568984746
2025-06-17 00:00:00+00:00,144.671,145.369,144.366,145.221,96464.0,0.0036352327309168153,0.0036286412419805412,0.006246624138815115,144.38400000000001,144.2229,143.9519,144.01257999999999,,144.32630684937246,144.33085075775068,52.071290944123355,0.8430145756803479,-0.00454390837822416,-0.15647004413872606,0.1519261357605019,145.55212378698147,143.9519,142.35167621301852,3.200447573962947,0.8965382874335132,1.4217857142857102,72.9764344262293,59.72338522624497,0.006906714593619283,0.0037873310333905656,0.5500000000000114,0.14799999999999613,0.3049999999999784,0.0044566930227067925,144.695,86415.0,0.0042315575199030064,144.053,115905.0,-0.007328466143040058,143.446,95460.0,0.002048343678852982,144.803,78817.0,91512.95,1.0541021789812262
2025-06-18 00:00:00+00:00,145.215,145.432,144.325,145.085,87372.0,-0.0009365036737111199,-0.0009369424672524567,0.006093831694404349,144.5,144.4601,144.0235,143.96066,,144.44302887254594,144.38671366458397,54.62906812209421,1.7062621362626251,0.056315207961972646,-0.11391299371858632,0.17022820168055897,145.694014890685,144.0235,142.35298510931503,3.3410297813699685,0.8177164136396096,1.3348571428571379,87.91315618924199,73.46422146198755,0.0076300099941413605,-0.0008960264672433087,0.12999999999999545,0.21699999999998454,0.7600000000000193,0.0036352327309168153,145.221,96464.0,0.0044566930227067925,144.695,86415.0,0.0042315575199030064,144.053,115905.0,-0.0020579684122566944,144.505,86647.0,90654.2,0.9637942864202652
2025-06-19 00:00:00+00:00,145.074,145.759,144.729,145.349,71094.0,0.0018196229796325625,0.0018179694712758994,0.0060876242251512195,144.88060000000002,144.6466,144.09189999999998,143.97933999999998,,144.5824090460004,144.45799413387402,56.71268507402959,1.0097570467559926,0.12441491212638311,-0.06624741254959243,0.19066232467597555,145.8640243748677,144.09189999999998,142.31977562513225,3.544248749735459,0.8546872944778037,1.3364999999999927,87.89489223501624,82.9281609501625,0.007086392063240702,0.001891997880962217,0.27499999999997726,0.4099999999999966,0.34499999999999886,-0.0009365036737111199,145.085,87372.0,0.0036352327309168153,145.221,96464.0,0.0044566930227067925,144.695,86415.0,-0.007328466143040058,143.446,95460.0,89044.9,0.7984061973229236
2025-06-20 00:00:00+00:00,145.379,146.207,145.112,146.054,78086.0,0.004850394567558203,0.004838669303314086,0.005639146716540332,145.2808,144.77179999999998,144.26685,144.03155999999998,,144.80880765430803,144.57621679062407,68.20759764579996,2.3410621316908817,0.23259086368395288,-0.006479757302883374,0.23907062098683624,146.09024432176147,144.26685,142.44345567823854,3.646788643522939,0.9900613045327302,1.309357142857136,96.01043024771859,90.60615955732561,0.0074972270530077835,0.004621578320347346,0.6750000000000114,0.1529999999999916,0.2669999999999959,0.0018196229796325625,145.349,71094.0,-0.0009365036737111199,145.085,87372.0,0.0036352327309168153,145.221,96464.0,0.0042315575199030064,144.053,115905.0,88036.0,0.8869780544322777
2025-06-23 00:00:00+00:00,146.69,148.016,146.002,146.079,103700.0,0.00017116956742024847,0.00017115491958132872,0.00564236683590135,145.5576,144.929,144.43040000000002,144.09387999999998,,145.00422186133756,144.68753406539264,63.43384615384633,1.8085640210755198,0.31668779594491525,0.05815375334667636,0.25853404259823887,146.28927995705408,144.43040000000002,142.57152004294596,3.7177599141081146,0.9434390703240138,1.3297142857142785,64.74335638878807,82.8828929571743,0.01378706042620761,-0.004182668282230779,0.61099999999999,1.3259999999999934,0.07699999999999818,0.004850394567558203,146.054,78086.0,0.0018196229796325625,145.349,71094.0,-0.0009365036737111199,145.085,87372.0,0.0044566930227067925,144.695,86415.0,90215.85,1.1494654209875537
2025-06-24 00:00:00+00:00,146.086,146.173,144.503,144.887,93227.0,-0.008159968236365334,-0.008193443003569972,0.005563145007284293,145.4908,144.9374,144.45985000000002,144.12906,,144.98618772882406,144.702309319808,63.36365871649871,0.05870084667339399,0.28387840901606864,0.10329868448055482,0.18057972453551382,146.32853501752902,144.45985000000002,142.591164982471,3.7373700350580066,0.6142915997059825,1.3219285714285658,43.04696032034964,67.9335823189521,0.011526223884820695,-0.008275414633473067,1.1990000000000123,0.08699999999998909,0.38400000000001455,0.00017116956742024847,146.079,103700.0,0.004850394567558203,146.054,78086.0,0.0018196229796325625,145.349,71094.0,0.0036352327309168153,145.221,96464.0,90642.05,1.0285182208478294
2025-06-25 00:00:00+00:00,144.879,145.94,144.599,145.167,72640.0,0.0019325405315866462,0.0019306755774799176,0.005528029775272879,145.5072,145.00359999999998,144.47865000000002,144.19616,,145.01400500131268,144.73673085167408,61.01007457804526,0.45672527974423144,0.2772741496386004,0.13809377751216395,0.13918037212643647,146.36880480012132,144.47865000000002,142.5884951998787,3.7803096002426173,0.6820882606958456,1.314785714285709,45.515394912985315,51.10190387404101,0.009237636652958374,0.0019839219657360897,0.2880000000000109,0.7729999999999961,0.28000000000000114,-0.008159968236365334,144.887,93227.0,0.00017116956742024847,146.079,103700.0,0.004850394567558203,146.054,78086.0,-0.0009365036737111199,145.085,87372.0,89743.5,0.8094179522750952
2025-06-26 00:00:00+00:00,145.168,145.255,143.742,144.347,86789.0,-0.005648666707998351,-0.005664680759620453,0.005593111147429979,145.3068,145.09369999999998,144.48755,144.23590000000002,,144.9113888472646,144.70786189969823,46.81595521343608,-0.314910602680876,0.2035269475663597,0.1511804115230031,0.052346536043356595,146.37323674911556,144.48755,142.60186325088443,3.771373498231128,0.4627324103364697,1.2927142857142806,29.833620195066107,39.46532514280035,0.010481686491579354,-0.005687683152403569,0.820999999999998,0.08699999999998909,0.6050000000000182,0.0019325405315866462,145.167,72640.0,-0.008159968236365334,144.887,93227.0,0.00017116956742024847,146.079,103700.0,0.0018196229796325625,145.349,71094.0,88661.5,0.9788803482909718
2025-06-27 00:00:00+00:00,144.349,144.937,144.17,144.626,84712.0,0.0019328423867486233,0.0019309768503743448,0.0056003430186991575,145.0212,145.151,144.5185,144.28694,,144.86748287076233,144.70179805527613,50.83461916117267,0.08373412684682836,0.16568481548620184,0.15408129231564285,0.011603523170558988,146.39125204192302,144.5185,142.64574795807695,3.745504083846072,0.5287010767025061,1.27785714285714,35.169248422260544,36.83942117677066,0.005303334116963923,0.0019152849418501185,0.27700000000001523,0.31100000000000705,0.17900000000000205,-0.005648666707998351,144.347,86789.0,0.0019325405315866462,145.167,72640.0,-0.008159968236365334,144.887,93227.0,0.004850394567558203,146.054,78086.0,87746.7,0.9654152235924542
2025-06-30 00:00:00+00:00,144.293,144.753,143.771,143.984,84625.0,-0.004439035858006091,-0.0044489176322239895,0.005248713972099523,144.6022,145.0799,144.58515,144.35034,,144.7315624291066,144.64862782895938,44.52173913043486,0.3750540272994792,0.08293460014721177,0.13985195388195665,-0.05691735373474488,146.2627730396482,144.58515,142.9075269603518,3.355246079296421,0.3208328135127281,1.284642857142854,22.89156626506036,29.29814496079567,0.006820202244693849,-0.0021460717857539552,0.3089999999999975,0.45999999999997954,0.21300000000002228,0.0019328423867486233,144.626,84712.0,-0.005648666707998351,144.347,86789.0,0.0019325405315866462,145.167,72640.0,0.00017116956742024847,146.079,103700.0,87238.5,0.9700418966396717
2025-07-01 00:00:00+00:00,143.963,144.061,142.673,143.363,86933.0,-0.00431297921991336,-0.004322306944639483,0.004972727748617168,144.2974,144.8941,144.55849999999998,144.3875,,144.5210143630902,144.55339613792535,42.67760964349836,-0.4789903715993403,-0.032381774835158694,0.10540520813853359,-0.1377869829736923,146.29801045745043,144.55849999999998,142.81898954254953,3.4790209149009,0.15636883788781847,1.3022142857142833,12.914093206063992,23.658302631128304,0.009681717039961533,-0.0041851802766403766,0.5999999999999943,0.09800000000001319,0.6899999999999977,-0.004439035858006091,143.984,84625.0,0.0019328423867486233,144.626,84712.0,-0.005648666707998351,144.347,86789.0,-0.008159968236365334,144.887,93227.0,87485.65,0.993682964006097
2025-07-02 00:00:00+00:00,143.365,144.234,143.264,143.554,80198.0,0.0013322823880639323,0.0013313956873529447,0.0046042078979121525,143.97480000000002,144.74099999999999,144.60055,144.39,,144.37224292261476,144.47936679437532,50.7792207792208,-0.7885552368775639,-0.10712387176056382,0.06289939215871411,-0.1700232639192779,146.1860630300384,144.60055,143.01503696996159,3.1710260600768265,0.16996486936009575,1.2709285714285699,16.488863934119447,17.43150780174793,0.006757039162963058,0.001316577733814404,0.18899999999999295,0.6800000000000068,0.10099999999999909,-0.00431297921991336,143.363,86933.0,-0.004439035858006091,143.984,84625.0,0.0019328423867486233,144.626,84712.0,0.0019325405315866462,145.167,72640.0,87258.85,0.9190815602085061
2025-07-03 00:00:00+00:00,143.581,145.223,143.472,144.886,44250.0,0.009278738314501878,0.009235955266988468,0.004902078549068216,144.0826,144.6947,144.67065,144.43624,,144.45128247298172,144.50948777256974,55.44088830829522,-0.2306828902156079,-0.05820529958802467,0.03867845380936635,-0.09688375339739103,146.16993492078217,144.67065,143.17136507921782,2.998569841564347,0.5718175701679349,1.2754285714285711,41.41867864495598,23.607211928379808,0.012085363665226487,0.009007081429537753,1.3050000000000068,0.3370000000000175,0.10899999999998045,0.0013322823880639323,143.554,80198.0,-0.00431297921991336,143.363,86933.0,-0.004439035858006091,143.984,84625.0,-0.005648666707998351,144.347,86789.0,84619.6,0.522928494107748
2025-07-04 00:00:00+00:00,144.878,144.961,144.267,144.416,37220.0,-0.003243929710255,-0.0032492026567039595,0.004515302750779755,144.04059999999998,144.5309,144.65135,144.45213999999999,,144.4458544002153,144.5025627523794,48.13577442202328,-0.46110900506600344,-0.05670835216409387,0.019601092614674312,-0.07630944477876818,146.15345074299492,144.65135,143.1492492570051,3.0042014859898245,0.42165971520300083,1.2375000000000012,32.622122403144274,30.176554994073232,0.004805561710613899,-0.003199091513405641,0.4619999999999891,0.08300000000002683,0.1490000000000009,0.009278738314501878,144.886,44250.0,0.0013322823880639323,143.554,80198.0,-0.00431297921991336,143.363,86933.0,0.0019328423867486233,144.626,84712.0,82169.55,0.452965849271415
2025-07-07 00:00:00+00:00,144.378,146.231,144.214,145.992,74408.0,0.010912918236206437,0.010853802041923152,0.005115162382393956,144.4422,144.5222,144.7256,144.53344,,144.68372295402833,144.61289143738833,54.51775459978899,0.44238350453047537,0.07083151663999843,0.029847177419739135,0.04098433922025929,146.3402500875619,144.7256,143.11094991243806,3.2293001751238535,0.8921592702206552,1.3099285714285733,62.11865992887881,45.386486992326354,0.013815825524686257,0.011055400295906655,1.6140000000000043,0.23900000000000432,0.16399999999998727,-0.003243929710255,144.416,37220.0,0.009278738314501878,144.886,44250.0,0.0013322823880639323,143.554,80198.0,-0.004439035858006091,143.984,84625.0,82248.1,0.9046774332780939
2025-07-08 00:00:00+00:00,145.995,146.967,145.825,146.54,77159.0,0.0037536303359089196,0.003746603045304001,0.00515596338325094,145.0776,144.6875,144.81244999999998,144.61916000000002,,144.96930403802395,144.755640219804,58.13303521520394,0.3327536390649965,0.21366381821994196,0.06661050557977971,0.14705331264016225,146.61997223251976,144.81244999999998,143.0049277674802,3.6150444650395457,0.9778779394574085,1.312428571428575,72.37507018528912,55.705284172437395,0.007793094035758321,0.003719121059096407,0.5449999999999875,0.4270000000000209,0.17000000000001592,0.010912918236206437,145.992,74408.0,-0.003243929710255,144.416,37220.0,0.009278738314501878,144.886,44250.0,-0.00431297921991336,143.363,86933.0,82165.2,0.9390715290658332
2025-07-09 00:00:00+00:00,146.541,147.17,146.242,146.281,72626.0,-0.0017674355124879249,-0.0017689992694647088,0.005148457671474191,145.623,144.7989,144.90125,144.68424000000002,,145.1711034167895,144.86862983315186,55.21252796420591,0.138281340918269,0.3024735836376351,0.11378312119135078,0.18869046244628432,146.81646903378413,144.90125,142.98603096621588,3.8304380675682523,0.8602068420534296,1.3051428571428627,67.52760621373781,67.34044544263526,0.006343954443844363,-0.0017774010295253033,0.2599999999999909,0.6289999999999907,0.03900000000001569,0.0037536303359089196,146.54,77159.0,0.010912918236206437,145.992,74408.0,-0.003243929710255,144.416,37220.0,0.0013322823880639323,143.554,80198.0,81464.15,0.8915087188659061
2025-07-10 00:00:00+00:00,146.311,146.777,145.747,146.23,70169.0,-0.0003486440480993114,-0.00034870483856534897,0.0048062496004431165,145.8918,144.98719999999997,145.04045000000002,144.7023,,145.33401058343725,144.9694720677332,51.06203234371222,0.926929262114606,0.36453851570405504,0.16393420009389165,0.2006043156101634,146.9145726691303,145.04045000000002,143.16632733086973,3.748245338260574,0.817361830042853,1.3005000000000035,66.57308628111538,68.82525422671411,0.007043698283525766,-0.0005539219038502174,0.08100000000001728,0.46599999999997976,0.48299999999997567,-0.0017674355124879249,146.281,72626.0,0.0037536303359089196,146.54,77159.0,0.010912918236206437,145.992,74408.0,0.009278738314501878,144.886,44250.0,80199.6,0.8749295507708267
2025-07-11 00:00:00+00:00,146.223,147.514,146.127,147.402,73126.0,0.008014771250769215,0.007982823560428044,0.005011339712020584,146.48899999999998,145.26479999999998,145.2079,144.75173999999998,,145.65216280136997,145.14965932197518,57.012615286759136,1.539606108826376,0.5025034793947896,0.23164805595407123,0.27085542344071833,147.29670050192516,145.2079,143.11909949807483,4.177601003850327,1.025205733620271,1.2557142857142907,97.6864284238789,77.26237363957738,0.00940964166022171,0.007998534619611496,1.1789999999999736,0.11200000000002319,0.09600000000000364,-0.0003486440480993114,146.23,70169.0,-0.0017674355124879249,146.281,72626.0,0.0037536303359089196,146.54,77159.0,-0.003243929710255,144.416,37220.0,78060.65,0.9367844105833093
2025-07-14 00:00:00+00:00,147.112,147.771,146.848,147.679,73708.0,0.0018792146646586794,0.0018774511497837811,0.004954968706798247,146.82639999999998,145.6343,145.3571,144.83188,,145.9639839088515,145.33701789071776,66.38882366752759,2.308326463314093,0.6269660181337429,0.31071164839000553,0.31625436974373733,147.7022056221305,145.3571,143.0119943778695,4.690211244260979,0.9950523290056743,1.2023571428571447,98.19537073362133,87.48496181287186,0.006250042321521499,0.003839408446698632,0.5670000000000073,0.09199999999998454,0.2639999999999816,0.008014771250769215,147.402,73126.0,-0.0003486440480993114,146.23,70169.0,-0.0017674355124879249,146.281,72626.0,0.010912918236206437,145.992,74408.0,77425.3,0.9519885618783523
2025-07-15 00:00:00+00:00,147.666,149.017,147.543,148.832,64046.0,0.007807474319300622,0.007777153707686944,0.005154128021041185,147.2848,146.1812,145.53764999999999,144.96102000000002,,146.40521715364358,145.5959054543683,69.51336385901394,2.9081907817404815,0.8093116992752698,0.41043165856705843,0.39888004070821137,148.3484248528982,145.53764999999999,142.72687514710177,5.62154970579644,1.0860216795029258,1.2118571428571434,97.0838587641866,97.65521930722895,0.009903784132444566,0.007834336701784541,1.1659999999999968,0.18500000000000227,0.12299999999999045,0.0018792146646586794,147.679,73708.0,0.008014771250769215,147.402,73126.0,-0.0003486440480993114,146.23,70169.0,0.0037536303359089196,146.54,77159.0,75804.4,0.844884993483228
2025-07-16 00:00:00+00:00,148.839,149.177,146.904,147.772,84946.0,-0.0071221242743496616,-0.007147607670804135,0.0054677433346680395,147.583,146.603,145.672,145.04038,,146.6154914376984,145.75709764293362,67.78112345550817,2.6308478719857638,0.8583937947647939,0.5000240858066056,0.3583697089581883,148.64392448724652,145.672,142.70007551275347,5.943848974493051,0.8533064196300686,1.266142857142857,78.39790897908975,91.22571282563256,0.015381804401375066,-0.007220583060390381,1.0670000000000073,0.33799999999999386,0.867999999999995,0.007807474319300622,148.832,64046.0,0.0018792146646586794,147.679,73708.0,0.008014771250769215,147.402,73126.0,-0.0017674355124879249,146.281,72626.0,75683.1,1.122390599750803
2025-07-17 00:00:00+00:00,147.791,149.078,147.718,148.472,74228.0,0.004737027312346154,0.004725842905121108,0.005531213346760738,148.03140000000002,146.96159999999998,145.82815,145.09172,,146.90110813959097,145.95820152123483,69.13052128929564,3.563681005559321,0.9429066183561474,0.5886005923165141,0.35430602603963335,149.04657087954567,145.82815,142.60972912045432,6.436841759091351,0.910737143920908,1.308499999999999,89.16051660516628,88.21409478281423,0.009159976291826159,0.0045867234225982784,0.6810000000000116,0.6059999999999945,0.0730000000000075,-0.0071221242743496616,147.772,84946.0,0.007807474319300622,148.832,64046.0,0.0018792146646586794,147.679,73708.0,-0.0003486440480993114,146.23,70169.0,75839.8,0.9787473068230664
2025-07-18 00:00:00+00:00,148.509,148.874,148.178,148.809,66639.0,0.0022697882429010274,0.002267216164880235,0.005468323035088195,148.31279999999998,147.4009,145.9659,145.16072,,147.1946299642693,146.16937177892115,74.75120549912785,3.6606433815846264,1.0252581853481502,0.6759321109228413,0.34932607442530883,149.44989540153193,145.9659,142.48190459846808,6.967990803063856,0.9080229266017213,1.2880714285714276,94.34194341943426,87.30012300123009,0.004677136463520338,0.0020160070963450554,0.30000000000001137,0.06499999999999773,0.33099999999998886,0.004737027312346154,148.472,74228.0,-0.0071221242743496616,147.772,84946.0,0.007807474319300622,148.832,64046.0,0.008014771250769215,147.402,73126.0,75267.45,0.8853627962685066
2025-07-21 00:00:00+00:00,147.877,148.654,147.076,147.281,69364.0,-0.01026819614405039,-0.010321277750953105,0.0060171667920230695,148.23319999999998,147.5298,146.026,145.13772,,147.207917662074,146.25171461011217,68.38746010887934,1.653023756608651,0.9562030519618361,0.7319862991306403,0.2242167528311958,149.55933061899944,146.026,142.49266938100058,7.066661237998858,0.6775944760520864,1.3127142857142846,67.93505834601739,83.81250612353931,0.010714212967049401,-0.004046686266388764,0.5960000000000036,0.7769999999999868,0.2050000000000125,0.0022697882429010274,148.809,66639.0,0.004737027312346154,148.472,74228.0,-0.0071221242743496616,147.772,84946.0,0.0018792146646586794,147.679,73708.0,73550.65,0.9430780013500901
2025-07-22 00:00:00+00:00,147.256,147.939,146.303,146.562,66072.0,-0.004881824539485713,-0.004893779569010486,0.005812100941204947,147.7792,147.53199999999998,146.10975,145.11982,,147.10854571406264,146.2746987130668,63.45018780182441,1.4859849324174712,0.8338470009958314,0.7523584395036785,0.08148856149215289,149.6086434717017,146.10975,142.61085652829829,6.997786943403412,0.5646275749258617,1.360285714285713,54.163014899211426,72.14667222155435,0.011162511428610387,-0.0047351973908652195,0.6939999999999884,0.6829999999999927,0.25900000000001455,-0.01026819614405039,147.281,69364.0,0.0022697882429010274,148.809,66639.0,0.004737027312346154,148.472,74228.0,0.007807474319300622,148.832,64046.0,72192.9,0.9152146540726305
2025-07-23 00:00:00+00:00,146.557,147.205,146.101,146.422,82668.0,-0.000955227139367687,-0.0009556836595550482,0.0058128871916980065,147.50920000000002,147.5461,146.17249999999999,145.11374,,147.00292329651455,146.2856099195063,57.68768768768769,0.29453668694175494,0.7173133770082529,0.7453494270045935,-0.028036049996340573,149.64512027566337,146.17249999999999,142.6998797243366,6.945240551326776,0.5359238817080784,1.314071428571428,44.489220229699804,55.52909782497621,0.007539850568903671,-0.0009219925967408648,0.1349999999999909,0.6480000000000246,0.32099999999999795,-0.004881824539485713,146.562,66072.0,-0.01026819614405039,147.281,69364.0,0.0022697882429010274,148.809,66639.0,-0.0071221242743496616,147.772,84946.0,72694.3,1.1372005783121923
2025-07-24 00:00:00+00:00,146.406,147.017,145.847,146.981,78641.0,0.0038177323079864323,0.003810463262970064,0.005674209502743808,147.21099999999998,147.6212,146.3042,145.14048,,146.99955048166615,146.33712029583916,62.72447663458674,0.300941722396617,0.6624301858269916,0.7287655787690731,-0.06633539294208146,149.68386081138348,146.3042,142.92453918861654,6.759321622766947,0.6001283912457085,1.348071428571426,55.75256901067901,51.46826804653008,0.007960212544478453,0.003912070267585529,0.5749999999999886,0.036000000000001364,0.5589999999999975,-0.000955227139367687,146.422,82668.0,-0.004881824539485713,146.562,66072.0,-0.01026819614405039,147.281,69364.0,0.004737027312346154,148.472,74228.0,72286.9,1.0879011273135244
2025-07-25 00:00:00+00:00,146.971,147.931,146.805,147.646,73723.0,0.0045243943094686045,0.004514190004823351,0.005727896597184216,146.97840000000002,147.6456,146.4552,145.18102,,147.0990042537175,146.4340743479992,59.02050610820242,0.9331355405008037,0.66492990571831,0.7159984441589206,-0.051068538440610545,149.7887001740704,146.4552,143.12169982592957,6.667000348140846,0.6786110601197226,1.2844285714285693,55.364431486880015,51.86874024241961,0.007626349511669838,0.004571745932839244,0.674999999999983,0.285000000000025,0.16599999999999682,0.0038177323079864323,146.981,78641.0,-0.000955227139367687,146.422,82668.0,-0.004881824539485713,146.562,66072.0,0.0022697882429010274,148.809,66639.0,71737.45,1.027678011972826
2025-07-28 00:00:00+00:00,147.674,148.568,147.511,148.48,73469.0,0.005648646085908204,0.005632752308732009,0.005662938975172341,147.2182,147.72570000000002,146.68,145.25396,,147.31146513776096,146.58562439629557,60.260207319653034,1.5386719551391643,0.7258407414653902,0.7179669036202145,0.007873837845175702,149.916806288206,146.68,143.443193711794,6.473612576411995,0.7780518572518027,1.2783571428571403,79.67930029154498,63.598766929701334,0.007118803879310456,0.0054283405172412666,0.8059999999999832,0.08800000000002228,0.16300000000001091,0.0045243943094686045,147.646,73723.0,0.0038177323079864323,146.981,78641.0,-0.000955227139367687,146.422,82668.0,-0.01026819614405039,147.281,69364.0,71179.65,1.0321629847856797
2025-07-29 00:00:00+00:00,148.439,148.8,148.15,148.395,71879.0,-0.0005724676724137012,-0.0005726315945947657,0.005518919264737906,147.5848,147.682,146.9316,145.33222,,147.47816280887466,146.7196522187922,61.39008620689657,0.6736679285220171,0.7585105900824658,0.7260756409126647,0.03243494916980105,149.84935078478387,146.9316,144.01384921521614,5.835501569567725,0.7507753588194838,1.258499999999998,77.20116618075839,70.74829931972779,0.004380201489268544,-0.00029650594696575166,0.04399999999998272,0.3610000000000184,0.24500000000000455,0.005648646085908204,148.48,73469.0,0.0045243943094686045,147.646,73723.0,0.0038177323079864323,146.981,78641.0,-0.004881824539485713,146.562,66072.0,70426.95,1.0206178174690228
2025-07-30 00:00:00+00:00,148.373,149.546,147.798,149.473,79262.0,0.007264395700663728,0.007238137070250281,0.005653569880837711,148.195,147.8521,147.22755,145.44862,,147.78506083827855,146.92360390628906,65.73202677791805,1.2147969582676015,0.861456931989494,0.7531518991280306,0.10830503286146342,149.89260001236804,147.22755,144.56249998763198,5.330100024736055,0.9212772723925006,1.3097857142857134,98.02649364693217,84.96898670641185,0.011694419727977563,0.0073591886160043795,1.1000000000000227,0.07299999999997908,0.5749999999999886,-0.0005724676724137012,148.395,71879.0,0.005648646085908204,148.48,73469.0,0.0045243943094686045,147.646,73723.0,-0.000955227139367687,146.422,82668.0,70380.15,1.1261982249256361
2025-07-31 00:00:00+00:00,149.445,150.831,148.579,150.709,86724.0,0.008269051935801075,0.008235050636255167,0.005589651229802943,148.9406,148.07580000000002,147.51870000000002,145.58318,,148.23489763238953,147.20400361693433,65.9434962877255,1.2611535153730444,1.0308940154552033,0.8087003223934651,0.2221936930617382,150.37228892034537,147.51870000000002,144.66511107965468,5.70717784069069,1.0589978250290313,1.3715714285714264,97.55216693418969,90.92660892062675,0.01494270415170946,0.0083870239998939,1.26400000000001,0.12199999999998568,0.8659999999999854,0.007264395700663728,149.473,79262.0,-0.0005724676724137012,148.395,71879.0,0.005648646085908204,148.48,73469.0,0.0038177323079864323,146.981,78641.0,72503.85,1.1961295848427358
2025-08-01 00:00:00+00:00,150.705,150.911,147.284,147.342,102384.0,-0.022341067885793042,-0.022594409940836765,0.0077456116865811265,148.87980000000002,147.9291,147.665,145.67892,,148.09752876586808,147.21422557123552,48.7482356437115,-0.2909888206155283,0.8833031946325605,0.8236208968412843,0.059682297791276206,150.1211633753311,147.665,145.2088366246689,4.912326750662203,0.4342470449555422,1.5647142857142862,29.522116903633624,75.0335924949185,0.02461619904711494,-0.022824449240542406,3.3629999999999995,0.20599999999998886,0.058000000000021146,0.008269051935801075,150.709,86724.0,0.007264395700663728,149.473,79262.0,-0.0005724676724137012,148.395,71879.0,0.0045243943094686045,147.646,73723.0,75762.05,1.3513889869664297
2025-08-04 00:00:00+00:00,147.241,148.087,146.863,147.057,51195.0,-0.0019342753593681872,-0.0019361484857690222,0.0074084300348055175,148.59520000000003,147.9067,147.71825,145.7639,,147.937447417273,147.20257923262545,42.95243389184464,-0.9530416509510349,0.7348681846475529,0.8058703544025381,-0.07100216975498519,150.06545580803333,147.71825,145.3710441919667,4.694411616066645,0.3591410268036802,1.5468571428571434,23.894154818325063,50.322812885382795,0.00832330320895972,-0.0012512155150725633,0.18400000000002592,0.8459999999999752,0.1939999999999884,-0.022341067885793042,147.342,102384.0,0.008269051935801075,150.709,86724.0,0.007264395700663728,149.473,79262.0,0.005648646085908204,148.48,73469.0,74601.4,0.6862471749859923
2025-08-05 00:00:00+00:00,147.004,147.834,146.618,147.558,46106.0,0.0034068422448438884,0.0034010521048056163,0.007400544122641169,148.42780000000002,148.0063,147.76915,145.8291,,147.8790708915387,147.2289066968754,49.110852584344364,-0.8406749591758595,0.6501641946632901,0.7747291224546885,-0.12456492779139838,150.05204394133204,147.76915,145.48625605866795,4.565787882664097,0.45375387437473347,1.4713571428571441,33.78751974723512,29.06793048973127,0.008240827335691784,0.003754455874977989,0.554000000000002,0.27600000000001046,0.3859999999999957,-0.0019342753593681872,147.057,51195.0,-0.022341067885793042,147.342,102384.0,0.008269051935801075,150.709,86724.0,-0.0005724676724137012,148.395,71879.0,73048.75,0.6311675422235151
2025-08-06 00:00:00+00:00,147.544,147.884,146.97,147.338,56147.0,-0.0014909391561284124,-0.0014920517118848485,0.007396593544167184,148.0008,148.0979,147.82199999999997,145.88003999999998,,147.79582921591737,147.23698768229204,45.09260862039113,0.038701529728877415,0.5588415336253263,0.7315516046888162,-0.1727100710634899,150.0066623248654,147.82199999999997,145.63733767513455,4.369324649730856,0.3892277322469517,1.4394999999999993,29.44312796208506,29.041600842548416,0.00620342342097753,-0.0013981457600891643,0.20600000000001728,0.339999999999975,0.367999999999995,0.0034068422448438884,147.558,46106.0,-0.0019342753593681872,147.057,51195.0,-0.022341067885793042,147.342,102384.0,0.007264395700663728,149.473,79262.0,72224.8,0.7773922530765055
2025-08-07 00:00:00+00:00,147.301,147.702,146.684,147.139,81674.0,-0.0013506359527072354,-0.0013515488835630202,0.007405221438058595,147.28680000000003,148.1137,147.86745,145.93944,,147.6947785673147,147.2297293354556,42.6857042747022,0.3936900424393759,0.46504923185909774,0.6782511301228725,-0.21320189826377478,149.94800007655545,147.86745,145.78689992344454,4.161100153110908,0.3249381237662882,1.4624999999999997,25.513428120063256,29.581358609794478,0.0069186279640340125,-0.0011009997349443567,0.16199999999997772,0.40100000000001046,0.4550000000000125,-0.0014909391561284124,147.338,56147.0,0.0034068422448438884,147.558,46106.0,-0.0019342753593681872,147.057,51195.0,0.008269051935801075,150.709,86724.0,72800.05,1.1218948338634382
2025-08-08 00:00:00+00:00,147.014,147.896,146.714,147.656,76670.0,0.0035136843392982176,0.0035075257724372037,0.007225798475090243,147.34959999999998,148.11470000000003,147.88015000000001,146.01242,,147.68881263388167,147.26130494023667,51.80201826045171,0.84276952916912,0.42750769364499774,0.6281024428272977,-0.20059474918229991,149.95181917446376,147.88015000000001,145.80848082553626,4.1433383489275,0.4459011113446649,1.4231428571428555,35.72274881516588,30.2264349657714,0.008005092918675759,0.004347943869534566,0.6419999999999959,0.23999999999998067,0.30000000000001137,-0.0013506359527072354,147.139,81674.0,-0.0014909391561284124,147.338,56147.0,0.0034068422448438884,147.558,46106.0,-0.022341067885793042,147.342,102384.0,72977.25,1.0506013860483918
2025-08-11 00:00:00+00:00,147.476,148.243,147.342,148.133,60745.0,0.00323048166007478,0.00322527486482086,0.0072494798116912364,147.56480000000002,148.08,147.90285,146.12206,,147.75714915174603,147.32587494466358,57.729017022532716,0.783774773610205,0.4312742070824527,0.5887367956783287,-0.15746258859587603,149.9751880414153,147.90285,145.8305119585847,4.1446760828305855,0.5555290679899958,1.3706428571428546,45.142180094786816,35.459452343338654,0.006082371922528957,0.0044352034995579015,0.6570000000000107,0.10999999999998522,0.13399999999998613,0.0035136843392982176,147.656,76670.0,-0.0013506359527072354,147.139,81674.0,-0.0014909391561284124,147.338,56147.0,-0.0019342753593681872,147.057,51195.0,72329.1,0.8398417787584803
2025-08-12 00:00:00+00:00,148.06,148.511,147.571,147.839,76784.0,-0.001984702935875271,-0.0019866750685775137,0.007034616501867333,147.621,148.0244,147.85320000000002,146.20092,,147.76974158993895,147.36388420802183,56.86730638751577,0.13071806889452614,0.40585738191711584,0.5521609129260862,-0.1463035310089703,149.87886341049887,147.85320000000002,145.82753658950116,4.051326820997701,0.4964949754420159,1.3589285714285677,39.336492890995125,40.067140600315945,0.006358268115991029,-0.0014948694187596212,0.22100000000000364,0.4509999999999934,0.2680000000000007,0.00323048166007478,148.133,60745.0,0.0035136843392982176,147.656,76670.0,-0.0013506359527072354,147.139,81674.0,0.0034068422448438884,147.558,46106.0,72966.0,1.0523257407559685
2025-08-13 00:00:00+00:00,147.734,148.16,147.081,147.373,68196.0,-0.0031520775979275717,-0.0031570558585142143,0.006886763697425274,147.628,147.81440000000003,147.83325,146.29412,,147.70870442225603,147.36455945187208,51.917057902973376,-0.7455549568965514,0.344144970383951,0.5105577244176591,-0.16641275403370814,149.8701088691006,147.83325,145.7963911308994,4.073717738201196,0.3870196637130702,1.3524285714285693,17.58676915909607,34.02181404829267,0.0073215582230124095,-0.002449566745604815,0.3610000000000184,0.4259999999999877,0.2920000000000016,-0.001984702935875271,147.839,76784.0,0.00323048166007478,148.133,60745.0,0.0035136843392982176,147.656,76670.0,-0.0014909391561284124,147.338,56147.0,72128.5,0.9454792488406109
2025-08-14 00:00:00+00:00,147.333,147.953,146.207,147.751,84148.0,0.0025649203042621416,0.002561636510093538,0.006823094177473774,147.75039999999998,147.51860000000002,147.7972,146.37946,,147.71521143421666,147.39318467765935,50.52832846935705,-0.43397688601368334,0.3220267565573067,0.4728515308455887,-0.15082477428828195,149.81185907785962,147.7972,145.78254092214038,4.029318155719238,0.4885340401987313,1.3967142857142838,32.82312925170086,29.91546376726402,0.011817178902342518,0.0028290840671129558,0.41800000000000637,0.20199999999999818,1.1260000000000048,-0.0031520775979275717,147.373,68196.0,-0.001984702935875271,147.839,76784.0,0.00323048166007478,148.133,60745.0,-0.0013506359527072354,147.139,81674.0,72624.5,1.158672348862987
2025-08-15 00:00:00+00:00,147.554,147.86,146.731,147.145,68475.0,-0.0041014950829435515,-0.004109929283689489,0.006849361403950751,147.6482,147.4989,147.714,146.42632,,147.62748659818334,147.37480062746235,43.124935626738186,-1.5574719180052603,0.2526859707209894,0.42881841882066885,-0.17613244809967943,149.68978626587574,147.714,145.73821373412426,3.9515725317514807,0.3560066921641985,1.4018571428571411,19.94047619047651,23.450124867091148,0.0076727037955759214,-0.002779571171293566,0.4089999999999918,0.3060000000000116,0.4140000000000157,0.0025649203042621416,147.751,84148.0,-0.0031520775979275717,147.373,68196.0,-0.001984702935875271,147.839,76784.0,0.0035136843392982176,147.656,76670.0,72716.3,0.9416733249629038
2025-08-18 00:00:00+00:00,147.147,147.977,147.073,147.832,62199.0,0.00466886404566913,0.004657998706001036,0.0065401156584883,147.58800000000002,147.57639999999998,147.74155000000002,146.49282000000002,,147.65895019846283,147.40866724765033,47.269905925710326,-1.9089769025074876,0.2502829508125046,0.393111325219036,-0.1428283744065314,149.70725485282588,147.74155000000002,145.77584514717415,3.931409705651731,0.5230070144737005,1.4199999999999977,34.545068027210824,29.102891156462732,0.006115049515666408,0.004633638183884425,0.6850000000000023,0.14500000000001023,0.07399999999998386,-0.0041014950829435515,147.145,68475.0,0.0025649203042621416,147.751,84148.0,-0.0031520775979275717,147.373,68196.0,0.00323048166007478,148.133,60745.0,72358.05,0.8596002794436831
2025-08-19 00:00:00+00:00,147.674,148.104,147.437,147.66,65220.0,-0.001163482872449828,-0.001164160244104923,0.0064399179866934005,147.55220000000003,147.5866,147.79645,146.54996,,147.65911170639163,147.4272844885651,40.36150983519396,0.21582440851894477,0.23182721782652038,0.3608545037405329,-0.12902728591401252,149.68319104713643,147.79645,145.90970895286355,3.773482094272879,0.4638397648137537,1.3427857142857127,30.888605442176882,28.458049886621406,0.004517133956386304,-9.481240688073956e-05,0.014000000000010004,0.4300000000000068,0.22299999999998477,0.00466886404566913,147.832,62199.0,-0.0041014950829435515,147.145,68475.0,0.0025649203042621416,147.751,84148.0,-0.001984702935875271,147.839,76784.0,72315.45,0.901881962983014
2025-08-20 00:00:00+00:00,147.574,147.809,146.863,147.295,63359.0,-0.00247189489367472,-0.002474955069853497,0.006465510207833171,147.5366,147.58229999999998,147.8401,146.60576,,147.60309452079292,147.4174856375603,29.99765643309111,0.16184200684088454,0.18560888323261793,0.32580537963894995,-0.14019649640633203,149.6309095082222,147.8401,146.0492904917778,3.5816190164443924,0.34780625814826044,1.2494999999999996,23.129251700680104,29.52097505668927,0.006422485488305768,-0.001894157982280626,0.2790000000000248,0.23499999999998522,0.43199999999998795,-0.001163482872449828,147.66,65220.0,0.00466886404566913,147.832,62199.0,-0.0041014950829435515,147.145,68475.0,-0.0031520775979275717,147.373,68196.0,71350.0,0.8880028030833917
2025-08-21 00:00:00+00:00,147.247,148.397,147.223,148.368,65826.0,0.0072847007705625355,0.007258295496704183,0.006609181355158117,147.66,147.70520000000002,147.90945,146.70420000000001,,147.72077228682477,147.48789410885215,58.221153846153655,0.5489366893018355,0.23287817797262278,0.30721993930568453,-0.07434176133306175,149.66730041876124,147.90945,146.15159958123874,3.515700837522502,0.6304291864387246,1.0742857142857116,93.79340277777776,49.27041997354491,0.007912757467917463,0.007555537582227845,1.120999999999981,0.028999999999996362,0.02400000000000091,-0.00247189489367472,147.295,63359.0,-0.001163482872449828,147.66,65220.0,0.00466886404566913,147.832,62199.0,0.0025649203042621416,147.751,84148.0,70709.25,0.9309390214151614
2025-08-22 00:00:00+00:00,148.256,148.769,146.57,146.913,68764.0,-0.009806696861856867,-0.009855099218319605,0.00691847052201049,147.6136,147.6309,147.8728,146.76139999999998,,147.59649962731328,147.4453093600483,49.02834008097181,-0.28845240196010735,0.15119026726497964,0.2760140048975436,-0.12482373763256394,149.68354705141627,147.8728,146.06205294858376,3.6214941028325143,0.23497126524400422,1.1439285714285705,27.556596409055974,48.159750295837945,0.014968042310755427,-0.009141464676373019,1.3429999999999893,0.5130000000000052,0.34300000000001774,0.0072847007705625355,148.368,65826.0,-0.00247189489367472,147.295,63359.0,-0.001163482872449828,147.66,65220.0,-0.0041014950829435515,147.145,68475.0,70461.3,0.9759115997008286
2025-08-25 00:00:00+00:00,146.841,147.929,146.785,147.737,64035.0,0.00560876164805002,0.0055930911120000105,0.006916693603209742,147.59459999999999,147.5913,147.83565000000002,146.82224,,147.6181150692651,147.46691607411879,51.15737747316697,0.4064184206770365,0.1511989951463022,0.2510510029472953,-0.09985200780099313,149.62429668336063,147.83565000000002,146.0470033166394,3.5772933667212214,0.47242328490088625,1.1387857142857132,59.718969555034896,60.356322913956205,0.0077434901209582265,0.006064831423407722,0.8959999999999866,0.19200000000000728,0.056000000000011596,-0.009806696861856867,146.913,68764.0,0.0072847007705625355,148.368,65826.0,-0.00247189489367472,147.295,63359.0,0.00466886404566913,147.832,62199.0,69989.6,0.9149216455016173
2025-08-26 00:00:00+00:00,147.691,147.899,146.981,147.417,76556.0,-0.002166011222645592,-0.00216836041782233,0.006930037333511189,147.546,147.5491,147.78675,146.86616,,147.58717428937814,147.46321858714703,50.504276777735264,-0.16186270791569884,0.12395570223111463,0.2256319428040592,-0.10167624057294458,149.56445056977873,147.78675,146.0090494302213,3.555401139557432,0.3960032959751945,1.1390714285714287,47.2287275565965,44.834764506895795,0.006227232951423556,-0.0018586730160022311,0.2740000000000009,0.2079999999999984,0.43600000000000705,0.00560876164805002,147.737,64035.0,-0.009806696861856867,146.913,68764.0,0.0072847007705625355,148.368,65826.0,-0.001163482872449828,147.66,65220.0,70223.45,1.0901771416813044
2025-08-27 00:00:00+00:00,147.311,148.174,147.283,147.413,66214.0,-2.7133912642307578e-05,-2.7134280773574463e-05,0.006698658396196342,147.56959999999998,147.5531,147.68375,146.91272,,147.5603782448584,147.4594986918028,51.793663262634205,-0.4860496985816792,0.10087955305561991,0.20068146485437136,-0.09980191179875145,149.27947532592285,147.68375,146.08802467407716,3.1914506518456847,0.41516397101631136,1.1300000000000014,47.07259953161638,51.34009888108259,0.006044243045050433,0.0006919335472448417,0.10200000000000387,0.7609999999999957,0.02800000000002001,-0.002166011222645592,147.417,76556.0,0.00560876164805002,147.737,64035.0,-0.009806696861856867,146.913,68764.0,-0.00247189489367472,147.295,63359.0,69571.05,0.9517464520084143
2025-08-28 00:00:00+00:00,147.359,147.482,146.653,146.926,74549.0,-0.0033036435049828006,-0.003309112583766501,0.006377805431469231,147.2812,147.4706,147.4946,146.94425999999999,,147.46278159180326,147.41998027018778,45.202418506834796,-0.61756370105318,0.04280132161548522,0.16910543620659413,-0.1263041145911089,148.26259188592329,147.4946,146.7266081140767,1.5359837718465883,0.12981379724056458,1.1047857142857171,28.064012490241637,40.78844652615151,0.005642296121857315,-0.002947061786205445,0.43300000000002115,0.12299999999999045,0.27299999999999613,-2.7133912642307578e-05,147.413,66214.0,-0.002166011222645592,147.417,76556.0,0.00560876164805002,147.737,64035.0,0.0072847007705625355,148.368,65826.0,68962.3,1.0810109291598453
2025-08-29 00:00:00+00:00,146.698,147.4,146.691,146.97,66778.0,0.00029947048173917246,0.00029942564940487306,0.004005426797252969,147.2926,147.4531,147.476,146.96258,,147.38696903921814,147.386648398322,41.89547038327519,-0.27345578905226303,0.000320640896148916,0.1353484771445051,-0.13502783624835618,148.27686847596306,147.476,146.67513152403694,1.6017369519261138,0.18409294710250187,1.0910714285714331,29.781420765027388,34.97267759562847,0.004824113764713909,0.0018507178335714185,0.27199999999999136,0.4300000000000068,0.007000000000005002,-0.0033036435049828006,146.926,74549.0,-2.7133912642307578e-05,147.413,66214.0,-0.002166011222645592,147.417,76556.0,-0.009806696861856867,146.913,68764.0,67182.0,0.9939864844750081
2025-09-01 00:00:00+00:00,147.042,147.374,146.778,147.168,55446.0,0.0013472137170851273,0.001346307038920193,0.003994338283128108,147.1788,147.3867,147.48155,146.98436,,147.35328149472303,147.3704522206685,45.26063003249052,-0.3945827777815368,-0.017170725945476306,0.10484463652650881,-0.12201536247198512,148.27165871337385,147.48155,146.69144128662614,1.5802174267477085,0.30157793814151346,1.0665000000000049,37.50975800156161,31.78506375227688,0.004049793433355102,0.0008561643835616762,0.12600000000000477,0.20599999999998886,0.26400000000001,0.00029947048173917246,146.97,66778.0,-0.0033036435049828006,146.926,74549.0,-2.7133912642307578e-05,147.413,66214.0,0.00560876164805002,147.737,64035.0,67394.55,0.8227074741206818
2025-09-02 00:00:00+00:00,147.075,148.934,147.038,148.329,88708.0,0.007888943248532287,0.00785798823074903,0.004306410391939802,147.3612,147.4536,147.5201,147.0532,,147.50339203399642,147.44145575987827,56.14870079753034,0.8046484759930663,0.06193627411815328,0.09626296404483772,-0.034326689926684445,148.3964435759791,147.5201,146.64375642402092,1.7526871519581846,0.9615199005117673,1.1248571428571463,77.81444811147823,48.36854229268908,0.012782395890216926,0.008454179560301889,1.254000000000019,0.6049999999999898,0.03699999999997772,0.0013472137170851273,147.168,55446.0,0.00029947048173917246,146.97,66778.0,-0.0033036435049828006,146.926,74549.0,-0.002166011222645592,147.417,76556.0,69524.65,1.2759215616331763
2025-09-03 00:00:00+00:00,148.279,149.129,147.871,148.095,72786.0,-0.0015775741763243145,-0.0015788198567397644,0.004308317451655999,147.4976,147.53359999999998,147.55795,147.11176,,147.5944086441508,147.48986644433174,52.254259501965876,0.17790464851994509,0.10454219981906476,0.09791881119968313,0.006623388619381637,148.46599508930586,147.55795,146.64990491069415,1.8160901786117165,0.7957176941568692,1.0900000000000014,59.59359124658098,58.305932453206935,0.0084945474188864,-0.0012424457274046897,0.1839999999999975,0.8499999999999943,0.22399999999998954,0.007888943248532287,148.329,88708.0,0.0013472137170851273,147.168,55446.0,0.00029947048173917246,146.97,66778.0,-2.7133912642307578e-05,147.413,66214.0,70356.6,1.0345298095701043
2025-09-04 00:00:00+00:00,148.026,148.778,147.783,148.456,54059.0,0.0024376244977886152,0.0024346583105151116,0.00431681057436611,147.80360000000002,147.5424,147.62380000000002,147.19394,,147.72696116043528,147.56143189289975,58.87610020311429,0.5390762562643859,0.16552926753553265,0.11144090246685304,0.05408836506867962,148.5928845598876,147.62380000000002,146.65471544011243,1.938169119775182,0.9293742953125282,1.0804285714285717,73.70066432200069,70.3695678933533,0.0067023225736919,0.0028964811122486017,0.4299999999999784,0.32200000000000273,0.24300000000002342,-0.0015775741763243145,148.095,72786.0,0.007888943248532287,148.329,88708.0,0.0013472137170851273,147.168,55446.0,-0.0033036435049828006,146.926,74549.0,68975.85,0.7837380764426969
2025-09-05 00:00:00+00:00,148.472,148.515,146.819,147.365,48079.0,-0.00734897882200769,-0.007376115600352696,0.004586582060756713,147.8826,147.5876,147.60925,147.24872000000002,,147.67127482806063,147.54688138231458,47.00218256515609,0.04752367697479318,0.12439344574605116,0.11403141112269267,0.010362034623358482,148.58501418095977,147.60925,146.63348581904023,1.951528361919543,0.3748416857443224,1.1370000000000005,31.066822977726325,54.787026182102665,0.011508838598038869,-0.007511960099073723,1.1069999999999993,0.042999999999977945,0.5460000000000207,0.0024376244977886152,148.456,54059.0,-0.0015775741763243145,148.095,72786.0,0.007888943248532287,148.329,88708.0,0.00029947048173917246,146.97,66778.0,67546.3,0.7117932440414945
2025-09-08 00:00:00+00:00,148.116,148.575,147.339,147.518,44303.0,0.0010382383876768042,0.0010376997909642667,0.004528918624144138,147.9526,147.56570000000002,147.5785,147.3194,,147.64769408528207,147.54474202066166,49.08622908622911,-0.5728998166720549,0.10295206462041051,0.11181554182223626,-0.008863477201825745,148.52303006973497,147.5785,146.633969930265,1.8890601394699615,0.4679734918248999,1.1776428571428568,37.04572098476,47.27106942816234,0.008378638539025679,-0.004053742594124196,0.5980000000000132,0.45899999999997476,0.17900000000000205,-0.00734897882200769,147.365,48079.0,0.0024376244977886152,148.456,54059.0,-0.0015775741763243145,148.095,72786.0,0.0013472137170851273,147.168,55446.0,66724.2,0.6639719921707566
2025-09-09 00:00:00+00:00,147.286,147.553,146.31,147.398,44708.0,-0.0008134600523326263,-0.0008137910904973869,0.004512144126243753,147.7664,147.5638,147.55644999999998,147.4001,,147.60927961062328,147.5338722413534,50.68438538205986,0.3301273542844984,0.07540736926986824,0.10453390731176267,-0.029126538041894426,148.49595120584883,147.55644999999998,146.61694879415114,1.8790024116976838,0.4156733386750538,1.1988571428571422,38.59524654132665,35.569263501270996,0.008432950243558224,0.0007598474877542081,0.11199999999999477,0.15500000000000114,0.9759999999999991,0.0010382383876768042,147.518,44303.0,-0.00734897882200769,147.365,48079.0,0.0024376244977886152,148.456,54059.0,0.007888943248532287,148.329,88708.0,65120.4,0.6865436944490513
2025-09-10 00:00:00+00:00,147.233,147.644,147.106,147.45,39880.0,0.00035278633360014133,0.0003527241191333995,0.004456711480367807,147.6374,147.5675,147.56029999999998,147.47802,,147.58477505514276,147.52765948273463,42.942804428044184,-0.19426413153103567,0.05711557240812226,0.0950502403310346,-0.037934667922912335,148.49726353914448,147.56029999999998,146.62333646085548,1.8739270782890003,0.4411396519758361,1.1534285714285732,40.4398722951398,38.69361327374215,0.0036486944727026852,0.0014716853170565246,0.21699999999998454,0.19400000000001683,0.12700000000000955,-0.0008134600523326263,147.398,44708.0,0.0010382383876768042,147.518,44303.0,-0.00734897882200769,147.365,48079.0,-0.0015775741763243145,148.095,72786.0,63704.6,0.6260144479362558
2025-09-11 00:00:00+00:00,147.348,148.185,146.985,147.217,40168.0,-0.001580196676839396,-0.0015814465044306073,0.004429192356183344,147.3896,147.5966,147.5336,147.52464,,147.5281942774285,147.50464766919873,52.877697841726665,-0.13566956321183354,0.023546608229764843,0.08074951391078065,-0.05720290568101581,148.47808635999283,147.5336,146.58911364000718,1.8889727199856452,0.33239567377002677,1.0820714285714286,32.17452997516901,37.06988293721182,0.008151232534286044,-0.0008898428849929031,0.13100000000000023,0.8369999999999891,0.23199999999999932,0.00035278633360014133,147.45,39880.0,-0.0008134600523326263,147.398,44708.0,0.0010382383876768042,147.518,44303.0,0.0024376244977886152,148.456,54059.0,61505.6,0.6530787440493223
2025-09-12 00:00:00+00:00,147.124,148.068,147.115,147.632,36559.0,0.002818967918107207,0.0028150020793455085,0.004376030971282197,147.44299999999998,147.6628,147.55795,147.58896000000001,,147.54416438859334,147.514081175184,48.922634927149694,0.14856220279079463,0.03008321340934117,0.07061625381049276,-0.04053304040115159,148.48520661581944,147.55795,146.63069338418057,1.8545132316388617,0.5399296153495549,1.0684285714285713,46.896062433487344,39.83682156793205,0.006455240056356365,0.003440988403598202,0.5080000000000098,0.43600000000000705,0.00899999999998613,-0.001580196676839396,147.217,40168.0,0.00035278633360014133,147.45,39880.0,-0.0008134600523326263,147.398,44708.0,-0.00734897882200769,147.365,48079.0,59909.8,0.6102340518579598
2025-09-15 00:00:00+00:00,147.501,147.794,147.231,147.399,36678.0,-0.0015782486181857847,-0.0015794953644926168,0.004259741808193077,147.4192,147.6859,147.53629999999998,147.6171,,147.52183140573283,147.5055566436889,49.81195152528207,0.3219307678695488,0.016274762043934743,0.05974795545718116,-0.043473193413246417,148.45681017890928,147.53629999999998,146.6157898210907,1.8410203578185929,0.425421791553317,1.043071428571429,38.630720113515544,39.23377084072396,0.0038195645832062404,-0.0006919992672949197,0.10200000000000387,0.29300000000000637,0.16800000000000637,0.002818967918107207,147.632,36559.0,-0.001580196676839396,147.217,40168.0,0.00035278633360014133,147.45,39880.0,0.0010382383876768042,147.518,44303.0,58633.75,0.6255441618521755
2025-09-16 00:00:00+00:00,147.342,147.537,146.278,146.447,52707.0,-0.006458659828085689,-0.006479607214882884,0.004485411794277975,147.22899999999998,147.49769999999998,147.47565,147.61524,,147.35647272792778,147.42714504045267,41.576560865015594,-0.35585493638157184,-0.07067231252489137,0.033663901860766655,-0.10433621438565802,148.51412707827723,147.47565,146.43717292172278,2.07695415655445,0.004731485404342595,1.0693571428571431,5.927744651000042,30.484842399334312,0.008596966820761194,-0.0061114259766332545,0.8950000000000102,0.19499999999999318,0.16900000000001114,-0.0015782486181857847,147.399,36678.0,0.002818967918107207,147.632,36559.0,-0.001580196676839396,147.217,40168.0,-0.0008134600523326263,147.398,44708.0,58008.1,0.9086144865975614
2025-09-17 00:00:00+00:00,146.443,147.048,145.482,146.969,43130.0,0.003564429452293183,0.0035580919289381232,0.004541592751975184,147.1328,147.38510000000002,147.45935,147.629,,147.29686153901582,147.39320837078952,50.37268157392968,-0.13521961295934734,-0.09634683177370107,0.00766175513387311,-0.10400858690757418,148.5197680456692,147.45935,146.3989319543308,2.12083609133839,0.2687940138313269,1.1219999999999999,40.77323827803669,28.443901014184092,0.010655308262286622,0.003578986044675966,0.525999999999982,0.07900000000000773,0.9610000000000127,-0.006458659828085689,146.447,52707.0,-0.0015782486181857847,147.399,36678.0,0.002818967918107207,147.632,36559.0,0.00035278633360014133,147.45,39880.0,56996.65,0.7567111400406866
2025-09-18 00:00:00+00:00,146.93,148.265,146.77,147.989,52214.0,0.00694023909804109,0.0069162664918384666,0.004512670977047164,147.2872,147.3384,147.4404,147.66418,,147.40334437916724,147.43734108406437,57.55374351371397,-0.22922017946591927,-0.03399670489713458,-0.0006699368723284277,-0.03332676802480615,148.44449821285298,147.4404,146.43630178714704,2.0081964257059326,0.773180448375286,1.1781428571428552,68.74143131340858,38.48080474748178,0.010102102183270217,0.007155937265607562,1.0589999999999975,0.27599999999998204,0.1599999999999966,0.003564429452293183,146.969,43130.0,-0.006458659828085689,146.447,52707.0,-0.0015782486181857847,147.399,36678.0,-0.001580196676839396,147.217,40168.0,56316.05,0.9271601967822671
2025-09-19 00:00:00+00:00,147.906,148.281,147.196,147.951,44249.0,-0.0002567758414477872,-0.000256808814008655,0.003896772631798747,147.35100000000003,147.397,147.4923,147.67516,,147.48759909006458,147.47538989265217,55.94533029612751,-0.09723488301428505,0.012209197412403228,0.0019058899846179033,0.010303307427785324,148.48889443263536,147.4923,146.49570556736464,1.9931888652707244,0.7301337359406181,1.2130714285714268,67.69947902385522,59.071382871766836,0.007333509067191219,0.00030415475393871956,0.044999999999987494,0.3300000000000125,0.710000000000008,0.00694023909804109,147.989,52214.0,0.003564429452293183,146.969,43130.0,-0.006458659828085689,146.447,52707.0,0.002818967918107207,147.632,36559.0,55090.3,0.8032085503255564
2025-09-22 00:00:00+00:00,147.856,148.375,147.657,147.726,40539.0,-0.0015207737696939505,-0.001521931319853375,0.0037130510389811063,147.41639999999998,147.4178,147.49175,147.67610000000002,,147.52427615313158,147.49395360430756,44.66277217206573,-0.49172818882361763,0.030322548824017304,0.007589221752497784,0.02273332707151952,148.48778780841462,147.49175,146.49571219158537,1.9920756168292542,0.6175909177448062,1.12892857142857,61.53002467781752,65.99031167169377,0.004860349566088497,-0.0008800075816037492,0.12999999999999545,0.5190000000000055,0.0689999999999884,-0.0002567758414477872,147.951,44249.0,0.00694023909804109,147.989,52214.0,0.003564429452293183,146.969,43130.0,-0.0015782486181857847,147.399,36678.0,53915.5,0.751898804610919
2025-09-23 00:00:00+00:00,147.674,147.927,147.46,147.647,39280.0,-0.000534773838051561,-0.000534916880579701,0.00368067738749086,147.65640000000002,147.4427,147.50325,147.6524,,147.54315674495749,147.50529037435888,45.92282489989068,0.1913615851796439,0.03786637059860709,0.013644651521719646,0.024221719076887444,148.50096357033118,147.50325,146.50553642966884,1.9954271406623434,0.5720397137388178,1.0724285714285702,65.6856796116504,64.97172777110772,0.0031629494673104403,-0.00018286859875253297,0.027000000000015234,0.2529999999999859,0.1869999999999834,-0.0015207737696939505,147.726,40539.0,-0.0002567758414477872,147.951,44249.0,0.00694023909804109,147.989,52214.0,-0.006458659828085689,146.447,52707.0,52051.7,0.7546343347095292
2025-09-24 00:00:00+00:00,147.574,148.914,147.516,148.896,36610.0,0.00845936592006602,0.008423785999078302,0.004129019091936251,148.0418,147.5873,147.57739999999998,147.67488,,147.7512864765025,147.60830590218416,53.44719523660296,0.934123293428589,0.14298057431832945,0.03951183608104161,0.10346873823728783,148.75168112836022,147.57739999999998,146.40311887163975,2.34856225672047,1.061449881188713,1.1012142857142837,99.47552447552445,75.56374292166413,0.009389103803997396,0.00887868042123344,1.3219999999999743,0.018000000000000682,0.058000000000021146,-0.000534773838051561,147.647,39280.0,-0.0015207737696939505,147.726,40539.0,-0.0002567758414477872,147.951,44249.0,0.003564429452293183,146.969,43130.0,50571.5,0.7239255311786282
2025-09-25 00:00:00+00:00,148.839,149.926,148.559,149.787,45687.0,0.005984042553191626,0.005966209278570921,0.004199369325553943,148.4014,147.84429999999998,147.72045,147.70118,,148.06447317242518,147.76969065017053,69.58912973147851,1.6207818287900855,0.29478252225464985,0.09056597331576327,0.20421654893888658,149.21420478506238,147.72045,146.22669521493762,2.9875095701247574,1.1917300016929178,1.0777142857142832,96.87218721872227,87.34446376863237,0.009126292668923138,0.006328987161769763,0.9480000000000075,0.13899999999998158,0.28000000000000114,0.00845936592006602,148.896,36610.0,-0.000534773838051561,147.647,39280.0,-0.0015207737696939505,147.726,40539.0,0.00694023909804109,147.989,52214.0,49128.4,0.9299509041613404
2025-09-26 00:00:00+00:00,149.787,149.954,149.405,149.498,43494.0,-0.0019294064237885822,-0.0019312701259744725,0.004247486546957375,148.7108,148.0309,147.84685000000002,147.71496,,148.28501576128284,147.89771356497272,65.66951566951556,1.3889454052221104,0.38730219631011664,0.14991321791463397,0.23738897839548267,149.49325984537552,147.84685000000002,146.20044015462452,3.292819690751003,1.0014395427231517,1.0286428571428559,89.80322003577781,95.38364391000817,0.003672289930300115,-0.001933136229247319,0.2890000000000157,0.1670000000000016,0.09299999999998931,0.005984042553191626,149.787,45687.0,0.00845936592006602,148.896,36610.0,-0.000534773838051561,147.647,39280.0,-0.0002567758414477872,147.951,44249.0,47964.2,0.9068013226531455
2025-09-29 00:00:00+00:00,149.406,149.514,148.468,148.585,39269.0,-0.006107105111773925,-0.006125829752688975,0.004520893786137264,148.88259999999997,148.1495,147.91770000000002,147.74104,,148.33116718262394,147.94862367127104,58.346224159752595,0.9292405089086144,0.38254351135290676,0.19643927660228855,0.1861042347506182,149.56306313061313,147.91770000000002,146.27233686938692,3.2907262612262116,0.7027819839840855,1.0145714285714291,69.38729874776392,85.354235334088,0.007039741562068988,-0.005525456809233758,0.820999999999998,0.10800000000000409,0.11700000000001864,-0.0019294064237885822,149.498,43494.0,0.005984042553191626,149.787,45687.0,0.00845936592006602,148.896,36610.0,-0.0015207737696939505,147.726,40539.0,47155.35,0.8327581069804381
2025-09-30 00:00:00+00:00,148.585,148.843,147.651,147.925,42886.0,-0.0044419019416495065,-0.004451796499387513,0.00429370197392338,148.9382,148.2973,147.89749999999998,147.7683,,148.26867992375873,147.9468737696954,53.0768234227233,0.19846645713666847,0.32180615406332436,0.22151265209449572,0.10029350196882864,149.5314824775205,147.89749999999998,146.26351752247945,3.267964955041066,0.508415022920491,1.0612857142857126,54.62880143112718,71.27310673822298,0.00805813756971424,-0.004461720466452571,0.6599999999999966,0.25799999999998136,0.2740000000000009,-0.006107105111773925,148.585,39269.0,-0.0019294064237885822,149.498,43494.0,0.005984042553191626,149.787,45687.0,-0.000534773838051561,147.647,39280.0,44864.25,0.9559058716015536
2025-10-01 00:00:00+00:00,147.812,148.224,146.589,147.07,47539.0,-0.005779956058813762,-0.005796724650535589,0.004467692750667642,148.573,148.3074,147.84625,147.78125999999997,,148.08426762779584,147.88192015712536,49.118810694161255,-0.22320368523531892,0.20234747067047465,0.2176796158096915,-0.015332145139216852,149.51801161420786,147.84625,146.17448838579213,3.3435232284157337,0.2678347219475379,1.0923571428571413,35.50983899821089,53.17531305903399,0.011117155096212626,-0.005045216563541298,0.7420000000000186,0.4119999999999777,0.48099999999999454,-0.0044419019416495065,147.925,42886.0,-0.006107105111773925,148.585,39269.0,-0.0019294064237885822,149.498,43494.0,0.00845936592006602,148.896,36610.0,43601.9,1.09029652377534
2025-10-02 00:00:00+00:00,147.031,147.514,146.598,147.246,38667.0,0.0011967090501123767,0.0011959935645988369,0.00443562264021289,148.06480000000002,148.23309999999998,147.78575,147.78655999999998,,147.9553033773657,147.83481496030126,47.617872130338235,0.5455898721039055,0.12048841706445046,0.1982413760606433,-0.07775295899619283,149.4521699098041,147.78575,146.11933009019592,3.332839819608182,0.338051022787092,1.0897142857142836,39.445438282647736,43.19469290399527,0.006220882061312339,0.0014601415318582739,0.2150000000000034,0.2680000000000007,0.4329999999999927,-0.005779956058813762,147.07,47539.0,-0.0044419019416495065,147.925,42886.0,-0.006107105111773925,148.585,39269.0,0.005984042553191626,149.787,45687.0,42832.3,0.9027532959939111
2025-10-03 00:00:00+00:00,147.215,147.813,147.066,147.481,36593.0,0.0015959686511006765,0.0015946964465522078,0.0041391019448645166,147.66140000000001,148.18609999999998,147.79155,147.78326,,147.88233362700174,147.80860644472338,50.50592300098713,0.34837278609774885,0.07372718227836117,0.17333853730418686,-0.09961135502582569,149.45260273847703,147.79155,146.13049726152298,3.32210547695405,0.40652012642153035,1.1028571428571385,44.70035778175294,39.885211687537186,0.005065059227968251,0.0018036221614987093,0.26599999999999113,0.33199999999999363,0.1490000000000009,0.0011967090501123767,147.246,38667.0,-0.005779956058813762,147.07,47539.0,-0.0044419019416495065,147.925,42886.0,-0.0019294064237885822,149.498,43494.0,42258.0,0.8659425434237304
2025-10-06 00:00:00+00:00,149.439,150.474,149.004,150.355,54018.0,0.019487255985516816,0.01929981069481951,0.006006208688411762,148.0154,148.449,147.9334,147.82075999999998,,148.26274383823224,147.99722818955868,69.48932774785544,1.5987674759610413,0.26551564867355637,0.19177395957806076,0.07374168909549561,149.94388435117457,147.9334,145.92291564882544,4.020968702349137,1.1022429367791977,1.22671428571428,97.6161858974359,60.58732732061219,0.009776861427953835,0.006092248345582102,0.9159999999999968,0.11899999999999977,0.4350000000000023,0.0015959686511006765,147.481,36593.0,0.0011967090501123767,147.246,38667.0,-0.005779956058813762,147.07,47539.0,-0.006107105111773925,148.585,39269.0,42743.75,1.2637637081444655
2025-10-07 00:00:00+00:00,150.266,152.044,150.201,151.882,41760.0,0.010155964218017566,0.01010473894946357,0.006327062787134594,148.8068,148.8725,148.1576,147.8905,,148.8195524785042,148.2849890644062,72.26905992203781,2.6569607505187607,0.5345634140979882,0.26033185048204627,0.274231563615942,150.81324744013918,148.1576,145.50195255986083,5.3112948802783535,1.2012225989992134,1.2464999999999955,97.03024747937661,79.78226371952182,0.012134420141952422,0.010639838822243675,1.6160000000000139,0.16200000000000614,0.06499999999999773,0.019487255985516816,150.355,54018.0,0.0015959686511006765,147.481,36593.0,0.0011967090501123767,147.246,38667.0,-0.0044419019416495065,147.925,42886.0,42596.35,0.98036568860947
2025-10-08 00:00:00+00:00,151.877,152.997,151.736,152.689,48573.0,0.005313335352444604,0.005299269388949225,0.006376004802994026,149.9306,149.2518,148.41955000000002,147.95482,,149.41485209719585,148.6112120966724,71.7230541689775,3.3595981749996575,0.8036400005234441,0.3689934804903259,0.4346465200331182,151.73330865302958,148.41955000000002,145.10579134697045,6.627517306059133,1.14420050568509,1.2297857142857131,95.19350811485612,96.6133138305562,0.00825861718918864,0.005317999331975345,0.8119999999999834,0.30800000000002115,0.14100000000001955,0.010155964218017566,151.882,41760.0,0.019487255985516816,150.355,54018.0,0.0015959686511006765,147.481,36593.0,-0.005779956058813762,147.07,47539.0,43031.0,1.1287908716971486
2025-10-09 00:00:00+00:00,152.655,153.23,152.101,153.08,48562.0,0.002560760762072123,0.002557487600896173,0.006328669238108103,151.0974,149.58110000000002,148.71269999999998,148.00224,,149.97872100531958,148.94223342284482,72.95676304717571,3.6797225815627956,1.0364875824747628,0.5024923008872133,0.5339952815875495,152.57110605759232,148.71269999999998,144.85429394240765,7.716812115184666,1.065946136152042,1.2329285714285692,97.74130402047918,96.65501987157063,0.007375228638620268,0.002776326103997984,0.42500000000001137,0.14999999999997726,0.554000000000002,0.005313335352444604,152.689,48573.0,0.010155964218017566,151.882,41760.0,0.019487255985516816,150.355,54018.0,0.0011967090501123767,147.246,38667.0,43450.7,1.1176344684895756
2025-10-10 00:00:00+00:00,152.953,153.272,151.124,151.161,54443.0,-0.01253592892605182,-0.01261516659134793,0.007104513900254617,151.8334,149.74740000000003,148.88915,148.07862,,150.16061008142427,149.1065865026341,63.35017489312081,1.5211960025789915,1.0540235787901793,0.6127985564678066,0.4412250223223727,152.86058035481676,148.88915,144.91771964518324,7.942860709633521,0.7860241521350841,1.3350714285714267,68.41238964536896,87.11573392690143,0.014210014487863907,-0.011854909665852975,1.7920000000000016,0.3189999999999884,0.03700000000000614,0.002560760762072123,153.08,48562.0,0.005313335352444604,152.689,48573.0,0.010155964218017566,151.882,41760.0,0.0015959686511006765,147.481,36593.0,44344.9,1.2277172797773814
2025-10-13 00:00:00+00:00,151.821,152.445,151.719,152.294,54733.0,0.0074953195599394284,0.007467369229835162,0.0072063576066762934,152.2212,150.1183,149.1339,148.18336,,150.48882391505128,149.3426912061427,66.69300955528414,1.673710001535517,1.1461327089085955,0.7194653869559644,0.42666732195263113,153.31638568248746,149.1339,144.95141431751256,8.364971364974906,0.8777777426987617,1.3934285714285701,85.36585365853686,83.83984910812833,0.0047670952237120244,0.003105834766963985,0.4730000000000132,0.15099999999998204,0.10200000000000387,-0.01253592892605182,151.161,54443.0,0.002560760762072123,153.08,48562.0,0.005313335352444604,152.689,48573.0,0.019487255985516816,150.355,54018.0,45247.65,1.2096318814347264
2025-10-14 00:00:00+00:00,152.195,152.613,151.604,151.802,64092.0,-0.0032305934573917394,-0.0032358230906854198,0.007049405701062058,152.2052,150.50600000000003,149.40165,148.26824,,150.69085100504338,149.5248622279099,61.03935572101499,1.541157741240687,1.1659887771334922,0.80877006499147,0.3572187121420223,153.5453366511791,149.40165,145.25796334882088,8.287373302358219,0.7896394204080285,1.3656428571428552,78.00389046835252,77.26071125741944,0.006646816247480179,-0.002588898696986869,0.3930000000000007,0.41800000000000637,0.19799999999997908,0.0074953195599394284,152.294,54733.0,-0.01253592892605182,151.161,54443.0,0.002560760762072123,153.08,48562.0,0.010155964218017566,151.882,41760.0,45816.9,1.3988724684559628
2025-10-15 00:00:00+00:00,151.741,151.874,150.899,151.048,53141.0,-0.0049669964822597334,-0.004979373009072409,0.00719496578214568,151.877,150.9038,149.6056,148.34244,,150.74579700426747,149.6376872480647,54.84069097888671,1.6576370427701275,1.108109756202765,0.8686380032337291,0.239471752969036,153.64537411562395,149.6056,145.56582588437607,8.079548231247884,0.6785248331610261,1.3376428571428554,66.72153224599742,76.6970921242956,0.006454901753085074,-0.004587945553731344,0.693000000000012,0.13299999999998136,0.1490000000000009,-0.0032305934573917394,151.802,64092.0,0.0074953195599394284,152.294,54733.0,-0.01253592892605182,151.161,54443.0,0.005313335352444604,152.689,48573.0,46317.45,1.1473213659214831
2025-10-16 00:00:00+00:00,151.015,151.398,150.211,150.425,59626.0,-0.004124516709919979,-0.004133045989815544,0.007171435267024175,151.346,151.2217,149.7274,148.40816,,150.69644361899554,149.69600671117104,53.46957107567939,1.690045631232043,1.0004369078245077,0.8949977841518849,0.10543912367262276,153.70841406811485,149.7274,145.74638593188513,7.962028136229719,0.5876158672217854,1.3832142857142824,57.39937153972792,67.37493141802595,0.007890975569220431,-0.003922220375602293,0.589999999999975,0.3830000000000098,0.21399999999999864,-0.0049669964822597334,151.048,53141.0,-0.0032305934573917394,151.802,64092.0,0.0074953195599394284,152.294,54733.0,0.002560760762072123,153.08,48562.0,46688.05,1.2771148077505914
2025-10-17 00:00:00+00:00,150.358,150.637,149.378,150.626,70792.0,0.0013362140601629324,0.0013353221206153425,0.0071674462799962415,151.239,151.5362,149.86115,148.46756000000002,,150.68560613915008,149.76489510293615,58.069107298173435,2.417896239885777,0.9207110362139304,0.900140434564294,0.02057060164963631,153.76996192206883,149.86115,145.9523380779312,7.817623844137643,0.5978366336432968,1.3984285714285676,60.407002843034725,61.509302209586686,0.008358450732277393,0.0017792412996428283,0.2680000000000007,0.01099999999999568,0.9800000000000182,-0.004124516709919979,150.425,59626.0,-0.0049669964822597334,151.048,53141.0,-0.0032305934573917394,151.802,64092.0,-0.01253592892605182,151.161,54443.0,48015.2,1.474366450623969
2025-10-20 00:00:00+00:00,150.378,151.201,150.275,150.748,48363.0,0.0008099531289418316,0.0008096252939150177,0.007144572951794752,150.92980000000003,151.5755,150.01225,148.51986,,150.69520519466545,149.83771768790385,61.65661904368639,2.378332857938403,0.8574875067616006,0.8916098490037554,-0.034122342242154824,153.8054673193189,150.01225,146.2190326806811,7.586434638637797,0.596982315810488,1.3794285714285681,62.232530300763074,60.0129682278419,0.00614270172738602,0.0024544272560830297,0.37000000000000455,0.45300000000000296,0.10299999999998022,0.0013362140601629324,150.626,70792.0,-0.004124516709919979,150.425,59626.0,-0.0049669964822597334,151.048,53141.0,0.0074953195599394284,152.294,54733.0,48406.4,0.9991034243405831
2025-10-21 00:00:00+00:00,150.654,152.174,150.469,151.919,52986.0,0.007767930586144001,0.0077379155496250275,0.007288197591711963,150.9532,151.5792,150.22584999999998,148.60146,,150.88348131856307,149.99188674805913,69.51307847082496,3.009201185237432,0.8915945705039405,0.8916067933037926,-1.2222799852024124e-05,153.93853529716583,150.22584999999998,146.51316470283413,7.425370594331696,0.7280222890548427,1.3844285714285698,79.7272999700332,67.45561103794367,0.011223085986611368,0.00832680573200202,1.2650000000000148,0.25499999999999545,0.18500000000000227,0.0008099531289418316,150.748,48363.0,0.0013362140601629324,150.626,70792.0,-0.004124516709919979,150.425,59626.0,-0.0032305934573917394,151.802,64092.0,49091.7,1.0793270552863317
2025-10-22 00:00:00+00:00,151.866,152.044,151.489,151.959,50888.0,0.0002632982049644017,0.0002632635480752973,0.007101500859328769,151.1354,151.5062,150.37900000000002,148.69317999999998,,151.04894573109183,150.13759884079548,69.17568557246312,1.066808553091027,0.9113468902963575,0.8955548127023056,0.01579207759405188,154.11334590904795,150.37900000000002,146.6446540909521,7.468691818095863,0.7115497651371567,1.3586428571428562,78.8430551079602,73.60096179291882,0.0036523009495982917,0.0006120071861488251,0.09299999999998931,0.08500000000000796,0.37700000000000955,0.007767930586144001,151.919,52986.0,0.0008099531289418316,150.748,48363.0,0.0013362140601629324,150.626,70792.0,-0.0049669964822597334,151.048,53141.0,49805.6,1.021732495944231
2025-10-23 00:00:00+00:00,151.932,152.797,151.821,152.586,39222.0,0.004126112964681239,0.004117623903787201,0.007045387704058166,151.5676,151.4568,150.51895,148.78987999999998,,151.28541561861616,150.31896188962543,70.12853875877298,0.46351773087002257,0.9664537289907287,0.9097345959599903,0.05671913303073839,154.36791505433285,150.51895,146.66998494566712,7.69793010866573,0.7685202347671486,1.375,83.92689784442412,80.83241764080584,0.00639639285386601,0.004286107506586612,0.6540000000000248,0.2109999999999843,0.11099999999999,0.0002632982049644017,151.959,50888.0,0.007767930586144001,151.919,52986.0,0.0008099531289418316,150.748,48363.0,-0.004124516709919979,150.425,59626.0,49482.35,0.7926462668001824
2025-10-24 00:00:00+00:00,152.5,153.061,152.267,152.874,40732.0,0.0018874601863865248,0.001885681171603567,0.007014926157819788,152.0172,151.6281,150.68775,148.90446,,151.52981321575214,150.5082239718754,62.47647350173352,0.12116131482949151,1.0215892438767469,0.9321055255433417,0.08948371833340518,154.6428421141714,150.68775,146.7326578858286,7.910184228342814,0.7763842076100447,1.2179285714285726,89.77914740626616,84.18303345288349,0.005193819746981247,0.002446459175530144,0.3739999999999952,0.18700000000001182,0.2330000000000041,0.004126112964681239,152.586,39222.0,0.0002632982049644017,151.959,50888.0,0.007767930586144001,151.919,52986.0,0.0013362140601629324,150.626,70792.0,49344.25,0.8254659864117906
2025-10-27 00:00:00+00:00,153.024,153.254,152.565,152.753,44071.0,-0.0007915014979656965,-0.0007918149006597177,0.006823978772340757,152.41819999999998,151.674,150.89614999999998,149.00288,,151.71799579794413,150.6745036776624,55.01208424444688,-0.21361379670762123,1.0434921202817407,0.9543828444910216,0.08910927579071903,154.8238698032234,150.89614999999998,146.96843019677655,7.855439606446851,0.7363776049498385,1.1354999999999993,86.67180277349756,86.79261600806262,0.004510549710971261,-0.0017741059095403365,0.271000000000015,0.22999999999998977,0.18799999999998818,0.0018874601863865248,152.874,40732.0,0.004126112964681239,152.586,39222.0,0.0002632982049644017,151.959,50888.0,0.0008099531289418316,150.748,48363.0,49584.35,0.8888086664441502
2025-10-28 00:00:00+00:00,152.773,152.822,151.757,152.008,50760.0,-0.004877154622167645,-0.004889086753146296,0.006844274806071966,152.43599999999998,151.69459999999998,151.1003,149.08984,,151.76261182902965,150.77328118302074,46.053089138750536,0.5603297146750871,0.9893306460089093,0.9613724047945993,0.02795824121431001,154.79533513835608,151.1003,147.40526486164393,7.3900702767121516,0.6228269780952397,1.1214999999999975,67.53980482794094,81.3302516692349,0.0070062101994631705,-0.005032629861586142,0.7649999999999864,0.049000000000006594,0.2510000000000048,-0.0007915014979656965,152.753,44071.0,0.0018874601863865248,152.874,40732.0,0.004126112964681239,152.586,39222.0,0.007767930586144001,151.919,52986.0,49978.05,1.0156458685362875
2025-10-29 00:00:00+00:00,152.008,153.059,151.539,152.636,53164.0,0.0041313615072891,0.0041228508656430286,0.006654410185153151,152.57139999999998,151.8534,151.3786,149.19665999999998,,151.89697923994817,150.91126035464882,47.495487364620836,0.22456564276989538,0.9857188852993488,0.9662417008955492,0.01947718440379964,154.60412780829853,151.3786,148.15307219170148,6.451055616597046,0.6949138365456029,1.1494285714285704,83.6671802773499,79.29292929292947,0.009958332241411006,0.0041143635839512695,0.6279999999999859,0.4230000000000018,0.4690000000000225,-0.004877154622167645,152.008,50760.0,-0.0007915014979656965,152.753,44071.0,0.0018874601863865248,152.874,40732.0,0.0002632982049644017,151.959,50888.0,50259.3,1.0577942788697812
2025-10-30 00:00:00+00:00,152.635,154.444,152.162,154.063,56491.0,0.0093490395450615,0.009305607761974529,0.006856952627517069,152.8668,152.2172,151.71945,149.31056,,152.23021320303306,151.14472255060076,67.33158146201626,1.489440191828827,1.0854906524322985,0.9900914912028991,0.0953991612293994,154.51881785909393,151.71945,148.92008214090606,5.598735718187868,0.9185855732369747,1.1589999999999978,92.47927358863008,81.22875289797365,0.014812122313598868,0.00926893543550364,1.4279999999999973,0.3810000000000002,0.47299999999998477,0.0041313615072891,152.636,53164.0,-0.004877154622167645,152.008,50760.0,-0.0007915014979656965,152.753,44071.0,0.004126112964681239,152.586,39222.0,51150.5,1.1044075815485674
2025-10-31 00:00:00+00:00,154.064,154.413,153.654,153.971,46902.0,-0.0005971583053684393,-0.0005973366754029077,0.006886070818503307,153.08620000000002,152.5517,152.04395,149.45172,,152.49802655641258,151.35407643574143,61.4377301868777,1.9351464435146455,1.1439501206711498,1.0208632170965493,0.1230869035746005,154.20690124650062,152.04395,149.88099875349937,4.3259024930012515,0.9454677383777662,1.1214999999999995,90.66324516383766,88.93656634327255,0.00492949971098463,-0.0006040098460098935,0.09299999999998931,0.34900000000001796,0.3170000000000073,0.0093490395450615,154.063,56491.0,0.0041313615072891,152.636,53164.0,-0.004877154622167645,152.008,50760.0,0.0018874601863865248,152.874,40732.0,51665.95,0.907793237131999
2025-11-03 00:00:00+00:00,153.976,154.296,153.906,154.204,35976.0,0.0015132719797883443,0.001512128137563459,0.005551766200954225,153.37640000000002,152.8973,152.2364,149.58106,,152.7604840092722,151.5651818849458,66.98246606334872,2.512215389729098,1.1953021243264175,1.0557509985425229,0.13955112578389461,154.45093213782852,152.2364,150.0218678621715,4.429064275657026,0.94424733477324,1.0772857142857137,95.26253454401933,92.80168443216235,0.002529117273222396,0.0014785608674224315,0.22800000000000864,0.09199999999998454,0.06999999999999318,-0.0005971583053684393,153.971,46902.0,0.0093490395450615,154.063,56491.0,0.0041313615072891,152.636,53164.0,-0.0007915014979656965,152.753,44071.0,50763.85,0.708693292569417
2025-11-04 00:00:00+00:00,154.185,154.481,153.316,153.654,47092.0,-0.003566703846852315,-0.0035730797000526632,0.005235975211329527,153.7056,153.07080000000002,152.325,149.7058,,152.8979480078457,151.71990915272758,68.97204426324998,2.010277110193454,1.1780388551181318,1.0802085698576447,0.0978302852604871,154.62015352083736,152.325,150.02984647916261,4.590307041674748,0.7895231164133912,1.0908571428571423,83.79384675680978,89.90654215488894,0.007581969880380544,-0.0034558163145769452,0.5310000000000059,0.29599999999999227,0.33799999999999386,0.0015132719797883443,154.204,35976.0,-0.0005971583053684393,153.971,46902.0,0.0093490395450615,154.063,56491.0,-0.004877154622167645,152.008,50760.0,51030.45,0.9228215702585417
2025-11-05 00:00:00+00:00,153.624,154.353,152.956,154.09,47709.0,0.002837544092571642,0.0028335258638058337,0.005147018015573278,153.99640000000002,153.2839,152.39505000000003,149.83934,,153.0813406220233,151.89547143771074,77.42852866337387,2.2169448350890315,1.1858691843125655,1.101340692748629,0.0845284915639366,154.8188923150904,152.39505000000003,149.97120768490964,4.8476846301807655,0.849641144031429,1.1058571428571449,92.33784048598882,90.46474059560597,0.00906613018365903,0.0030242066324875604,0.4660000000000082,0.26300000000000523,0.6680000000000064,-0.003566703846852315,153.654,47092.0,0.0015132719797883443,154.204,35976.0,-0.0005971583053684393,153.971,46902.0,0.0041313615072891,152.636,53164.0,50987.25,0.9357045143638851
2025-11-06 00:00:00+00:00,154.077,154.14,152.832,153.059,44098.0,-0.00669089493153352,-0.0067133793189300605,0.005360480172146555,153.7956,153.3312,152.394,149.962,,153.0779036032505,151.98165873862106,66.19624550659036,0.7503998841487808,1.0962448646294263,1.1003215271247884,-0.004076662495362093,154.81661085781903,152.394,149.97138914218098,4.845221715638047,0.6372486212248434,1.1093571428571434,66.19115549215405,80.77428091165088,0.008545724197858295,-0.006651029994969265,1.0180000000000007,0.06299999999998818,0.22700000000000387,0.002837544092571642,154.09,47709.0,-0.003566703846852315,153.654,47092.0,0.0015132719797883443,154.204,35976.0,0.0093490395450615,154.063,56491.0,50764.05,0.8686856151154212
2025-11-07 00:00:00+00:00,152.991,153.588,152.82,153.406,52266.0,0.002267099615181234,0.0022645336223577396,0.00448853829302286,153.6826,153.3844,152.50625,150.09072,,153.12837997198116,152.0871654987232,67.17942088934862,0.9522305358682294,1.041214473257952,1.0885001163514212,-0.047285643093469165,154.89613261107914,152.50625,150.11636738892085,4.779765222158289,0.6882414633733269,1.09807142857143,73.20538384845493,77.2447932755326,0.005006323090361528,0.0027052396907551986,0.41499999999999204,0.18199999999998795,0.1710000000000207,-0.00669089493153352,153.059,44098.0,0.002837544092571642,154.09,47709.0,-0.003566703846852315,153.654,47092.0,-0.0005971583053684393,153.971,46902.0,50655.2,1.0317993019472829
2025-11-10 00:00:00+00:00,153.656,154.249,153.421,154.124,46833.0,0.004680390597499473,0.004669471626205261,0.0043062246268663895,153.6666,153.5215,152.59775,150.22984,,153.28155228398407,152.2380421284474,65.137992585473,1.0079561689801044,1.0435101555366657,1.0795021241884701,-0.03599196865180443,155.09129660758768,152.59775,150.1042033924123,4.987093215175378,0.8060399984816269,1.0364999999999998,88.0681818181818,75.82157371959693,0.005372297630479373,0.0030365160520100004,0.4679999999999893,0.125,0.23500000000001364,0.002267099615181234,153.406,52266.0,-0.00669089493153352,153.059,44098.0,0.002837544092571642,154.09,47709.0,0.0015132719797883443,154.204,35976.0,50260.2,0.9318108563037951
2025-11-11 00:00:00+00:00,154.036,154.492,153.668,154.145,38003.0,0.00013625392541083414,0.00013624464368784377,0.00421314278048942,153.7648,153.73520000000002,152.7149,150.34616,,153.41439039414038,152.3792982670809,65.04680616740097,0.8314036395986336,1.035092127059471,1.0706201247626703,-0.035527997703199254,155.27041876698695,152.7149,150.15938123301305,5.111037533973899,0.7798062018707361,1.0557142857142838,88.24923806298749,83.17426790987473,0.005345616140646689,0.0007071264069545484,0.10900000000000887,0.34699999999998,0.367999999999995,0.004680390597499473,154.124,46833.0,0.002267099615181234,153.406,52266.0,-0.00669089493153352,153.059,44098.0,-0.003566703846852315,153.654,47092.0,48955.75,0.7762724501207723
2025-11-12 00:00:00+00:00,154.101,155.046,154.044,154.808,46798.0,0.004301145025787267,0.004291921539763596,0.004055129695498062,153.90839999999997,153.9524,152.9029,150.48041999999998,,153.62879187196492,152.559202099149,65.21917808219175,1.3453090937657572,1.069589772815931,1.0704140543733225,-0.0008242815573915596,155.49504781092543,152.9029,150.31075218907455,5.184295621850879,0.8674751864014754,1.0575714285714253,93.21357285429144,89.84366424515356,0.006472533719187518,0.004566947444576467,0.7069999999999936,0.23799999999999955,0.05699999999998795,0.00013625392541083414,154.145,38003.0,0.004680390597499473,154.124,46833.0,0.002267099615181234,153.406,52266.0,0.002837544092571642,154.09,47709.0,48638.6,0.9621576278922502
2025-11-13 00:00:00+00:00,154.745,155.008,154.127,154.525,53927.0,-0.0018280709007285623,-0.0018297438615091231,0.0039257461809336786,154.2016,153.99859999999998,153.10790000000003,150.6018,,153.7666700455088,152.70481675847128,61.31596984235791,1.6558339034787615,1.0618532870375077,1.0687019009061596,-0.006848613868651876,155.51696462739147,153.10790000000003,150.69883537260858,4.818129254782889,0.7941183029893275,1.0637857142857103,85.14399771884842,88.86893621204244,0.005701342824785635,-0.001423717845008891,0.21999999999999886,0.26300000000000523,0.39799999999999613,0.004301145025787267,154.808,46798.0,0.00013625392541083414,154.145,38003.0,0.004680390597499473,154.124,46833.0,-0.00669089493153352,153.059,44098.0,48353.65,1.1152622397688696
2025-11-14 00:00:00+00:00,154.509,154.762,153.616,154.525,53988.0,0.0,0.0,0.003937395901394409,154.42540000000002,154.054,153.30284999999998,150.745,,153.8833361923536,152.83964514673266,62.35015333147499,1.2375848423700897,1.0436910456209318,1.0636997298491142,-0.02000868422818236,155.4867768616058,153.30284999999998,151.11892313839417,4.367853723211624,0.7798056156288579,1.0964285714285669,85.14399771884842,87.83385609732943,0.007416275683546265,0.00010354311600077368,0.016000000000019554,0.23699999999999477,0.8929999999999723,-0.0018280709007285623,154.525,53927.0,0.004301145025787267,154.808,46798.0,0.00013625392541083414,154.145,38003.0,0.002267099615181234,153.406,52266.0,47513.45,1.1362677305057831
2025-11-17 00:00:00+00:00,154.501,155.301,154.416,155.246,47412.0,0.004665911664779143,0.004655060041000382,0.0040066565977701606,154.6498,154.15820000000002,153.52775,150.89956,,154.09297677814536,153.0178936543821,72.64335664335671,0.7678676904902678,1.0750831237632497,1.0659764086319412,0.009106715131308452,155.52207203227618,153.52775,151.5334279677238,3.988644064552375,0.9307854930627515,1.0835714285714235,98.538011695907,89.60866904453462,0.0057006299679218195,0.004798835396725226,0.7450000000000045,0.0549999999999784,0.08500000000000796,0.0,154.525,53988.0,-0.0018280709007285623,154.525,53927.0,0.004301145025787267,154.808,46798.0,0.004680390597499473,154.124,46833.0,47465.9,0.9988644479510553
2025-11-18 00:00:00+00:00,155.17,155.732,154.818,155.517,59089.0,0.0017456166342448842,0.0017440948162777943,0.0037255650159198255,154.9242,154.34449999999998,153.70765,151.06194,,154.3120572738153,153.20301264294642,71.20565287796268,1.004085184872471,1.1090446308688797,1.0745900530793289,0.034454577789550855,155.73971042958243,153.70765,151.67558957041757,4.064120859164859,0.9452008349898827,1.0402857142857076,93.97759103641445,92.55320015038996,0.0058771709845225105,0.0022312673212575374,0.3470000000000084,0.2150000000000034,0.35199999999997544,0.004665911664779143,155.246,47412.0,0.0,154.525,53988.0,-0.0018280709007285623,154.525,53927.0,0.00013625392541083414,154.145,38003.0,47771.05,1.23692068732004
2025-11-19 00:00:00+00:00,155.444,157.181,155.212,157.158,50474.0,0.010551901078338588,0.010496618322219847,0.0042640764608782595,155.3942,154.65130000000002,153.9676,151.25609999999998,,154.74989461630523,153.49597466939483,72.08505779934357,1.915644211563889,1.2539199469104005,1.1104560318455432,0.14346391506485734,156.35659621290282,153.9676,151.5786037870972,4.777992425805621,1.1677281409591282,1.0179285714285677,99.47259802797467,97.32940025343204,0.012528792679978255,0.010906221764084545,1.7139999999999986,0.023000000000024556,0.23199999999999932,0.0017456166342448842,155.517,59089.0,0.004665911664779143,155.246,47412.0,0.0,154.525,53988.0,0.004301145025787267,154.808,46798.0,47750.35,1.057039372486275
2025-11-20 00:00:00+00:00,157.108,157.89,156.883,157.45,58760.0,0.0018580027742780558,0.0018562788221983028,0.004225925102875976,155.9792,155.0904,154.2108,151.46076000000002,,155.16529544456594,153.78886543462482,74.13625641737192,2.4704856365600585,1.3764300099411173,1.163650827464658,0.21277918247645933,156.96932955490126,154.2108,151.45227044509875,5.517059109802517,1.0871243964460495,1.0356428571428506,91.32149901380674,94.92389602606528,0.006395681168624812,0.0021721181327404547,0.34199999999998454,0.4399999999999977,0.22499999999999432,0.010551901078338588,157.158,50474.0,0.0017456166342448842,155.517,59089.0,0.004665911664779143,155.246,47412.0,-0.0018280709007285623,154.525,53927.0,48727.25,1.2058960848395919
2025-11-21 00:00:00+00:00,157.464,157.541,156.2,156.353,59319.0,-0.006967291203556547,-0.0069916761074058755,0.00463583461138515,156.3448,155.3851,154.38475,151.63518,,155.34801922232504,153.97880132835633,63.31309627059849,1.4686222337594945,1.3692178939687096,1.2047642407654684,0.16445365320324123,157.22587171139287,154.38475,151.54362828860712,5.682243422785746,0.8463860756312105,1.1035714285714238,69.68441814595701,86.82617172924614,0.008576746208899146,-0.007105715912070699,1.11099999999999,0.07699999999999818,0.15300000000002,0.0018580027742780558,157.45,58760.0,0.010551901078338588,157.158,50474.0,0.0017456166342448842,155.517,59089.0,0.0,154.525,53988.0,49656.6,1.1945844056983361
2025-11-24 00:00:00+00:00,156.301,157.187,156.286,156.913,39311.0,0.0035816389835821028,0.003575240188907815,0.004643266201646659,156.6782,155.664,154.59275,151.82546,,155.5887854958135,154.1961493781077,70.16458359113989,2.5179832613567403,1.3926361177058197,1.2423386161535388,0.15029750155228094,157.5380774234929,154.59275,151.6474225765071,5.890654846985797,0.8938865983952989,1.0847142857142822,80.7297830374758,80.57856673241318,0.005742035395410261,0.0039002504572599028,0.6120000000000232,0.2740000000000009,0.014999999999986358,-0.006967291203556547,156.353,59319.0,0.0018580027742780558,157.45,58760.0,0.010551901078338588,157.158,50474.0,0.004665911664779143,155.246,47412.0,49418.6,0.7954697219265621
2025-11-25 00:00:00+00:00,156.801,156.98,155.801,156.065,43817.0,-0.005404268607445029,-0.005418924493782235,0.004681835790479,156.7878,155.856,154.79559999999998,152.01782,,155.66204926568835,154.33458275750712,61.627222418462274,1.7333089970405275,1.3274665081812316,1.2593641945590774,0.06810231362215413,157.54360041369802,154.79559999999998,152.04759958630194,5.496000827396074,0.7309679419392376,1.0691428571428523,64.00394477317572,71.4727153188695,0.0075545445807836615,-0.004715983724730016,0.73599999999999,0.17900000000000205,0.26400000000001,0.0035816389835821028,156.913,39311.0,-0.006967291203556547,156.353,59319.0,0.0018580027742780558,157.45,58760.0,0.0017456166342448842,155.517,59089.0,49071.45,0.8929224630615155
2025-11-26 00:00:00+00:00,155.951,156.733,155.65,156.447,46702.0,0.002447698074520277,0.002444707340869448,0.0046437626493881215,156.6456,156.0199,154.98615,152.20738,,155.7828109171209,154.4910581088029,71.59612442631324,1.5072279463289349,1.291752808318023,1.2658419173108666,0.025910891007156378,157.63017876606702,154.98615,152.342121233933,5.288057532134019,0.7762545587151471,1.0530714285714242,71.53846153846182,72.09072978303777,0.006922472147116904,0.003170402756205036,0.4960000000000093,0.28600000000000136,0.3009999999999877,-0.005404268607445029,156.065,43817.0,0.0035816389835821028,156.913,39311.0,-0.006967291203556547,156.353,59319.0,0.010551901078338588,157.158,50474.0,48748.35,0.9580221689554621
2025-11-27 00:00:00+00:00,156.433,156.46,155.716,156.298,29611.0,-0.0009523992150696214,-0.0009528530353703335,0.004252267388577044,156.4152,156.1972,155.0979,152.37356000000003,,155.86207077602538,154.62490565629898,68.91184933298464,1.3967368386908374,1.2371651197263986,1.2601065577939732,-0.022941438067574538,157.76645773386068,155.0979,152.42934226613934,5.337115467721333,0.7248592909893276,1.0513571428571384,64.37681808010771,66.63974146391509,0.00476013768570295,-0.000863734660712171,0.1349999999999909,0.027000000000015234,0.5819999999999936,0.002447698074520277,156.447,46702.0,-0.005404268607445029,156.065,43817.0,0.0035816389835821028,156.913,39311.0,0.0018580027742780558,157.45,58760.0,47404.35,0.6246473161218328
2025-11-28 00:00:00+00:00,156.272,156.582,155.978,156.134,65244.0,-0.0010492776619023259,-0.0010498285390906754,0.00426088156062499,156.3714,156.35809999999998,155.20605,152.53722000000002,,155.90390604125224,154.73669042249904,64.17089678510995,0.8565448814014738,1.167215618753204,1.2415283699858195,-0.0743127512326156,157.85757877253468,155.20605,152.55452122746533,5.3030575450693505,0.6749839582379727,1.0342857142857096,58.91436593355144,64.94321518404031,0.0038684719535782407,-0.000883856174824223,0.13800000000000523,0.3100000000000023,0.1559999999999775,-0.0009523992150696214,156.298,29611.0,0.002447698074520277,156.447,46702.0,-0.005404268607445029,156.065,43817.0,-0.006967291203556547,156.353,59319.0,48321.45,1.3502078269588351
2025-12-01 00:00:00+00:00,156.053,156.152,154.661,155.47,61597.0,-0.004252757246980043,-0.004261825939512222,0.004396330505206315,156.0828,156.38049999999998,155.26935,152.69209999999998,,155.83715126567498,154.7910096504621,58.564964447317365,0.6115515288788178,1.046141615212889,1.2024510190312334,-0.15630940381834435,157.8802905665594,155.26935,152.6584094334406,5.2218811331188135,0.5384248501421088,1.0819285714285667,43.37856808610194,55.5565840332537,0.009590274651057988,-0.0037499195986363826,0.5829999999999984,0.09899999999998954,0.8089999999999975,-0.0010492776619023259,156.134,65244.0,-0.0009523992150696214,156.298,29611.0,0.002447698074520277,156.447,46702.0,0.0035816389835821028,156.913,39311.0,49602.5,1.2418124086487576
2025-12-02 00:00:00+00:00,155.431,156.177,155.383,155.853,49851.0,0.0024634977809223635,0.002460468344583802,0.004314686170153376,156.0404,156.41410000000002,155.3793,152.85622,,155.8395895324942,154.86967560227973,57.008718980550086,0.8594078628053732,0.9699139302144602,1.1559436012678788,-0.1860296710534186,157.8869855422775,155.3793,152.8716144577225,5.0153710845549995,0.5944496413154319,1.067071428571424,52.3397285914836,51.544220870379,0.005094544217948854,0.002707679672511899,0.42199999999999704,0.32399999999998386,0.04800000000000182,-0.004252757246980043,155.47,61597.0,-0.0010492776619023259,156.134,65244.0,-0.0009523992150696214,156.298,29611.0,-0.005404268607445029,156.065,43817.0,49740.45,1.0022225371905562
2025-12-03 00:00:00+00:00,155.799,155.902,155.009,155.215,48925.0,-0.004093601021475379,-0.004102002742839253,0.004412856913124301,155.794,156.2198,155.43554999999998,152.9826,,155.74349883518738,154.89525518729604,54.417413572343136,-0.01996830836221604,0.8482436478913371,1.0944036105925705,-0.24615996270123341,157.87089201423862,155.43554999999998,153.00020798576134,4.870684028477285,0.45471888574366737,1.067928571428567,37.41226017781937,44.376852285134966,0.005753309924942825,-0.0037625229520342955,0.5840000000000032,0.10299999999998022,0.20600000000001728,0.0024634977809223635,155.853,49851.0,-0.004252757246980043,155.47,61597.0,-0.0010492776619023259,156.134,65244.0,0.002447698074520277,156.447,46702.0,49801.25,0.982405060113953
2025-12-04 00:00:00+00:00,155.238,155.54,154.509,155.106,51160.0,-0.0007022517153626451,-0.000702498409599572,0.004100428875542153,155.5556,155.9854,155.5379,153.08898,,155.64542209131238,154.910865914163,53.66839247379712,-0.26427978934778923,0.7345561771493863,1.0224341239039336,-0.28787794675454736,157.71059339518348,155.5379,153.36520660481654,4.345386790366945,0.40060723686152194,1.0597142857142825,19.861830742659752,36.537939837320906,0.006647067166969723,-0.0008510309078952781,0.132000000000005,0.3019999999999925,0.5970000000000084,-0.004093601021475379,155.215,48925.0,0.0024634977809223635,155.853,49851.0,-0.004252757246980043,155.47,61597.0,-0.0009523992150696214,156.298,29611.0,50154.35,1.0200511022473624
2025-12-05 00:00:00+00:00,155.058,155.492,154.341,155.328,53738.0,0.001431279254187512,0.0014302559503417826,0.004087560248411023,155.3944,155.8829,155.63400000000001,153.20558,,155.59658792341818,154.9417647353361,50.55256064690023,-1.164433245523603,0.6548231880820765,0.9489119367395622,-0.2940887486574857,157.5663936615395,155.63400000000001,153.70160633846052,3.8647873230789855,0.4208235862882544,1.078714285714282,27.81065088757399,28.36158060268437,0.00741012566955077,0.0017382571075402389,0.27000000000001023,0.16399999999998727,0.7169999999999845,-0.0007022517153626451,155.106,51160.0,-0.004093601021475379,155.215,48925.0,0.0024634977809223635,155.853,49851.0,-0.0010492776619023259,156.134,65244.0,50227.95,1.069882406110542
2025-12-08 00:00:00+00:00,155.137,155.983,154.901,155.918,51511.0,0.0037984136794395607,0.0037912179220854735,0.004046117680776038,155.48399999999998,155.7834,155.7237,153.35224,,155.64603593520002,155.01407845864455,52.59077400180909,-0.9730073039059907,0.6319574765554705,0.885521044702744,-0.25356356814727343,157.52292932039487,155.7237,153.92447067960515,3.5984586407897154,0.5539953406154356,1.0907142857142824,44.435052127360045,30.702511252531263,0.006939545145525171,0.005009043215023319,0.7810000000000059,0.06499999999999773,0.23599999999999,0.001431279254187512,155.328,53738.0,-0.0007022517153626451,155.106,51160.0,-0.004093601021475379,155.215,48925.0,-0.004252757246980043,155.47,61597.0,50461.85,1.0207909539582873
2025-12-09 00:00:00+00:00,155.839,156.952,155.743,156.882,48522.0,0.006182737079747147,0.00616370237826078,0.004232310405266023,155.68980000000002,155.8651,155.86055,153.53138,,155.83618425286153,155.15244301726347,48.04587935429071,0.33833696827051374,0.6837412355980632,0.8451650828818078,-0.1614238472837446,157.5682188295975,155.86055,154.15288117040248,3.4153376591950177,0.7990773100428283,1.0364285714285668,71.59763313609503,47.94777871700969,0.0077064290358358715,0.0066483089200801,1.0430000000000064,0.06999999999999318,0.09600000000000364,0.0037984136794395607,155.918,51511.0,0.001431279254187512,155.328,53738.0,-0.0007022517153626451,155.106,51160.0,0.0024634977809223635,155.853,49851.0,50987.8,0.9516394117808573
2025-12-10 00:00:00+00:00,156.766,156.936,155.794,156.027,44092.0,-0.005449956017898883,-0.005464861207951193,0.004377694558019327,155.85219999999998,155.8231,155.92149999999998,153.71052,,155.86554052165206,155.2172250159847,40.66885245901645,-0.5646441021457903,0.6483155056673695,0.8057951674389202,-0.1574796617715507,157.5564586828837,155.92149999999998,154.28654131711627,3.2699173657674123,0.5322638122615819,1.0460714285714252,52.68749999999952,56.24006175448486,0.007319246027931037,-0.00473635973261041,0.7390000000000043,0.17000000000001592,0.23299999999997567,0.006182737079747147,156.882,48522.0,0.0037984136794395607,155.918,51511.0,0.001431279254187512,155.328,53738.0,-0.004093601021475379,155.215,48925.0,50852.5,0.8670566835455484
2025-12-11 00:00:00+00:00,155.902,156.163,154.947,155.559,53096.0,-0.002999480859081971,-0.0030039883174071773,0.004416754497022354,155.94279999999998,155.7492,155.9732,153.87678,,155.8183804413979,155.24254168146732,44.325328759291,-0.3242238810751932,0.5758387599305763,0.7598038859372515,-0.18396512600667514,157.48281223323633,155.9732,154.46358776676365,3.0192244664726786,0.3628124524693262,1.0371428571428538,42.796907940969355,55.69401369235464,0.007816969767098067,-0.0022049511760810323,0.3429999999999893,0.2610000000000241,0.6119999999999948,-0.005449956017898883,156.027,44092.0,0.006182737079747147,156.882,48522.0,0.0037984136794395607,155.918,51511.0,-0.0007022517153626451,155.106,51160.0,50810.95,1.0449716055299105
2025-12-12 00:00:00+00:00,155.575,156.134,155.451,155.809,42481.0,0.0016071072711960621,0.0016058172562488204,0.004424802113109275,156.039,155.7167,156.0374,154.04334,,155.81693729656746,155.2845015569142,41.74394256655696,-0.40780583839894996,0.5324357396532662,0.7143302566804545,-0.18189451702718828,157.38859119376392,156.0374,154.68620880623607,2.702382387527848,0.41548198321077173,1.021571428571424,55.62713148920044,50.370513143389765,0.004383572194160753,0.0015018387898003895,0.23400000000000887,0.32499999999998863,0.12399999999999523,-0.002999480859081971,155.559,53096.0,-0.005449956017898883,156.027,44092.0,0.006182737079747147,156.882,48522.0,0.001431279254187512,155.328,53738.0,50235.6,0.8456353661546792
2025-12-15 00:00:00+00:00,155.786,155.985,154.833,155.207,40038.0,-0.003863704920768374,-0.003871188310584933,0.004405359014428803,155.89679999999998,155.6904,156.03545000000003,154.14038,,155.72310078940325,155.27876070084648,43.33850931677021,-0.6980255665459624,0.4443400885567712,0.6603322230557178,-0.2159921344989466,157.39155378037887,156.03545000000003,154.67934621962118,2.7122075607576903,0.19454771383035527,1.0196428571428535,33.16736882420486,43.863802751458216,0.007422345641627087,-0.0037305018459219477,0.5790000000000077,0.19900000000001228,0.3739999999999952,0.0016071072711960621,155.809,42481.0,-0.002999480859081971,155.559,53096.0,-0.005449956017898883,156.027,44092.0,0.0037984136794395607,155.918,51511.0,49866.9,0.8028973126462643
2025-12-16 00:00:00+00:00,155.165,155.298,154.397,154.715,53156.0,-0.003169960117778148,-0.0031749950845972137,0.00443963557278704,155.46339999999998,155.5766,155.99534999999997,154.19704000000002,,155.5680083602643,155.23700064893194,36.77862595419855,-0.908834718895297,0.3310077113323473,0.5944673207110437,-0.2634596093786964,157.4591569005525,155.99534999999997,154.53154309944745,2.9276138011050534,0.06266431060111452,1.0066428571428543,14.32401378782063,34.37283803374197,0.005823611155996577,-0.00290857382929896,0.44999999999998863,0.13300000000000978,0.31800000000001205,-0.003863704920768374,155.207,40038.0,0.0016071072711960621,155.809,42481.0,-0.002999480859081971,155.559,53096.0,0.006182737079747147,156.882,48522.0,49570.25,1.072336734230713
2025-12-17 00:00:00+00:00,154.673,155.748,154.515,155.686,46724.0,0.006276055973887473,0.00625644355092908,0.003970274565524075,155.3952,155.6237,155.92175,154.25698,,155.58616092022362,155.27025986012217,45.8491589799241,0.13893355631312032,0.3159010601014529,0.5387540685891256,-0.22285300848767264,157.28391343018242,155.92175,154.55958656981758,2.7243268603648403,0.4134648623005448,1.0415714285714262,51.51283033320582,33.0014043150771,0.007919787264108552,0.006506686535719366,1.0130000000000052,0.0619999999999834,0.15800000000001546,-0.003169960117778148,154.715,53156.0,-0.003863704920768374,155.207,40038.0,0.0016071072711960621,155.809,42481.0,-0.005449956017898883,156.027,44092.0,49382.75,0.9461603495147597
2025-12-18 00:00:00+00:00,155.617,155.973,155.283,155.55,44233.0,-0.0008735531775496685,-0.0008739349474737513,0.003933040590333993,155.3934,155.6681,155.82675,154.30638000000002,,155.5805977017277,155.29098135196497,46.023965141612386,-0.19441396700737057,0.2896163497627242,0.48892652482384535,-0.19931017506112114,156.9907470835558,155.82675,154.66275291644422,2.3279941671115694,0.38112083616456527,1.0477142857142863,46.30409804672569,37.38031405591738,0.004435872709739801,-0.00043072966891661104,0.06699999999997885,0.35600000000002296,0.26700000000002433,0.006276055973887473,155.686,46724.0,-0.003169960117778148,154.715,53156.0,-0.003863704920768374,155.207,40038.0,-0.002999480859081971,155.559,53096.0,48656.4,0.909089040701737
2025-12-19 00:00:00+00:00,155.473,157.774,155.419,157.704,50913.0,0.013847637415622005,0.013752634920030427,0.00481453644694305,155.7724,155.90570000000002,155.8943,154.43724,148.471315,155.90727497838498,155.46972347404164,62.64432872990719,1.6035821280159808,0.43755150434333245,0.4786515207277428,-0.041100016384410354,157.31531462639236,155.8943,154.4732853736076,2.842029252784755,1.1367633261433854,1.109428571428572,97.96096708418312,65.25929848803821,0.01493303911124632,0.014146755947851636,2.2309999999999945,0.06999999999999318,0.054000000000002046,-0.0008735531775496685,155.55,44233.0,0.006276055973887473,155.686,46724.0,-0.003169960117778148,154.715,53156.0,0.0016071072711960621,155.809,42481.0,48236.1,1.0554957801314784
2025-12-22 00:00:00+00:00,157.675,157.704,156.705,157.032,39887.0,-0.004261147466139037,-0.004270252028129059,0.004864427174683875,156.1374,156.0171,155.90025,154.532,148.510795,156.08030959709498,155.5854476611497,56.46169023347582,1.2417314610653465,0.4948619359452948,0.48189360377125323,0.012968332174041586,157.34009617233926,155.90025,154.46040382766074,2.879692344678517,0.8930107332789945,1.1240714285714302,78.38625109233931,74.21710540774937,0.006361760660247562,-0.004094706811350557,0.6430000000000007,0.028999999999996362,0.3269999999999982,0.013847637415622005,157.704,50913.0,-0.0008735531775496685,155.55,44233.0,0.006276055973887473,155.686,46724.0,-0.003863704920768374,155.207,40038.0,48264.9,0.8264183702856527
2025-12-23 00:00:00+00:00,156.934,157.07,155.656,156.239,45098.0,-0.005049926129706117,-0.005062720097232818,0.004844122542694171,156.4422,155.9528,155.90895,154.62073999999998,148.54584,156.10472350523423,155.63385894550896,55.51843069627074,0.5865008240626296,0.4708645597252712,0.4796877949620568,-0.008823235236785631,157.355076656024,155.90895,154.462823343976,2.8922533120480125,0.6141151774725744,1.161285714285715,55.28692106029712,77.21137974560652,0.00905023713669434,-0.004448313161246508,0.6949999999999932,0.13599999999999568,0.5829999999999984,-0.004261147466139037,157.032,39887.0,0.013847637415622005,157.704,50913.0,-0.0008735531775496685,155.55,44233.0,-0.003169960117778148,154.715,53156.0,48328.95,0.9331466957175772
2025-12-24 00:00:00+00:00,156.188,156.283,155.55,155.886,37812.0,-0.0022593590588777523,-0.002261915261535106,0.0048366999156001025,156.4822,155.9387,155.8809,154.7175,148.58129499999998,156.07107373519818,155.65253606065644,54.09577819785759,-0.020523608563482527,0.4185376745417386,0.46745777087799323,-0.048920096336254604,157.30467436118894,155.8809,154.45712563881105,2.847548722377894,0.5017910141308276,1.1399999999999986,45.00436935624791,59.559180502961446,0.004702154138280382,-0.0019373131647485503,0.3019999999999925,0.09499999999999886,0.3359999999999843,-0.005049926129706117,156.239,45098.0,-0.004261147466139037,157.032,39887.0,0.013847637415622005,157.704,50913.0,0.006276055973887473,155.686,46724.0,47884.45,0.789650920079483
2025-12-26 00:00:00+00:00,155.888,156.731,155.755,156.525,35352.0,0.004099149378391953,0.004090770754594718,0.004924708956846703,156.67720000000003,156.0353,155.89225000000002,154.8395,148.620135,156.1409085451677,155.71716301912633,56.021732568668874,-0.22755956706314254,0.4237455260413583,0.4587153219106663,-0.034969795869307985,157.33353595723625,155.89225000000002,154.4509640427638,2.8825719144724644,0.7195088340461355,1.1274999999999997,63.01450992004762,54.43526677886422,0.00623542565085449,0.004069637438108931,0.6370000000000005,0.20599999999998886,0.13300000000000978,-0.0022593590588777523,155.886,37812.0,-0.005049926129706117,156.239,45098.0,-0.004261147466139037,157.032,39887.0,-0.0008735531775496685,155.55,44233.0,48171.5,0.7338779153648942
2025-12-29 00:00:00+00:00,156.431,156.593,155.915,156.031,41235.0,-0.0031560453601661154,-0.0031610361749153985,0.004972525833737974,156.3426,156.0575,155.8871,154.9476,148.6538,156.1239995382188,155.74041020289476,50.57401198821498,0.0025636588539285506,0.3835893353240465,0.44369012459334234,-0.06010078926929585,157.3254819710831,155.8871,154.44871802891691,2.8767639421661784,0.5500214834768983,1.0986428571428573,48.38614154575096,52.13500694068216,0.00434529035896711,-0.0025635931321340353,0.4000000000000057,0.16199999999997772,0.11600000000001387,0.004099149378391953,156.525,35352.0,-0.0022593590588777523,155.886,37812.0,-0.005049926129706117,156.239,45098.0,0.013847637415622005,157.704,50913.0,46971.05,0.8778811629716602
2025-12-30 00:00:00+00:00,156.004,156.563,155.743,156.419,40765.0,0.0024866853381699805,0.002483598652203294,0.004898484809095422,156.22,156.1787,155.93455,155.06102,148.6826,156.16938422464668,155.79067611379145,47.50188842127985,0.5528449012914801,0.3787081108552286,0.43069372184571963,-0.05198561099049104,157.37760180634288,155.93455,154.49149819365712,2.8861036126857584,0.6678560665218768,1.070857142857142,59.87562925673716,57.092093574178584,0.005242329895984459,0.00265313037418741,0.41500000000002046,0.14399999999997704,0.2609999999999957,-0.0031560453601661154,156.031,41235.0,0.004099149378391953,156.525,35352.0,-0.0022593590588777523,155.886,37812.0,-0.004261147466139037,157.032,39887.0,45929.45,0.8875568943237945
2025-12-31 00:00:00+00:00,156.306,156.994,156.276,156.649,32861.0,0.0014704096049711346,0.0014693296113270002,0.004880567702399895,156.30200000000002,156.3721,155.97435,155.15562,148.71659000000002,156.24317126700873,155.85425566091803,53.598704003702935,0.5391216168514036,0.3889156060907055,0.42233809869471683,-0.03342249260401131,157.45143821316591,155.97435,154.49726178683406,2.9541764263318555,0.7283716009601072,1.0405714285714274,66.68640805448632,58.31605961899148,0.004583495585672359,0.0021896086154395453,0.3429999999999893,0.34499999999999886,0.030000000000001137,0.0024866853381699805,156.419,40765.0,-0.0031560453601661154,156.031,41235.0,0.004099149378391953,156.525,35352.0,-0.005049926129706117,156.239,45098.0,45079.95,0.728949344442485
2026-01-02 00:00:00+00:00,156.652,156.997,156.518,156.823,35092.0,0.0011107635541880434,0.0011101471127895844,0.004773456543873748,156.4894,156.4858,156.05475,155.2529,148.74826,156.33237568746893,155.92601450085002,57.57067561092482,1.041190152506017,0.4063611866189092,0.41914271627955535,-0.012781529660646163,157.53285773412637,156.05475,154.57664226587366,2.956215468252708,0.7598761857010627,0.9879285714285706,71.83891027539264,66.1336491955387,0.003054398908323482,0.0010904012804245594,0.1710000000000207,0.1740000000000066,0.13399999999998613,0.0014704096049711346,156.649,32861.0,0.0024866853381699805,156.419,40765.0,-0.0031560453601661154,156.031,41235.0,-0.0022593590588777523,155.886,37812.0,44388.3,0.7905686858924535
2026-01-05 00:00:00+00:00,156.688,157.296,156.115,156.395,47487.0,-0.0027291915088984986,-0.0027329225420601407,0.004822180600903589,156.4634,156.57030000000003,156.1192,155.32908,148.77512,156.3420101970891,155.96075416745373,53.436547032606214,1.0858675629383103,0.38125602963538086,0.4115653789507205,-0.03030934931533963,157.53418589913002,156.1192,154.70421410087,2.8299717982600328,0.5974568015729257,1.0234999999999985,59.16493929523285,65.89675254170393,0.007551392307938125,-0.0018734614277948652,0.29299999999997794,0.6080000000000041,0.28000000000000114,0.0011107635541880434,156.823,35092.0,0.0014704096049711346,156.649,32861.0,0.0024866853381699805,156.419,40765.0,0.004099149378391953,156.525,35352.0,44204.65,1.074253500480153
2026-01-06 00:00:00+00:00,156.308,156.796,156.161,156.661,49372.0,0.0017008216375202778,0.001699376878352074,0.004825516801849866,156.5894,156.466,156.18585000000002,155.40482,148.80933,156.3910855513831,156.01262422912382,58.87667887667892,0.6262605500815708,0.37846132225928386,0.4049445676124332,-0.02648324535314933,157.5691400940188,156.18585000000002,154.80255990598124,2.766580188037551,0.6717463321881982,0.9865714285714253,67.04175303523849,66.01520086862132,0.004053338099463114,0.0022532729907252516,0.35300000000000864,0.1349999999999909,0.14699999999999136,-0.0027291915088984986,156.395,47487.0,0.0011107635541880434,156.823,35092.0,0.0014704096049711346,156.649,32861.0,-0.0031560453601661154,156.031,41235.0,43986.35,1.1224391203180077
2026-01-07 00:00:00+00:00,156.593,156.804,156.294,156.749,43898.0,0.0005617224452798553,0.0005615647382826994,0.004760739480995959,156.65540000000001,156.4377,156.2274,155.48474,148.84345,156.44614931270877,156.06717058252207,63.061905985101404,0.7708132433301085,0.37897873018670225,0.39975140012728705,-0.020772669940584798,157.62664421704977,156.2274,154.8281557829502,2.7984884340995677,0.6863863340095722,0.9586428571428526,68.54863455047557,64.91844229364897,0.003253609273424334,0.0009952216601063224,0.1560000000000059,0.05500000000000682,0.29899999999997817,0.0017008216375202778,156.661,49372.0,-0.0027291915088984986,156.395,47487.0,0.0011107635541880434,156.823,35092.0,0.0024866853381699805,156.419,40765.0,43605.7,1.0067032520977763
2026-01-08 00:00:00+00:00,156.723,157.068,156.457,156.867,41932.0,0.0007527958711059934,0.0007525126624175244,0.004556646916929127,156.699,156.5005,156.22665,155.58192,148.87992,156.51089557229204,156.12641720603895,58.51723640559631,-0.5307411352914431,0.3844783662530915,0.39669679335244795,-0.012218427099356444,157.62443219446303,156.22665,154.828867805537,2.7955643889260386,0.7290592921188214,0.9142142857142821,63.58892011240443,66.3931025660395,0.003895019347600314,0.0009179750999252682,0.14399999999997704,0.20100000000002183,0.26600000000001955,0.0005617224452798553,156.749,43898.0,0.0017008216375202778,156.661,49372.0,-0.0027291915088984986,156.395,47487.0,0.0014704096049711346,156.649,32861.0,43276.2,0.9689390473285547
2026-01-09 00:00:00+00:00,156.752,158.183,156.636,157.912,42910.0,0.006661694301542065,0.006639603270915287,0.004598151938452814,156.91680000000002,156.7031,156.3209,155.68744,148.92344500000002,156.72645009963173,156.2586825981842,65.05993369038505,0.5603953334352205,0.46776750144752555,0.41091093497146347,0.056856566476062076,157.90392906180722,156.3209,154.73787093819277,3.166058123614448,1.0025492072089863,0.9754285714285658,90.19536903039116,74.11097456442373,0.00979659557221742,0.007345863518921909,1.1599999999999966,0.2709999999999866,0.11600000000001387,0.0007527958711059934,156.867,41932.0,0.0005617224452798553,156.749,43898.0,0.0017008216375202778,156.661,49372.0,0.0011107635541880434,156.823,35092.0,43217.1,0.9928940164888436
2026-01-12 00:00:00+00:00,158.056,158.206,157.522,158.153,39453.0,0.0015261664724655066,0.0015250030639676084,0.004521866830936663,157.26839999999999,156.86589999999998,156.4506,155.76924,148.98405,156.94591931507298,156.39900240572612,53.78647326699261,1.2250462432555171,0.5469169093468622,0.43811212984654324,0.10880477950031897,158.18829761769024,156.4506,154.71290238230978,3.4753952353804607,0.9898435673356204,0.8560714285714235,98.00451807228924,83.92960240502829,0.004324925862930185,0.0006133301296844195,0.09699999999997999,0.05299999999999727,0.5340000000000202,0.006661694301542065,157.912,42910.0,0.0007527958711059934,156.867,41932.0,0.0005617224452798553,156.749,43898.0,-0.0027291915088984986,156.395,47487.0,42534.95,0.9275431145446275
2026-01-13 00:00:00+00:00,158.106,159.191,157.895,159.159,44475.0,0.006360928973841773,0.006340783648660926,0.004686430530076513,157.76799999999997,157.1787,156.6181,155.873,149.04512,157.28639326660021,156.60344667196864,66.9806801852146,2.099611254378197,0.6829465946315736,0.4870790228035493,0.19586757182802428,158.70594561841045,156.6181,154.53025438158954,4.17569123682091,1.1084980559852082,0.877285714285709,99.12112057127133,95.77366922465058,0.008142800595630736,0.006616025483949996,1.0529999999999973,0.03200000000001069,0.2109999999999843,0.0015261664724655066,158.153,39453.0,0.006661694301542065,157.912,42910.0,0.0007527958711059934,156.867,41932.0,0.0017008216375202778,156.661,49372.0,42634.65,1.043165594182197
2026-01-14 00:00:00+00:00,159.056,159.451,158.104,158.403,47832.0,-0.004749967014118006,-0.00476128395839829,0.004739472758298541,158.09879999999998,157.3771,156.7779,155.95698000000002,149.09814,157.4581789178925,156.73674691848947,67.37873433986499,1.1998083373262967,0.7214319994030234,0.5339496181234441,0.18748238127957928,158.89994795818615,156.7779,154.65585204181383,4.244095916372316,0.8829084054700332,0.8724999999999942,73.1350935657522,90.08691073643759,0.008503626825249395,-0.004122396671780333,0.65300000000002,0.3949999999999818,0.29899999999997817,0.006360928973841773,159.159,44475.0,0.0015261664724655066,158.153,39453.0,0.006661694301542065,157.912,42910.0,0.0005617224452798553,156.749,43898.0,43024.35,1.1117425364938691
2026-01-15 00:00:00+00:00,158.388,158.877,158.205,158.616,43200.0,0.0013446715024338918,0.0013437682413447905,0.004635260351025681,158.4486,157.5738,156.97295000000003,156.05622,149.16019,157.63630523821675,156.87595085045322,72.42852448241877,1.6567220616416019,0.7603543877635275,0.5792305720514608,0.1811238157120667,159.01213616119279,156.97295000000003,154.93376383880727,4.078372322385519,0.9028690541522055,0.8681428571428528,77.48112189859818,83.24577867854056,0.004236646996519878,0.0014374338023907338,0.22800000000000864,0.2609999999999957,0.18299999999999272,-0.004749967014118006,158.403,47832.0,0.006360928973841773,159.159,44475.0,0.0015261664724655066,158.153,39453.0,0.0007527958711059934,156.867,41932.0,42526.55,1.015835989517137
2026-01-16 00:00:00+00:00,158.595,158.702,157.822,158.042,42836.0,-0.003618802642860852,-0.0036253663491011014,0.004599169083153459,158.47459999999998,157.6957,157.09075,156.13526000000002,149.211995,157.69871981695263,156.96232486153076,62.5975751536289,1.037597734290585,0.736394955421872,0.6106634487255431,0.12573150669632893,159.08869219135593,157.09075,155.0928078086441,3.9958843827118358,0.7380574383271857,0.8612857142857097,62.00107874865177,70.87243140433405,0.005568140114653038,-0.0034990698675035578,0.5529999999999973,0.10699999999999932,0.21999999999999886,0.0013446715024338918,158.616,43200.0,-0.004749967014118006,158.403,47832.0,0.006360928973841773,159.159,44475.0,0.006661694301542065,157.912,42910.0,42332.15,1.0119023012060573
2026-01-19 00:00:00+00:00,157.878,158.165,157.425,158.121,43621.0,0.0004998671239291319,0.0004997422319761936,0.004583701858894825,158.4682,157.8683,157.2193,156.2365,149.280525,157.76368599895991,157.04815264956554,68.6407420620763,0.9396804320487259,0.7155333493943772,0.63163742885931,0.08389592053506723,159.1287184399831,157.2193,155.30988156001692,3.8188368799661703,0.736119014334017,0.86571428571428,64.13160733549124,67.87126932758039,0.004679960283580174,0.0015367977687974616,0.24300000000002342,0.04399999999998272,0.45299999999997453,-0.003618802642860852,158.042,42836.0,0.0013446715024338918,158.616,43200.0,-0.004749967014118006,158.403,47832.0,0.0015261664724655066,158.153,39453.0,42301.55,1.031191528442811
2026-01-20 00:00:00+00:00,158.03,158.601,157.462,158.135,61560.0,8.853978914880045e-05,8.853586973301699e-05,0.0034091195360279915,158.2634,158.0157,157.24085,156.33108000000001,149.35398500000002,157.82081122988916,157.12865986070884,66.39908256880715,0.8366119765595502,0.6921513691803227,0.6437402169235126,0.04841115225681014,159.1827540330779,157.24085,155.29894596692208,3.8838080661558365,0.7302250741461123,0.8884999999999954,60.551558752997344,62.228081612380116,0.007202706548202549,0.0006639896291142996,0.10499999999998977,0.4660000000000082,0.568000000000012,0.0004998671239291319,158.121,43621.0,-0.003618802642860852,158.042,42836.0,0.0013446715024338918,158.616,43200.0,0.006360928973841773,159.159,44475.0,42833.9,1.4371794303110386
2026-01-21 00:00:00+00:00,158.128,158.53,157.746,158.276,49561.0,0.0008916432162393573,0.0008912459385625827,0.0032498310398500433,158.238,158.1684,157.30305,156.41412,149.43055,157.8908402714447,157.21364801917485,65.8176161773284,1.2027238722465552,0.6771922522698333,0.6504306239927767,0.026761628277056526,159.29581316759052,157.30305,155.3102868324095,3.985526335181021,0.7441208307699732,0.8932142857142813,64.77817745803392,63.153781182174164,0.004953372589653464,0.0009350754378429107,0.14800000000002456,0.2539999999999907,0.3819999999999766,8.853978914880045e-05,158.135,61560.0,0.0004998671239291319,158.121,43621.0,-0.003618802642860852,158.042,42836.0,-0.004749967014118006,158.403,47832.0,43317.6,1.1441307921029789
2026-01-22 00:00:00+00:00,158.252,158.894,158.178,158.416,51048.0,0.0008845308195808421,0.0008841398527266167,0.0029863129095745312,158.198,158.32330000000002,157.4119,156.49954,149.50699,157.9716340758378,157.3027111288656,65.59013505578378,1.1202532857571414,0.6689229469722022,0.6541290885886619,0.014793858383540304,159.39775724827504,157.4119,155.42604275172496,3.971714496550078,0.7528127338639719,0.9101428571428524,68.97482014388486,64.7681854516387,0.004519745480254572,0.0010352489647509548,0.16399999999998727,0.47800000000000864,0.07400000000001228,0.0008916432162393573,158.276,49561.0,8.853978914880045e-05,158.135,61560.0,0.0004998671239291319,158.121,43621.0,0.0013446715024338918,158.616,43200.0,43615.1,1.1704203360762673
2026-01-23 00:00:00+00:00,158.346,159.224,155.605,155.713,57828.0,-0.017062670437329563,-0.017209915127104933,0.004947795664064497,157.7322,158.10340000000002,157.40325,156.51764,149.576495,157.6241519103243,157.18495474894965,45.38190682556869,-0.660929256326995,0.4391971613746364,0.6111427031458568,-0.17194554177122046,159.41838388610972,157.40325,155.3881161138903,4.030267772219418,0.0806109927357951,1.0842857142857107,2.8081123244930835,45.52036997547061,0.02324147630576766,-0.016909313930115084,2.6330000000000098,0.8779999999999859,0.10800000000000409,0.0008845308195808421,158.416,51048.0,0.0008916432162393573,158.276,49561.0,8.853978914880045e-05,158.135,61560.0,-0.003618802642860852,158.042,42836.0,44615.9,1.2961298550516744
2026-01-26 00:00:00+00:00,154.655,155.345,153.299,154.197,69003.0,-0.009735860204350244,-0.009783563565998899,0.005293164344124119,156.94740000000002,157.7078,157.28685000000002,156.51108,149.63568,157.09689777027438,156.96362476754598,35.730831596015776,-1.702078831111698,0.13327300272840148,0.5155687630623658,-0.3822957603339643,159.7374726297993,157.28685000000002,154.83622737020073,4.901245259598568,-0.1304214207499349,1.211357142857139,14.596879063719085,28.793270510699,0.013268740636977323,-0.0029702263986977596,0.4579999999999984,0.6899999999999977,0.8979999999999961,-0.017062670437329563,155.713,57828.0,0.0008845308195808421,158.416,51048.0,0.0008916432162393573,158.276,49561.0,0.0004998671239291319,158.121,43621.0,46298.45,1.4903954668028845
2026-01-27 00:00:00+00:00,154.08,154.877,152.093,152.161,57188.0,-0.013203888532202335,-0.013291834882127786,0.005968719333292687,155.7526,157.00799999999998,157.09335000000002,156.4638,149.686115,156.33752888253986,156.6078747847648,28.32167832167839,-3.641901818734488,-0.27034590222493193,0.35838583000490626,-0.6287317322298382,160.41709875705132,157.09335000000002,153.7696012429487,6.647497514102611,-0.24198598638601584,1.3737857142857126,0.9241641750477305,6.109718521086624,0.01829640972391099,-0.012611641616445811,1.9190000000000111,0.796999999999997,0.06800000000001205,-0.009735860204350244,154.197,69003.0,-0.017062670437329563,155.713,57828.0,0.0008845308195808421,158.416,51048.0,8.853978914880045e-05,158.135,61560.0,47096.1,1.214283135970919
2026-01-28 00:00:00+00:00,152.164,154.047,152.093,153.396,62072.0,0.008116403020484775,0.0080836421689577,0.006278337878117743,154.77659999999997,156.50730000000001,156.9422,156.42680000000001,149.749025,155.88498597753372,156.36995813404147,35.165398752030086,-3.007846831865349,-0.4849721565077516,0.1897142327023747,-0.6746863892101262,160.64805383868338,156.9422,153.23634616131665,7.411707677366735,0.021540763024272793,1.4697142857142833,17.70861647186731,11.076553236878032,0.01273827218441164,0.008031500169495942,1.2319999999999993,0.6510000000000105,0.07099999999999795,-0.013203888532202335,152.161,57188.0,-0.009735860204350244,154.197,69003.0,-0.017062670437329563,155.713,57828.0,0.0008916432162393573,158.276,49561.0,48161.45,1.2888316277852931
2026-01-29 00:00:00+00:00,153.32,153.535,152.682,153.105,63464.0,-0.0018970507705545758,-0.0018988524503135043,0.006254938909262226,153.7144,155.9562,156.76500000000001,156.37856,149.807025,155.4572958271439,156.12810938337174,28.04020100502504,-3.8037434263849375,-0.6708135562278414,0.017608674916331474,-0.6884222311441729,160.84946520367112,156.76500000000001,152.6805347963289,8.168930407342202,0.05196092787001447,1.4201428571428554,13.753737428649089,10.795506025188033,0.005571339930113378,-0.001404265046863286,0.2150000000000034,0.2150000000000034,0.4230000000000018,0.008116403020484775,153.396,62072.0,-0.013203888532202335,152.161,57188.0,-0.009735860204350244,154.197,69003.0,0.0008845308195808421,158.416,51048.0,49691.6,1.2771575075062989
2026-01-30 00:00:00+00:00,152.978,154.794,152.867,154.771,70316.0,0.010881421246856648,0.010822644580714323,0.006796826400280809,153.52599999999998,155.6291,156.6624,156.33082000000002,149.86373500000002,155.35171185373713,156.02758276238126,36.32983023443815,-2.292885867060602,-0.6758709086441286,-0.12108724179576055,-0.554783666848368,160.84269721431383,156.6624,152.48210278568615,8.360594428627678,0.27377206655024144,1.5089285714285714,36.395759717314434,22.619371205943597,0.012450652900091239,0.01158485762836693,1.792999999999978,0.023000000000024556,0.11100000000001842,-0.0018970507705545758,153.105,63464.0,0.008116403020484775,153.396,62072.0,-0.013203888532202335,152.161,57188.0,-0.017062670437329563,155.713,57828.0,51452.8,1.3666117295851732
2026-02-02 00:00:00+00:00,154.838,155.785,154.551,155.594,75252.0,0.005317533646484129,0.005303445485222553,0.006903739508918254,153.80540000000002,155.3764,156.62234999999998,156.2937,149.928835,155.38898695316217,155.99546552072337,35.373758923443035,-1.9052302415897635,-0.6064785675611972,-0.2181655069488479,-0.3883130606123493,160.82870105149593,156.62234999999998,152.41599894850404,8.412702102991886,0.37776222343184274,1.5045000000000013,47.5808643653167,32.576787170426734,0.007930897078293565,0.004858799182487758,0.7560000000000002,0.1910000000000025,0.28700000000000614,0.010881421246856648,154.771,70316.0,-0.0018970507705545758,153.105,63464.0,0.008116403020484775,153.396,62072.0,-0.009735860204350244,154.197,69003.0,52841.05,1.424120073314213
2026-02-03 00:00:00+00:00,155.543,156.084,155.304,155.767,56771.0,0.0011118680668920078,0.0011112503993937024,0.006896304415284272,154.52659999999997,155.1396,156.57765,156.28197999999998,149.989565,155.44714280652184,155.97854214881792,38.64184763874529,-1.4394907682767908,-0.5313993422960834,-0.280812274018295,-0.2505870682777884,160.80123706489363,156.57765,152.35406293510638,8.447174129787243,0.4040329952307462,1.4640000000000026,51.5215257327164,45.16604993844916,0.005007479119454063,0.001438045285586739,0.22399999999998954,0.3170000000000073,0.23900000000000432,0.005317533646484129,155.594,75252.0,0.010881421246856648,154.771,70316.0,-0.0018970507705545758,153.105,63464.0,-0.013203888532202335,152.161,57188.0,53211.0,1.0669034598109413
2026-02-04 00:00:00+00:00,155.69,156.945,155.673,156.857,56391.0,0.006997631077185762,0.00697326127803335,0.007084424234858954,155.21880000000002,154.9977,156.58305000000001,156.28086,150.064215,155.66404391321078,156.04361310075734,42.95328899927884,-0.7993878106007487,-0.379569187546565,-0.300563656723949,-0.07900553082261597,160.80783548692432,156.58305000000001,152.3582645130757,8.449570973848608,0.5324217644715761,1.5068571428571451,66.80689945309227,55.30309651704178,0.00810929700300268,0.007439897486245444,1.1670000000000016,0.08799999999999386,0.016999999999995907,0.0011118680668920078,155.767,56771.0,0.005317533646484129,155.594,75252.0,0.010881421246856648,154.771,70316.0,0.008116403020484775,153.396,62072.0,53835.65,1.047465759213458
2026-02-05 00:00:00+00:00,156.687,157.336,156.533,157.014,57554.0,0.0010009116583895583,0.001000411080310719,0.007085921349620398,156.0006,154.8575,156.5904,156.29984,150.13801500000002,155.87172946502452,156.11549361181235,45.739389920424436,-0.7088879754639902,-0.2437641467878393,-0.2892037547367271,0.045439607948887795,160.81777616271046,156.5904,152.36302383728952,8.454752325420941,0.5501019998807513,1.5013571428571473,69.00855419997224,62.44565979526029,0.005114193638783966,0.0020826168367151857,0.3269999999999982,0.32200000000000273,0.15400000000002478,0.006997631077185762,156.857,56391.0,0.0011118680668920078,155.767,56771.0,0.005317533646484129,155.594,75252.0,-0.0018970507705545758,153.105,63464.0,54616.75,1.053779289320584
2026-02-06 00:00:00+00:00,156.822,157.262,156.514,157.237,47329.0,0.0014202555186160204,0.00141924790967555,0.006924413826116185,156.49380000000002,155.0099,156.55665,156.31564,150.20906499999998,156.08177108578997,156.1985681590855,46.37942332896454,-0.6564482296747552,-0.1167970732955439,-0.2547224184484905,0.13792534515294658,160.75024292128762,156.55665,152.36305707871236,8.387185842575263,0.5811177924002104,1.5019285714285766,72.13574533725992,69.31706633010815,0.004757150034660993,0.0026393278935618976,0.41499999999999204,0.025000000000005684,0.3079999999999927,0.0010009116583895583,157.014,57554.0,0.006997631077185762,156.857,56391.0,0.0011118680668920078,155.767,56771.0,0.010881421246856648,154.771,70316.0,54837.7,0.8630741260118495
2026-02-09 00:00:00+00:00,157.534,157.659,155.521,155.883,57800.0,-0.008611204741886369,-0.008648495398088893,0.007159129446650687,156.5516,155.1785,156.44315,156.30733999999998,150.261845,156.05119091874536,156.17519273989402,41.68881015648071,-1.598954651045341,-0.12400182114865288,-0.22857829898852297,0.10457647783987009,160.577279541168,156.44315,152.309020458832,8.268259082335987,0.432252969528171,1.573285714285719,53.148226055252,64.76417519749471,0.01371541476620289,-0.010591276790926413,1.650999999999982,0.125,0.3620000000000232,0.0014202555186160204,157.237,47329.0,0.0010009116583895583,157.014,57554.0,0.006997631077185762,156.857,56391.0,0.005317533646484129,155.594,75252.0,55755.05,1.0366773951417854
2026-02-10 00:00:00+00:00,155.757,156.293,154.053,154.372,53457.0,-0.009693167311380924,-0.00974045186379882,0.007225693232654412,156.2726,155.39960000000002,156.2038,156.2721,150.309055,155.792853854323,156.0416229073093,36.91513607722212,-0.8611997713742461,-0.24876905298629026,-0.23261644978807644,-0.016152603198213822,160.2287336365892,156.2038,152.1788663634108,8.049867273178393,0.27244345306121764,1.6772857142857203,31.95905202636411,52.41434113962533,0.014510403441038587,-0.008971834270463495,1.384999999999991,0.5360000000000014,0.3190000000000168,-0.008611204741886369,155.883,57800.0,0.0014202555186160204,157.237,47329.0,0.0010009116583895583,157.014,57554.0,0.0011118680668920078,155.767,56771.0,56204.15,0.951121936725313
2026-02-11 00:00:00+00:00,154.202,154.645,152.553,153.263,58767.0,-0.007183945275049952,-0.007209874065208871,0.007303376031350039,155.55380000000002,155.3863,155.9468,156.22796,150.35701,155.40364556904254,155.83579898824934,33.78233776043305,-0.6057186585990632,-0.4321534192067986,-0.27252384367182086,-0.15962957553497775,160.03635730971865,155.9468,151.85724269028134,8.179114619437314,0.17187157475186182,1.775571428571435,16.407236011779776,33.83817136446529,0.01364973933695682,-0.0061267233448385645,0.938999999999993,0.44300000000001205,0.710000000000008,-0.009693167311380924,154.372,53457.0,-0.008611204741886369,155.883,57800.0,0.0014202555186160204,157.237,47329.0,0.006997631077185762,156.857,56391.0,56750.9,1.0355254277905726
2026-02-12 00:00:00+00:00,153.116,153.758,152.27,152.74,63930.0,-0.003412434834239142,-0.003418270469587125,0.007279077297962454,154.699,155.34980000000002,155.653,156.1657,150.408835,154.99385394303602,155.60648054467532,39.155176187349554,0.38051800395634083,-0.612626601639306,-0.34054439526531793,-0.2720822063739881,159.77926615974442,155.653,151.52673384025556,8.252532319488864,0.147017438135837,1.6233571428571492,11.624146604384109,19.99681154750932,0.009742045305748327,-0.0024616996202697704,0.3760000000000048,0.6419999999999959,0.46999999999999886,-0.007183945275049952,153.263,58767.0,-0.009693167311380924,154.372,53457.0,-0.008611204741886369,155.883,57800.0,0.0010009116583895583,157.014,57554.0,57787.4,1.1062965283089392
2026-02-13 00:00:00+00:00,152.71,153.665,152.594,152.667,54794.0,-0.0004779363624460853,-0.0004780506104329878,0.007273023209345133,153.785,155.1394,155.38425,156.11474,150.45315,154.63587641333817,155.38874124506972,43.76223091976516,-0.47524055386058633,-0.7528648317315572,-0.4230084825585658,-0.32985634917299134,159.55528263119888,155.38425,151.21321736880114,8.342065262397739,0.17427130877911703,1.5274285714285785,10.312612288897089,12.781331635020315,0.0070152685256145595,-0.00028165877367084154,0.043000000000006366,0.9549999999999841,0.0730000000000075,-0.003412434834239142,152.74,63930.0,-0.007183945275049952,153.263,58767.0,-0.009693167311380924,154.372,53457.0,0.0014202555186160204,157.237,47329.0,58385.3,0.938489654073885
2026-02-16 00:00:00+00:00,152.634,153.635,152.544,153.509,34962.0,0.005515271800716537,0.005500118380486772,0.007437590738121168,153.31019999999998,154.9309,155.15365,156.08280000000002,150.49117,154.46251081128614,155.24950115284236,56.088527551942136,0.26387119950360627,-0.7869903415562192,-0.4958048543580965,-0.29118548719812265,159.19557300637615,155.15365,151.11172699362385,8.083846012752304,0.2965510479287248,1.4065000000000043,25.44017247574553,15.792310456342234,0.007107075155202495,0.005699991531441154,0.875,0.12600000000000477,0.08999999999997499,-0.0004779363624460853,152.667,54794.0,-0.003412434834239142,152.74,63930.0,-0.007183945275049952,153.263,58767.0,-0.008611204741886369,155.883,57800.0,57952.35,0.603288736349777
2026-02-17 00:00:00+00:00,153.362,153.921,152.699,153.287,52033.0,-0.0014461692799769832,-0.0014472159920404224,0.007428765229511972,153.0932,154.6829,154.91125000000002,156.04198,150.53081,154.2816629941652,155.10413069707624,49.45808889330824,-0.9588359576406308,-0.822467702911041,-0.5611374240686855,-0.2613302788423555,158.77803709960654,154.91125000000002,151.0444629003935,7.733574199213024,0.28997421397142564,1.354214285714288,18.871775839673397,18.20818686810533,0.007971974140011742,-0.0004892782819155482,0.07499999999998863,0.5589999999999975,0.5879999999999939,0.005515271800716537,153.509,34962.0,-0.0004779363624460853,152.667,54794.0,-0.003412434834239142,152.74,63930.0,-0.009693167311380924,154.372,53457.0,57476.0,0.905299603312687
2026-02-18 00:00:00+00:00,153.285,154.868,153.07,154.817,48286.0,0.009981276951078755,0.009931793009144062,0.007850734551906761,153.404,154.4789,154.73829999999998,156.01996,150.56274,154.3640225335244,155.0828617565521,57.57790368271965,-0.4993765826445665,-0.7188392230276861,-0.5926777838604856,-0.12616143916720046,158.2659742957423,154.73829999999998,151.21062570425767,7.055348591484631,0.5111546579137156,1.4217142857142875,47.26294303210254,30.524963782507147,0.011613711672490758,0.009895554105815321,1.5320000000000107,0.05099999999998772,0.2150000000000034,-0.0014461692799769832,153.287,52033.0,0.005515271800716537,153.509,34962.0,-0.0004779363624460853,152.667,54794.0,-0.007183945275049952,153.263,58767.0,57412.25,0.8410400219465358
2026-02-19 00:00:00+00:00,154.755,155.337,154.541,154.984,50594.0,0.0010786929084014574,0.0010781115372492055,0.007853404626590222,153.8528,154.2759,154.56670000000003,155.982,150.600375,154.45940368221298,155.07553866347416,51.08706746963368,-0.5026738654528797,-0.6161349812611832,-0.5973692233406251,-0.018765757920558013,157.6465929646472,154.56670000000003,151.48680703535285,6.159785929294344,0.5677458607799035,1.3409285714285712,50.36184820931542,38.83218902703044,0.005136014040158934,0.0014775718783875329,0.22900000000001342,0.3529999999999802,0.21399999999999864,0.009981276951078755,154.817,48286.0,-0.0014461692799769832,153.287,52033.0,0.005515271800716537,153.509,34962.0,-0.003412434834239142,152.74,63930.0,57389.55,0.8815890697870954
2026-02-20 00:00:00+00:00,155.004,155.644,154.714,155.065,51720.0,0.0005226345945388289,0.0005224980686458231,0.006893863332304669,154.33239999999998,154.0587,154.5343,155.96276,150.64207,154.55257234648792,155.07475802173533,47.078961899503035,-1.1424418419324618,-0.5221856752474139,-0.5823325137219829,0.06014683847456903,157.57682568903206,154.5343,151.49177431096794,6.085051378064122,0.5872137254112768,1.3192142857142852,51.86491000185558,49.82990041442451,0.005997484925676373,0.0003933834198562348,0.06100000000000705,0.5790000000000077,0.28999999999999204,0.0010786929084014574,154.984,50594.0,0.009981276951078755,154.817,48286.0,-0.0014461692799769832,153.287,52033.0,-0.0004779363624460853,152.667,54794.0,57084.15,0.9060308334274926
2026-02-23 00:00:00+00:00,154.847,155.043,153.998,154.65,44890.0,-0.0026762970367264494,-0.0026798847222118546,0.006551375811564308,154.56060000000002,153.93540000000002,154.55694999999997,155.94458,150.6871,154.567561216259,155.04329446456975,43.99268581262774,-1.505598226909705,-0.47573324831074615,-0.5610126606397355,0.08527941232898939,157.59564525151464,154.55694999999997,151.5182547484853,6.077390503029335,0.5153108476333144,1.3397142857142856,44.164037854889656,48.79693202202021,0.006757193663110351,-0.001273844164241854,0.19700000000000273,0.19599999999999795,0.6520000000000152,0.0005226345945388289,155.065,51720.0,0.0010786929084014574,154.984,50594.0,0.009981276951078755,154.817,48286.0,0.005515271800716537,153.509,34962.0,55878.5,0.8033501257191943
2026-02-24 00:00:00+00:00,154.609,156.277,154.522,155.89,47454.0,0.008018105399288489,0.007986131193510713,0.005964044400302201,155.0812,154.0872,154.7434,155.9462,150.738455,154.77101333683453,155.10601339312015,44.88197311315751,-0.8566685958139678,-0.33500005628562235,-0.515810139768913,0.18081008348329064,157.6161797211612,154.7434,151.87062027883883,5.74555944232236,0.6995628122048497,1.374214285714286,67.17387270365538,54.4009401868002,0.011257938289819717,0.008217332734620423,1.2809999999999775,0.38700000000000045,0.08700000000001751,-0.0026762970367264494,154.65,44890.0,0.0005226345945388289,155.065,51720.0,0.0010786929084014574,154.984,50594.0,-0.0014461692799769832,153.287,52033.0,55391.8,0.856697200668691
2026-02-25 00:00:00+00:00,155.782,156.823,155.348,156.357,46106.0,0.0029957020976330018,0.0029912239233923156,0.005759167649158024,155.38920000000002,154.39659999999998,154.89145000000002,155.9692,150.796075,155.01501128501383,155.19867906770384,46.633186430255115,0.3040742095032746,-0.1836677826900086,-0.4493816683531321,0.2657138856631235,157.7770200139249,154.89145000000002,152.00587998607514,5.7711400278497536,0.753944626699003,1.4222142857142839,75.83967340879575,62.39252798911358,0.009433539911868316,0.0036774816605587768,0.5749999999999886,0.4660000000000082,0.4339999999999975,0.008018105399288489,155.89,47454.0,-0.0026762970367264494,154.65,44890.0,0.0005226345945388289,155.065,51720.0,0.009981276951078755,154.817,48286.0,54593.5,0.8445327740481926
2026-02-26 00:00:00+00:00,156.379,156.431,155.696,156.218,41555.0,-0.000888991218813473,-0.0008893866058548099,0.00573710426942678,155.636,154.74439999999998,155.0471,155.99926,150.854755,155.20008647193478,155.27418432194798,44.73276129432435,1.1958127121498554,-0.07409785001320301,-0.3743249046851463,0.30022705467194327,157.8619005744073,155.0471,152.23229942559271,5.629601148814572,0.70798986802938,1.421285714285714,73.2603451475226,72.0912970866579,0.004704963576540563,-0.0010306110691469701,0.16100000000000136,0.05200000000002092,0.5219999999999914,0.0029957020976330018,156.357,46106.0,0.008018105399288489,155.89,47454.0,-0.0026762970367264494,154.65,44890.0,0.0010786929084014574,154.984,50594.0,53498.05,0.7767572836766947
2026-02-27 00:00:00+00:00,155.839,156.233,155.536,156.03,40520.0,-0.0012034464658361443,-0.0012041711890362758,0.005260721639634464,155.829,155.0807,155.11005,156.00614,150.91664,155.32776547625252,155.33017066847034,50.86399435758782,1.8053933434684144,-0.00240519221782165,-0.29994096219168137,0.2975357699738597,157.95500279583436,155.11005,152.26509720416564,5.689905591668719,0.6616810657363121,1.3183571428571423,82.58291236547316,77.22764364059715,0.004467089662244458,0.0012241235659809172,0.1910000000000025,0.20300000000000296,0.30299999999999727,-0.000888991218813473,156.218,41555.0,0.0029957020976330018,156.357,46106.0,0.008018105399288489,155.89,47454.0,0.0005226345945388289,155.065,51720.0,52008.25,0.7791071608831291
2026-03-02 00:00:00+00:00,155.904,157.751,155.88,157.341,67357.0,0.008402230340319283,0.008367128090704262,0.005453600679570675,156.36719999999997,155.46390000000002,155.19740000000002,156.04196,150.98344,155.63749386452136,155.47912098932437,67.87047068737215,3.012308498101348,0.15837287519698862,-0.2082781947139474,0.366651069910936,158.20740691728523,155.19740000000002,152.1873930827148,6.02001383457042,0.8560789159138131,1.2919999999999996,92.51961320926844,82.78762357408806,0.011891369700205346,0.00913302953457784,1.4370000000000118,0.4099999999999966,0.02400000000000091,-0.0012034464658361443,156.03,40520.0,-0.000888991218813473,156.218,41555.0,0.0029957020976330018,156.357,46106.0,-0.0026762970367264494,154.65,44890.0,51613.5,1.3050267856277913
2026-03-03 00:00:00+00:00,157.38,157.964,157.15,157.676,65519.0,0.0021291335379842735,0.002126870145313774,0.005463629963513357,156.7244,155.9028,155.29285,156.04139999999998,151.059045,155.95111019305654,155.64185276789294,79.29111907606547,3.2809972030628667,0.3092574251635938,-0.10477107073843916,0.41402849590203294,158.493917997765,155.29285,152.09178200223496,6.402135995530045,0.8722429516748644,1.2007142857142838,94.94204425711254,90.01485661061804,0.0051624850960196415,0.0018772673076434734,0.29599999999999227,0.2880000000000109,0.22999999999998977,0.008402230340319283,157.341,67357.0,-0.0012034464658361443,156.03,40520.0,-0.000888991218813473,156.218,41555.0,0.008018105399288489,155.89,47454.0,52050.9,1.2587486479580563
2026-03-04 00:00:00+00:00,157.532,157.863,156.854,157.028,58962.0,-0.004109693295111461,-0.004118161293147639,0.0053448292483081646,156.85859999999997,156.1239,155.3014,156.04131999999998,151.130145,156.11678554797092,155.7445303406416,77.99686602246031,2.2923737370447372,0.3722552073293173,-0.009365815124887877,0.38162102245420515,158.5209191141404,155.3014,152.0818808858596,6.439038228280822,0.7681456358523563,1.1664999999999972,82.7306273062729,90.06409492421794,0.006425605624474528,-0.003209618666734717,0.5040000000000191,0.33099999999998886,0.17399999999997817,0.0021291335379842735,157.676,65519.0,0.008402230340319283,157.341,67357.0,-0.0012034464658361443,156.03,40520.0,0.0029957020976330018,156.357,46106.0,52179.45,1.1299850803333498
2026-03-05 00:00:00+00:00,157.0,157.847,156.45,157.55,61602.0,0.0033242479048323226,0.00331873480732253,0.005391218542236477,157.125,156.3805,155.32819999999998,156.06754,151.196405,156.3372800790523,155.8782688339274,80.1159491797215,2.7810577544084008,0.45901124512491265,0.08430959692507223,0.3747016481998404,158.61594532244555,155.32819999999998,152.0404546775544,6.575490644891147,0.8378911354282386,1.1897857142857131,92.36162361623639,90.01143172654061,0.0088670263408443,0.003490955252300929,0.5500000000000114,0.29699999999999704,0.5500000000000114,-0.004109693295111461,157.028,58962.0,0.0021291335379842735,157.676,65519.0,0.008402230340319283,157.341,67357.0,-0.000888991218813473,156.218,41555.0,52381.85,1.1760180291455915
2026-03-06 00:00:00+00:00,157.508,158.09,157.381,157.801,151782.0,0.0015931450333226405,0.0015918773240252843,0.005393442918415697,157.4792,156.6541,155.3564,156.10584,151.261455,156.56246775919809,156.0206933647476,78.55242150079856,1.9274369093833237,0.5417743944504991,0.17580255643015763,0.3659718380203415,158.72183879363212,155.3564,151.9909612063679,6.730877587264217,0.8631918673763304,1.1625000000000003,94.63921350398783,89.91048814216568,0.004493000678069234,0.0018567689685108331,0.29299999999997794,0.2890000000000157,0.12700000000000955,0.0033242479048323226,157.55,61602.0,-0.004109693295111461,157.028,58962.0,0.0021291335379842735,157.676,65519.0,-0.0012034464658361443,156.03,40520.0,57604.5,2.6348983152357888
2026-03-09 00:00:00+00:00,158.083,158.899,157.6,157.651,322092.0,-0.0009505643183501666,-0.0009510163911173596,0.004992399122900719,157.5412,156.9542,155.4448,156.12836000000001,151.328865,156.729934257783,156.14145681921073,79.31219774314914,1.7208227946110575,0.5884774385722551,0.25833753285857713,0.33013990571367796,158.95811114477493,155.4448,151.93148885522504,7.026622289549891,0.813977315001138,1.1680000000000024,78.58980957282571,88.53021556434997,0.008239719380149866,-0.0027402300017125673,0.43199999999998795,0.8160000000000025,0.051000000000016144,0.0015931450333226405,157.801,151782.0,0.0033242479048323226,157.55,61602.0,-0.004109693295111461,157.028,58962.0,0.008402230340319283,157.341,67357.0,70819.1,4.548095076045868
2026-03-10 00:00:00+00:00,157.661,158.132,157.274,158.07,356306.0,0.0026577693766609567,0.002654243753112463,0.004381842551824823,157.61999999999998,157.1722,155.6297,156.16914,151.39918,156.93609821812407,156.28431186963957,75.68293068056238,1.937897010930897,0.6517863484845066,0.337027295983763,0.31475905250074354,159.2913922231179,155.6297,151.96800777688213,7.323384446235764,0.8332202505433535,1.1008571428571454,83.0850846765965,85.43803591780333,0.005427974947807959,0.0025874612513442892,0.4089999999999918,0.06200000000001182,0.38700000000000045,-0.0009505643183501666,157.651,322092.0,0.0015931450333226405,157.801,151782.0,0.0033242479048323226,157.55,61602.0,0.0021291335379842735,157.676,65519.0,85961.55,4.144946199783508
2026-03-11 00:00:00+00:00,158.07,158.978,157.864,158.823,286083.0,0.004763712279370003,0.004752401708011461,0.003975181917680709,157.97899999999998,157.4188,155.9077,156.21722,151.48004,157.22639079995113,156.47236284225886,77.74244833068391,2.6983511154219215,0.7540279576922728,0.420427428325465,0.33360052936680784,159.65605172758433,155.9077,152.15934827241568,7.4967034551686424,0.8888775936561867,1.123571428571432,96.8875502008032,86.18748148340846,0.0070140974543989485,0.004741126914867584,0.7530000000000143,0.15500000000000114,0.20599999999998886,0.0026577693766609567,158.07,356306.0,-0.0009505643183501666,157.651,322092.0,0.0015931450333226405,157.801,151782.0,-0.004109693295111461,157.028,58962.0,97327.35,2.9393895960385232
2026-03-12 00:00:00+00:00,158.831,159.433,158.568,159.296,295969.0,0.0029781580753416304,0.002973732147811246,0.003787328512766918,158.32819999999998,157.72660000000002,156.2355,156.27016,151.55704,157.54479221534325,156.6815211502397,78.9358500889074,2.184873949579836,0.8632710651035609,0.5089961556810841,0.35427490942247675,159.96406300808553,156.2355,152.50693699191447,7.45712601617106,0.9104128042577235,1.1189285714285728,97.47930082796688,92.48397856845553,0.005430142627561149,0.002919094013660126,0.4650000000000034,0.13700000000000045,0.2629999999999768,0.004763712279370003,158.823,286083.0,0.0026577693766609567,158.07,356306.0,-0.0009505643183501666,157.651,322092.0,0.0033242479048323226,157.55,61602.0,108929.3,2.7170742857982195
2026-03-13 00:00:00+00:00,159.326,159.751,159.006,159.713,307184.0,0.0026177681799919306,0.002614347792756739,0.0037389301246683886,158.71059999999997,158.0949,156.5878,156.32796,151.64204,157.87836264375198,156.9060751391108,84.61643648297577,2.1463701657105183,0.972287504641173,0.601654425473102,0.370633079168071,160.22711379304005,156.5878,152.94848620695993,7.27862758608012,0.9293666577991625,1.0959285714285727,99.2732836106328,97.88004487980095,0.004664617157025443,0.002423096429219916,0.38700000000000045,0.038000000000010914,0.3199999999999932,0.0029781580753416304,159.296,295969.0,0.004763712279370003,158.823,286083.0,0.0026577693766609567,158.07,356306.0,0.0015931450333226405,157.801,151782.0,121548.8,2.527248315080034
2026-03-16 00:00:00+00:00,159.571,159.75,158.848,159.005,253861.0,-0.0044329516069449015,-0.004442806271203598,0.003940110708576226,158.98139999999998,158.26129999999998,156.8626,156.38016000000002,151.719645,158.05169146779014,157.06155105473223,72.96858870373126,1.7840453724922907,0.990140413057901,0.6793516229900618,0.3107887900678392,160.3498827244147,156.8626,153.37531727558527,6.9745654488294235,0.8071732591396901,1.0350000000000006,83.05700658641811,93.26986367500592,0.005672777585610433,-0.0035596364894185874,0.5660000000000025,0.17900000000000205,0.15699999999998226,0.0026177681799919306,159.713,307184.0,0.0029781580753416304,159.296,295969.0,0.004763712279370003,158.823,286083.0,-0.0009505643183501666,157.651,322092.0,132493.75,1.9160224538893345
2026-03-17 00:00:00+00:00,159.012,159.497,158.722,159.02,128254.0,9.433665608016284e-05,9.433220665764953e-05,0.003888697761530545,159.1714,158.39569999999998,157.14925,156.42734000000002,151.790735,158.20066201120704,157.2066213469743,71.0380786854166,1.9162981477920968,0.9940406642327559,0.7422894312386007,0.25175123299415525,160.32784663671706,157.14925,153.97065336328293,6.35719327343412,0.7942729471223778,0.9850000000000014,82.65717674970358,88.32915564891816,0.004873600804930233,5.030813734127642e-05,0.008000000000009777,0.47700000000000387,0.28999999999999204,-0.0044329516069449015,159.005,253861.0,0.0026177681799919306,159.713,307184.0,0.0029781580753416304,159.296,295969.0,0.0026577693766609567,158.07,356306.0,136304.8,0.940935315557486
2026-03-18 00:00:00+00:00,159.014,159.896,158.567,159.724,100922.0,0.00442711608602675,0.0044173452347883255,0.0034507095148482527,159.3516,158.6653,157.3946,156.48684,151.86682,158.43502170179056,157.393093839791,75.42790832608094,1.514544842094547,1.041927861999568,0.8022171173907942,0.23971074460877384,160.57273347406135,157.3946,154.21646652593864,6.356266948122709,0.866472965816511,1.0274285714285705,96.05504587155968,87.25640973589378,0.008320603040244293,0.004445167914652649,0.7099999999999795,0.17199999999999704,0.44700000000000273,9.433665608016284e-05,159.02,128254.0,-0.0044329516069449015,159.005,253861.0,0.0026177681799919306,159.713,307184.0,0.004763712279370003,158.823,286083.0,138936.6,0.7263888708950701
2026-03-19 00:00:00+00:00,159.722,159.847,157.508,157.776,149223.0,-0.01219603816583592,-0.01227102011815247,0.004626089924174879,159.04760000000002,158.68789999999998,157.5342,156.50502,151.931685,158.33363374766893,157.42145725906573,60.08782066096619,0.06342119282580909,0.912176488603194,0.8242089916332742,0.08796749696991979,160.50501378891764,157.5342,154.56338621108236,5.941627577835277,0.540695919902827,1.1447142857142845,47.21115537848653,75.30779266658327,0.01482481492749213,-0.012333941790893404,1.945999999999998,0.125,0.2680000000000007,0.00442711608602675,159.724,100922.0,9.433665608016284e-05,159.02,128254.0,-0.0044329516069449015,159.005,253861.0,0.0029781580753416304,159.296,295969.0,143868.05,1.0372212593414591
2026-03-20 00:00:00+00:00,157.776,159.387,157.7,159.224,108198.0,0.009177568197951347,0.009135710226945905,0.004979889023206024,158.9498,158.83020000000002,157.74214999999998,156.53126,152.00528,158.47061317110447,157.55497894357939,60.709816858150425,1.398476704791501,0.9156342275250893,0.8424940388116373,0.07314018871345196,160.56371546880257,157.74214999999998,154.9205845311974,5.643130937605179,0.7625935879185666,1.1315714285714276,80.49912942542085,74.58844355848902,0.010595136411596318,0.009094106416118042,1.447999999999979,0.16300000000001091,0.07600000000002183,-0.01219603816583592,157.776,149223.0,0.00442711608602675,159.724,100922.0,9.433665608016284e-05,159.02,128254.0,0.0026177681799919306,159.713,307184.0,146691.95,0.7375864865113593
2026-03-23 00:00:00+00:00,159.276,159.656,158.019,158.377,186565.0,-0.005319549816610425,-0.005333748999629678,0.00512494078436148,158.8242,158.9028,157.9285,156.53573999999998,152.079935,158.45621114478072,157.61586939220314,53.76760184886612,0.5249127261186912,0.8403417525775865,0.8420635815648272,-0.0017218289872407144,160.35480179925236,157.9285,155.50219820074767,4.852603598504686,0.5924246110146313,1.1903571428571422,55.91990713871219,61.21006398087318,0.010336096781729672,-0.005676329264981663,0.8990000000000009,0.37999999999999545,0.3580000000000041,0.009177568197951347,159.224,108198.0,-0.01219603816583592,157.776,149223.0,0.00442711608602675,159.724,100922.0,-0.0044329516069449015,159.005,253861.0,153775.7,1.2132280978073908
