time,open,high,low,close,volume,returns_simple,returns_log,volatility_20,sma_5,sma_10,sma_20,sma_50,sma_200,ema_12,ema_26,rsi_14,roc_12,macd,macd_signal,macd_hist,bb_upper,bb_middle,bb_lower,bb_width,bb_position,atr_14,stoch_k,stoch_d,high_low_ratio,close_open_ratio,body_size,wick_upper,wick_lower,returns_lag_1,close_lag_1,volume_lag_1,returns_lag_2,close_lag_2,volume_lag_2,returns_lag_3,close_lag_3,volume_lag_3,returns_lag_5,close_lag_5,volume_lag_5,volume_sma_20,volume_ratio
2025-03-17 00:00:00+00:00,0.88497,0.88518,0.87955,0.88022,29732.0,,,,,,,,,0.88022,0.88022,,,0.0,0.0,0.0,,,,,,,,,0.006396128240667007,-0.005396378178182763,0.004750000000000032,0.00020999999999993246,0.0006699999999999484,,,,,,,,,,,,,,
2025-03-18 00:00:00+00:00,0.88023,0.88181,0.87565,0.87665,29456.0,-0.0040558042307604625,-0.004064051311322132,,,,,,,0.8796707692307693,0.8799555555555555,,,-0.0002847863247862348,-5.6957264957246956e-05,-0.00022782905982898782,,,,,,,,,0.007026749557976323,-0.004083727827525143,0.0035799999999999166,0.0015800000000000258,0.0010000000000000009,,0.88022,29732.0,,,,,,,,,,,
2025-03-19 00:00:00+00:00,0.87671,0.88086,0.87573,0.87725,29460.0,0.000684423658244393,0.0006841895471870846,,,,,,,0.8792983431952663,0.8797551440329217,,,-0.00045680083765531343,-0.00013692597949686026,-0.0003198748581584532,,,,,,,,,0.005847819891707002,0.0006155599886007238,0.0005399999999999849,0.003610000000000002,0.0009799999999999809,-0.0040558042307604625,0.87665,29456.0,,0.88022,29732.0,,,,,,,,
2025-03-20 00:00:00+00:00,0.87725,0.88421,0.87551,0.88125,34851.0,0.004559703619264832,0.0045493396631539965,,,,,,,0.8795985980883023,0.8798658741045571,,,-0.0002672760162547583,-0.00016299598684843986,-0.00010428002940631842,,,,,,,,,0.009872340425531962,0.004539007092198586,0.0040000000000000036,0.0029600000000000737,0.0017399999999999638,0.000684423658244393,0.87725,29460.0,-0.0040558042307604625,0.87665,29456.0,,0.88022,29732.0,,,,,
2025-03-21 00:00:00+00:00,0.88168,0.88395,0.8796,0.88224,28854.0,0.0011234042553192047,0.0011227737089535672,,0.879522,,,,,0.8800049676131789,0.8800417352819974,,,-3.676766881843818e-05,-0.00013775032324243953,0.00010098265442400135,,,,,,,,,0.00493063112078342,0.0006347479143997154,0.0005600000000000049,0.0017099999999999893,0.0020799999999999708,0.004559703619264832,0.88125,34851.0,0.000684423658244393,0.87725,29460.0,-0.0040558042307604625,0.87665,29456.0,,,,,
2025-03-24 00:00:00+00:00,0.88232,0.88447,0.87984,0.88258,36309.0,0.00038538266231413765,0.0003853084214894035,,0.8799939999999999,,,,,0.8804011264419207,0.8802297548907383,,,0.00017137155118240877,-7.592594835746988e-05,0.00024729749953987865,,,,,,,,,0.005245983366946931,0.00029459085861909174,0.000260000000000038,0.0018899999999999473,0.0024800000000000377,0.0011234042553192047,0.88224,28854.0,0.004559703619264832,0.88125,34851.0,0.000684423658244393,0.87725,29460.0,,0.88022,29732.0,,
2025-03-25 00:00:00+00:00,0.88249,0.88477,0.87993,0.88237,37696.0,-0.0002379387704231073,-0.00023796708234343392,,0.881138,,,,,0.8807040300662405,0.8803882915654984,,,0.0003157385007421798,2.406941462460051e-06,0.00031333155927971973,,,,,,,,,0.005485227285605761,-0.00013599737071750965,0.00012000000000000899,0.0022799999999999487,0.0024399999999999977,0.00038538266231413765,0.88258,36309.0,0.0011234042553192047,0.88224,28854.0,0.004559703619264832,0.88125,34851.0,-0.0040558042307604625,0.87665,29456.0,,
2025-03-26 00:00:00+00:00,0.88237,0.88495,0.88222,0.88426,38567.0,0.0021419585888007298,0.0021396678660083558,,0.88254,,,,,0.881251102363742,0.8806750847828688,,,0.0005760175808732226,0.00011712906934461257,0.00045888851152861007,,,,,,,,,0.0030873272566892206,0.0021373804084772107,0.0018900000000000583,0.0006899999999999684,0.00014999999999998348,-0.0002379387704231073,0.88237,37696.0,0.00038538266231413765,0.88258,36309.0,0.0011234042553192047,0.88224,28854.0,0.000684423658244393,0.87725,29460.0,,
2025-03-27 00:00:00+00:00,0.88423,0.88479,0.88002,0.88138,45494.0,-0.003256960622441407,-0.0032622760632817706,,0.8825660000000001,,,,,0.8812709327693201,0.8807273007248786,,,0.0005436320444415221,0.0002024296643639945,0.00034120238007752764,,,,,,,,,0.005411967596269419,-0.0032335655449407838,0.002849999999999908,0.0005600000000000049,0.0013600000000000279,0.0021419585888007298,0.88426,38567.0,-0.0002379387704231073,0.88237,37696.0,0.00038538266231413765,0.88258,36309.0,0.004559703619264832,0.88125,34851.0,,
2025-03-28 00:00:00+00:00,0.88113,0.88333,0.87984,0.88017,38779.0,-0.0013728471260977537,-0.0013737903440751305,,0.8821519999999999,0.880837,,,,0.881101558497117,0.8806860191897025,,,0.0004155393074145586,0.00024505159297410735,0.00017048771444045123,,,,,,,,,0.003965143097356185,-0.001090698387811401,0.0009599999999999609,0.0021999999999999797,0.0003300000000000525,-0.003256960622441407,0.88138,45494.0,0.0021419585888007298,0.88426,38567.0,-0.0002379387704231073,0.88237,37696.0,0.0011234042553192047,0.88224,28854.0,,
2025-03-31 00:00:00+00:00,0.87907,0.88542,0.87762,0.88362,45419.0,0.003919697331197236,0.003912035332896351,,0.8823599999999999,0.8811770000000001,,,,0.8814890110360221,0.8809033511015764,,,0.0005856599344457036,0.00031317326126842663,0.000272486673177277,,,,,,,,,0.008827323962789468,0.005149272311627106,0.004549999999999943,0.0018000000000000238,0.0014500000000000624,-0.0013728471260977537,0.88017,38779.0,-0.003256960622441407,0.88138,45494.0,0.0021419585888007298,0.88426,38567.0,0.00038538266231413765,0.88258,36309.0,,
2025-04-01 00:00:00+00:00,0.88345,0.88436,0.88157,0.88343,40434.0,-0.0002150245580678778,-0.00021504767916262545,,0.882572,0.881855,,,,0.8817876247227878,0.8810905102792375,,,0.0006971144435503618,0.0003899614977248137,0.0003071529458255481,,,,,,,,,0.003158144957721687,-2.263903195489057e-05,1.999999999990898e-05,0.0009100000000000774,0.0018600000000000838,0.003919697331197236,0.88362,45419.0,-0.0013728471260977537,0.88017,38779.0,-0.003256960622441407,0.88138,45494.0,-0.0002379387704231073,0.88237,37696.0,,
2025-04-02 00:00:00+00:00,0.88204,0.88475,0.88099,0.88135,46006.0,-0.0023544593233194577,-0.002357235421000786,,0.88199,0.882265,,,,0.881720297842359,0.8811097317400347,,0.1283769966599219,0.0006105661023242392,0.00043408241864469885,0.0001764836836795404,,,,,,,,,0.004266182560844143,-0.0007828898848358535,0.0006900000000000794,0.00270999999999999,0.00035999999999991594,-0.0002150245580678778,0.88343,40434.0,0.003919697331197236,0.88362,45419.0,-0.0013728471260977537,0.88017,38779.0,0.0021419585888007298,0.88426,38567.0,,
2025-04-03 00:00:00+00:00,0.88118,0.88248,0.85468,0.85904,109168.0,-0.02531343960968957,-0.025639336191702982,,0.8775219999999999,0.880044,,,,0.8782310212512268,0.8794749367963284,25.777676120768547,-2.008783436947472,-0.0012439155451016148,9.848282589543613e-05,-0.001342398370997051,,,,,,0.006612857142857135,14.18347430058566,,0.03236170609051971,-0.025772955857701545,0.022139999999999938,0.0013000000000000789,0.0043600000000000305,-0.0023544593233194577,0.88135,46006.0,-0.0002150245580678778,0.88343,40434.0,0.003919697331197236,0.88362,45419.0,-0.003256960622441407,0.88138,45494.0,,
2025-04-04 00:00:00+00:00,0.85897,0.86244,0.84757,0.85975,124689.0,0.0008265040044701522,0.0008261626381162726,,0.8734379999999999,0.8777950000000001,,,,0.8753877872125765,0.8780138303669707,26.963763223047494,-1.9948703334283229,-0.0026260431543941865,-0.0004464223701624884,-0.002179620784231698,,,,,,0.0072728571428571365,32.17965653896959,,0.017295725501599232,0.0009072404768828182,0.0007800000000000029,0.00268999999999997,0.011399999999999966,-0.02531343960968957,0.85904,109168.0,-0.0023544593233194577,0.88135,46006.0,-0.0002150245580678778,0.88343,40434.0,-0.0013728471260977537,0.88017,38779.0,,
2025-04-07 00:00:00+00:00,0.85419,0.86725,0.84499,0.85898,148055.0,-0.000895609188717672,-0.0008960104862488585,,0.86851,0.8754350000000001,,,,0.8728635122567956,0.8766039170064542,28.777324045159688,-2.527092198581562,-0.0037404047496586434,-0.0011052188460617194,-0.002635185903596924,,,,,,0.008422857142857136,34.60301756121682,26.988716133590685,0.02591445668117994,0.005576381289436263,0.004789999999999961,0.00827,0.009199999999999986,0.0008265040044701522,0.85975,124689.0,-0.02531343960968957,0.85904,109168.0,-0.0023544593233194577,0.88135,46006.0,0.003919697331197236,0.88362,45419.0,,
2025-04-08 00:00:00+00:00,0.85825,0.86045,0.84545,0.84681,109312.0,-0.014167966658129472,-0.014269290471233155,,0.861186,0.8718790000000001,,,,0.868855279601904,0.8743969601911614,21.390977443609074,-4.015914036996744,-0.005541680589257414,-0.0019925111947008585,-0.0035491693945565554,,,,,,0.00912785714285714,4.501607717041638,23.76142727240935,0.01771353668473449,-0.013509523978224166,0.011440000000000006,0.0022000000000000908,0.0013599999999999168,-0.000895609188717672,0.85898,148055.0,0.0008265040044701522,0.85975,124689.0,-0.02531343960968957,0.85904,109168.0,-0.0002150245580678778,0.88343,40434.0,,
2025-04-09 00:00:00+00:00,0.84672,0.85821,0.83583,0.85633,143245.0,0.011242191282578196,0.011179467514103756,,0.8561820000000001,0.869086,,,,0.8669283135093034,0.873058666843668,28.780653950953806,-2.9742346302884717,-0.006130353334364513,-0.0028200796226335893,-0.003310273711730924,,,,,,0.010105,41.33897963299065,26.81453497041637,0.026134784487288856,0.011222309156516772,0.009610000000000007,0.0018799999999999928,0.010890000000000066,-0.014167966658129472,0.84681,109312.0,-0.000895609188717672,0.85898,148055.0,0.0008265040044701522,0.85975,124689.0,-0.0023544593233194577,0.88135,46006.0,,
2025-04-10 00:00:00+00:00,0.8565,0.85768,0.82266,0.82288,129829.0,-0.03906204383824008,-0.03984543384239145,,0.84895,0.863236,,,,0.8601516498924875,0.8693417285589518,17.44900197411718,-6.742069653320041,-0.009190078666464263,-0.004094079431399724,-0.005095999235064539,,,,,,0.01229571428571429,0.35054174633524193,15.39704303212251,0.04255784561539964,-0.040856503986000506,0.033620000000000094,0.0011799999999999589,0.00021999999999999797,0.011242191282578196,0.85633,143245.0,-0.014167966658129472,0.84681,109312.0,-0.000895609188717672,0.85898,148055.0,-0.02531343960968957,0.85904,109168.0,,
2025-04-11 00:00:00+00:00,0.82351,0.82564,0.80982,0.81379,146535.0,-0.011046568150884561,-0.011108034565972194,,0.839758,0.856598,0.8687175,,,0.8530190883705664,0.8652267857027331,15.580906634644307,-7.969375523036214,-0.012207697332166756,-0.005716803011553131,-0.006490894320613625,0.9101093155525564,0.8687175,0.8273256844474437,0.08278363110511266,-0.1635067738241278,0.013095000000000008,5.25132275132279,15.646948043549562,0.01943990464370422,-0.011944113346194904,0.009719999999999951,0.0021300000000000763,0.003970000000000029,-0.03906204383824008,0.82288,129829.0,0.011242191282578196,0.85633,143245.0,-0.014167966658129472,0.84681,109312.0,0.0008265040044701522,0.85975,124689.0,69594.5,2.1055543182291703
2025-04-14 00:00:00+00:00,0.8183,0.82676,0.81186,0.81367,117853.0,-0.00014745818945915978,-0.0001474690624868702,0.011230017634203733,0.830696,0.8496029999999999,0.86539,,,0.8469653824674024,0.8614077645395677,15.59495192307699,-7.682270984138515,-0.014442382072165305,-0.007461918823675567,-0.0069804632484897385,0.9131053092501988,0.86539,0.8176746907498011,0.09543061850039769,-0.04196442203488867,0.01381357142857144,5.092592592592619,3.5648190300835503,0.018312092125800417,-0.00569026755318498,0.004630000000000023,0.008460000000000023,0.0018099999999999783,-0.011046568150884561,0.81379,146535.0,-0.03906204383824008,0.82288,129829.0,0.011242191282578196,0.85633,143245.0,-0.000895609188717672,0.85898,148055.0,74000.55,1.5925962712439299
2025-04-15 00:00:00+00:00,0.8134,0.82383,0.81288,0.82226,79726.0,0.010557105460444527,0.010501768348358084,0.011682990295680762,0.8257860000000001,0.8434860000000001,0.8626705000000001,,,0.8431645543954943,0.8585079301292293,20.902947249859196,-6.579410795641754,-0.01534337573373501,-0.009038210205687456,-0.006305165528047553,0.913763936997432,0.8626705000000001,0.8115770630025683,0.1021868739948637,0.10454314316307092,0.014400714285714291,16.455026455026463,8.93298059964729,0.013316955707440353,0.010775180599810254,0.008859999999999979,0.0015699999999999603,0.0005199999999999649,-0.00014745818945915978,0.81367,117853.0,-0.011046568150884561,0.81379,146535.0,-0.03906204383824008,0.82288,129829.0,-0.014167966658129472,0.84681,109312.0,76514.05,1.0419785647211197
2025-04-16 00:00:00+00:00,0.81992,0.82322,0.81199,0.8126,89777.0,-0.011748108870673457,-0.011817663192878615,0.011799440960675759,0.8170400000000001,0.8366110000000001,0.8594380000000001,,,0.838462315257726,0.8551073427122493,19.652312036710185,-8.037391638939813,-0.016645027454523342,-0.010559573655454634,-0.006085453799068708,0.9146611334439513,0.8594380000000001,0.804214866556049,0.11044626688790227,0.07592047862026419,0.014862142857142864,3.6772486772486834,8.408289241622589,0.013819837558454298,-0.009008122077282788,0.007319999999999993,0.0032999999999999696,0.0006099999999999994,0.010557105460444527,0.82226,79726.0,-0.00014745818945915978,0.81367,117853.0,-0.011046568150884561,0.81379,146535.0,0.011242191282578196,0.85633,143245.0,79529.9,1.1288458806059105
2025-04-17 00:00:00+00:00,0.81194,0.82302,0.81139,0.81872,78036.0,0.007531380753138084,0.007503161503155315,0.01192764311052405,0.8162079999999999,0.832579,0.8563115,,,0.8354250359873066,0.8524119839928234,24.012517973441604,-7.324858789038186,-0.01698694800551681,-0.01184504852546707,-0.005141899480049741,0.9133844281478394,0.8563115,0.7992385718521606,0.11414585629567875,0.17067135663142674,0.015443571428571437,11.772486772486797,10.634920634920649,0.014205100644909163,0.008281219464530008,0.006780000000000008,0.0042999999999999705,0.0005500000000000504,-0.011748108870673457,0.8126,89777.0,0.010557105460444527,0.82226,79726.0,-0.00014745818945915978,0.81367,117853.0,-0.03906204383824008,0.82288,129829.0,81689.15,0.9552798627479905
2025-04-18 00:00:00+00:00,0.8178,0.81943,0.81473,0.81473,172083.0,-0.004873461012312008,-0.004885375047583509,0.011877806187947045,0.8163959999999999,0.8280770000000001,0.852936,,,0.8322411842969517,0.849620725919281,20.998568662120093,-7.558858569240372,-0.017379541622329242,-0.012951947144839505,-0.004427594477489737,0.9115176926315633,0.852936,0.7943543073684367,0.11716338526312664,0.17390836382717453,0.015222142857142866,6.552782597090573,7.3341726822753515,0.0057687822959754005,-0.0037681194997115823,0.003070000000000017,0.0016300000000000203,0.0,0.007531380753138084,0.81872,78036.0,-0.011748108870673457,0.8126,89777.0,0.010557105460444527,0.82226,79726.0,-0.011046568150884561,0.81379,146535.0,88850.6,1.9367680128215228
2025-04-21 00:00:00+00:00,0.81542,0.81648,0.80384,0.80868,64435.0,-0.007425772955457655,-0.007453481263072356,0.011857732770219023,0.8153979999999998,0.8230470000000001,0.8492409999999999,,,0.8286163867128054,0.8465880795548898,20.01123325042127,-5.862357981002057,-0.01797169284208444,-0.013955896284288494,-0.004015796557795947,0.9092548338087233,0.8492409999999999,0.7892271661912765,0.12002766761744676,0.16206958107961963,0.01592571428571429,5.981955258929617,8.102408209502329,0.015630410050947206,-0.008334569916407082,0.006740000000000079,0.0010599999999999499,0.0048399999999999554,-0.004873461012312008,0.81473,172083.0,0.007531380753138084,0.81872,78036.0,-0.011748108870673457,0.8126,89777.0,-0.00014745818945915978,0.81367,117853.0,90256.9,0.7139066376088699
2025-04-22 00:00:00+00:00,0.80844,0.81904,0.80625,0.81841,77787.0,0.0120319533066231,0.011960144780471684,0.012384394684571242,0.8146279999999999,0.8202069999999999,0.8460430000000001,,,0.8270461733723737,0.8445008144026758,26.20955548835805,-4.808374527478923,-0.01745464103030203,-0.014655645233491204,-0.0027989957968108277,0.9054370667247604,0.8460430000000001,0.7866489332752398,0.11878813344952066,0.2673757538100988,0.01657071428571429,18.52746693794502,10.354068264655071,0.015627863784655575,0.012182158087022305,0.009969999999999923,0.0006300000000000194,0.0021900000000000253,-0.007425772955457655,0.80868,64435.0,-0.004873461012312008,0.81473,172083.0,0.007531380753138084,0.81872,78036.0,0.010557105460444527,0.82226,79726.0,92261.45,0.8431148654177882
2025-04-23 00:00:00+00:00,0.81692,0.831,0.81692,0.82958,97667.0,0.013648415830696203,0.013556115094260131,0.01292464710971658,0.818024,0.8175319999999999,0.843309,,,0.8274359928535471,0.8433955688913665,37.84051510648837,-3.4226640899671685,-0.01595957603781939,-0.014916431394356841,-0.0010431446434625482,0.900280568495541,0.843309,0.786337431504459,0.11394313699108194,0.37951007526609937,0.015590714285714282,40.592966409083736,21.700796201986122,0.016972443887268235,0.015260734347501151,0.012660000000000005,0.0014199999999999768,0.0,0.0120319533066231,0.81841,77787.0,-0.007425772955457655,0.80868,64435.0,-0.004873461012312008,0.81473,172083.0,-0.011748108870673457,0.8126,89777.0,95216.45,1.0257366242912858
2025-04-24 00:00:00+00:00,0.82877,0.83038,0.82385,0.82587,62610.0,-0.00447214252995487,-0.004482172474089885,0.012928249317398154,0.819454,0.817831,0.8405334999999999,,,0.8271950708760782,0.8420973786031171,36.354116320283566,-2.472809721188928,-0.014902307727038822,-0.014913606660893239,1.129893385441727e-05,0.8950514986793353,0.8405334999999999,0.7860155013206646,0.10903599735867076,0.3655168902452941,0.014995000000000005,34.7421542343479,31.28752919379222,0.007906813420998506,-0.003511448533062121,0.0029000000000000137,0.0016100000000000003,0.0020200000000000218,0.013648415830696203,0.82958,97667.0,0.0120319533066231,0.81841,77787.0,-0.007425772955457655,0.80868,64435.0,0.007531380753138084,0.81872,78036.0,96072.25,0.6516970300997427
2025-04-25 00:00:00+00:00,0.8267,0.83336,0.82516,0.82731,62590.0,0.0017436158233135046,0.0017420974899144018,0.012969725462536207,0.82197,0.819183,0.8378905,,,0.8272127522797585,0.8410020172251084,37.312715327297525,-3.388880454964797,-0.013789264945349822,-0.014688738317784557,0.0008994733724347354,0.8893576232719952,0.8378905,0.7864233767280048,0.10293424654399042,0.39721108032322106,0.013990714285714292,41.45910616498846,38.93140893614003,0.009911641343631752,0.0007373294170262652,0.0006099999999999994,0.00605,0.0015399999999999858,-0.00447214252995487,0.82587,62610.0,0.013648415830696203,0.82958,97667.0,0.0120319533066231,0.81841,77787.0,-0.004873461012312008,0.81473,172083.0,97262.8,0.6435142726715661
2025-04-28 00:00:00+00:00,0.8295,0.83175,0.81907,0.81961,60203.0,-0.00930727296902012,-0.009350856272675621,0.012934899889915955,0.824156,0.819777,0.8346899999999999,,,0.8260430980828726,0.8394174233565818,38.69868705334887,-0.39738479486680867,-0.013374325273709187,-0.014425855708969485,0.0010515304352602985,0.8819746546822651,0.8346899999999999,0.7874053453177348,0.09456930936453034,0.34054023338721806,0.013825000000000007,29.00496597388255,35.0687421244063,0.015470772684569522,-0.01206671465697108,0.009890000000000065,0.0022499999999999742,0.0005399999999999849,0.0017436158233135046,0.82731,62590.0,-0.00447214252995487,0.82587,62610.0,0.013648415830696203,0.82958,97667.0,-0.007425772955457655,0.80868,64435.0,98002.0,0.6143037897185771
2025-04-29 00:00:00+00:00,0.81987,0.82633,0.81922,0.82289,67388.0,0.0040019033442735275,0.003993917028969113,0.013028255727993081,0.825052,0.8198399999999999,0.831663,,,0.825558006070123,0.8381931697746128,35.346187554776535,1.1182246033989107,-0.012635163704489805,-0.01406771730807355,0.001432553603583745,0.87321355518028,0.831663,0.7901124448197201,0.0831011103605599,0.39442981012003747,0.012734285714285722,35.382615156017856,35.28222909829629,0.008640279988819964,0.0036699923440557335,0.0030200000000000227,0.0034399999999999986,0.0006500000000000394,-0.00930727296902012,0.81961,60203.0,0.0017436158233135046,0.82731,62590.0,-0.00447214252995487,0.82587,62610.0,0.0120319533066231,0.81841,77787.0,99349.7,0.6782909258910697
2025-04-30 00:00:00+00:00,0.82264,0.82716,0.82129,0.82516,69276.0,0.002758570404306715,0.002754772531831459,0.013101086159828808,0.824168,0.821096,0.8288534999999999,,,0.8254967743670272,0.8372277497913081,51.37481910274967,1.412120392788231,-0.01173097542428092,-0.013600368931315023,0.0018693935070341026,0.8632391036430181,0.8288534999999999,0.7944678963569817,0.06877120728603647,0.4462929306353788,0.010652142857142863,72.22222222222226,45.536601117374225,0.0071137718745455936,0.003053953172717978,0.0025199999999999667,0.0020000000000000018,0.0013500000000000734,0.0040019033442735275,0.82289,67388.0,-0.00930727296902012,0.81961,60203.0,0.0017436158233135046,0.82731,62590.0,0.013648415830696203,0.82958,97667.0,100513.2,0.6892229080359594
2025-05-01 00:00:00+00:00,0.82384,0.83321,0.82337,0.82874,59840.0,0.004338552523146966,0.004329168137458215,0.012107728591759757,0.824742,0.8220979999999999,0.8273385,,,0.8259957321567153,0.8365990275845446,59.656375145330045,0.7880718993992218,-0.01060329542782934,-0.013000954230617888,0.002397658802788548,0.8586573688879574,0.8273385,0.7960196311120425,0.06263773777591486,0.5223746905581726,0.010225,84.3495934959351,63.98481029139174,0.01187344643675937,0.005912590197166802,0.0049000000000000155,0.004469999999999974,0.00046999999999997044,0.002758570404306715,0.82516,69276.0,0.0040019033442735275,0.82289,67388.0,-0.00930727296902012,0.81961,60203.0,-0.00447214252995487,0.82587,62610.0,98046.8,0.6103207855840272
2025-05-02 00:00:00+00:00,0.82878,0.83171,0.82046,0.82573,73445.0,-0.0036320196925453407,-0.0036386314903771072,0.012099352822519933,0.8244260000000001,0.823198,0.8256375,,,0.8259548502864513,0.835793914430134,57.509339975093354,1.6158011321683454,-0.00983906414368263,-0.012368576213230838,0.0025295120695482086,0.8529884502384723,0.8256375,0.7982865497615278,0.054701900476944454,0.5016909832966211,0.009964285714285712,74.15311653116521,76.90831074977419,0.013624308187906437,-0.0036937013309435254,0.003049999999999997,0.002929999999999988,0.005269999999999997,0.004338552523146966,0.82874,59840.0,0.002758570404306715,0.82516,69276.0,0.0040019033442735275,0.82289,67388.0,0.0017436158233135046,0.82731,62590.0,95484.6,0.7691816271943328
2025-05-05 00:00:00+00:00,0.82497,0.82744,0.82132,0.82201,57143.0,-0.004505104574134333,-0.004515283139585326,0.012109772041525654,0.824906,0.824531,0.823789,,,0.8253479502423818,0.8347728837316055,49.83428344160151,0.40184678522572004,-0.009424933489223686,-0.011779847668429409,0.002354914179205723,0.8462035215147872,0.823789,0.8013744784852128,0.044829043029574356,0.4603159050523041,0.00961928571428571,61.55149051490523,73.3514001806685,0.00744516490067019,-0.0036009294290823258,0.0029599999999999627,0.0024699999999999722,0.0006899999999999684,-0.0036320196925453407,0.82573,73445.0,0.004338552523146966,0.82874,59840.0,0.002758570404306715,0.82516,69276.0,-0.00930727296902012,0.81961,60203.0,90939.0,0.6283662674979932
2025-05-06 00:00:00+00:00,0.82182,0.82644,0.82062,0.82135,59635.0,-0.000802909940268326,-0.0008032324450941925,0.011774446881056002,0.8245979999999999,0.8248249999999999,0.822516,,,0.8247328809743231,0.8337785960477829,56.58587987355111,0.8125391233905799,-0.009045715073459859,-0.0112330211494355,0.0021873060759756407,0.8421442443111161,0.822516,0.8028877556888839,0.03925648862223219,0.4702979038390189,0.009232857142857138,59.31571815718168,65.00677506775071,0.007085895172581648,-0.0005722286479575947,0.00046999999999997044,0.0046199999999999575,0.0007300000000000084,-0.004505104574134333,0.82201,57143.0,-0.0036320196925453407,0.82573,73445.0,0.004338552523146966,0.82874,59840.0,0.0040019033442735275,0.82289,67388.0,88455.15,0.6741834703801871
2025-05-07 00:00:00+00:00,0.8216,0.82711,0.81844,0.82276,70487.0,0.0017166859438728643,0.0017152141227535869,0.011421016312686452,0.824118,0.824143,0.8208375,,,0.8244293608244272,0.8329624037479472,53.27284510693457,1.7411089677004616,-0.008533042923519973,-0.010693025504252395,0.0021599825807324217,0.8323572640235343,0.8208375,0.8093177359764657,0.023039528047068547,0.58344354954114,0.009021428571428569,64.0921409214094,61.65311653116544,0.010537702367640704,0.0014098886674121856,0.0011600000000000499,0.004349999999999965,0.0031600000000000517,-0.000802909940268326,0.82135,59635.0,-0.004505104574134333,0.82201,57143.0,-0.0036320196925453407,0.82573,73445.0,0.002758570404306715,0.82516,69276.0,84817.25,0.8310455715081543
2025-05-08 00:00:00+00:00,0.82266,0.83311,0.82207,0.83063,71573.0,0.009565365355632238,0.009519906903011428,0.007656907987166938,0.8244960000000001,0.824619,0.8212249999999999,,,0.8253833053129769,0.832789633099951,62.118902439024396,1.4931391356410613,-0.007406327786974143,-0.010035685960796745,0.002629358173822602,0.83352875809084,0.8212249999999999,0.8089212419091597,0.024607516181680333,0.8822002972816041,0.009474285714285713,90.75203252032516,71.38663053297209,0.013291116381541781,0.009595126590660141,0.007970000000000033,0.0024800000000000377,0.0005899999999999794,0.0017166859438728643,0.82276,70487.0,-0.000802909940268326,0.82135,59635.0,-0.004505104574134333,0.82201,57143.0,0.004338552523146966,0.82874,59840.0,81904.45,0.8738597231285968
2025-05-09 00:00:00+00:00,0.82967,0.83398,0.82682,0.83063,55031.0,0.0,0.0,0.007162902600107964,0.8254759999999999,0.8249509999999999,0.822067,,,0.8261904891109805,0.8326296602777324,68.42989084802686,0.1265700716024971,-0.006439171166751967,-0.00931638300198779,0.0028772118352358225,0.8345322123928964,0.822067,0.8096017876071036,0.024930424785792882,0.8434758963625758,0.009082857142857146,87.91922106022332,80.92113150065262,0.008619963160492706,0.0011557492505687983,0.0009599999999999609,0.003350000000000075,0.002850000000000019,0.009565365355632238,0.83063,71573.0,0.0017166859438728643,0.82276,70487.0,-0.000802909940268326,0.82135,59635.0,-0.0036320196925453407,0.82573,73445.0,77329.25,0.7116453347213376
2025-05-12 00:00:00+00:00,0.83459,0.84749,0.83295,0.84458,84903.0,0.016794481297328634,0.016655013358048375,0.00797025619420896,0.8299900000000001,0.8274480000000001,0.8236125,,,0.8290196446323681,0.83351487062753,70.51905284616589,2.2654897259859306,-0.004495225995161944,-0.00835215160062262,0.0038569256054606753,0.8390132270846821,0.8236125,0.8082117729153179,0.030801454169364195,1.1807308474693627,0.009373571428571434,90.48086359175673,89.7173723907684,0.017215657486561366,0.011828364394136663,0.009989999999999943,0.002909999999999968,0.0016400000000000858,0.0,0.83063,55031.0,0.009565365355632238,0.83063,71573.0,0.0017166859438728643,0.82276,70487.0,-0.004505104574134333,0.82201,57143.0,75681.75,1.1218424521103172
2025-05-13 00:00:00+00:00,0.84448,0.8456,0.83843,0.8385,61528.0,-0.007198844396031134,-0.007224881107758622,0.007943599371579362,0.8334199999999999,0.8290089999999999,0.8244244999999999,,,0.830478160842773,0.8338841394699352,57.60054533060671,1.3525764223809738,-0.0034059786271621872,-0.007362917005930534,0.003956938378768347,0.841178056700154,0.8244244999999999,0.8076709432998458,0.03350711340030821,0.9200749802539141,0.008880000000000008,69.05335628227216,82.48448031141741,0.00855098389982112,-0.007131782945736417,0.005979999999999985,0.0011200000000000099,7.00000000000145e-05,0.016794481297328634,0.84458,84903.0,0.0,0.83063,55031.0,0.009565365355632238,0.83063,71573.0,-0.000802909940268326,0.82135,59635.0,74771.85,0.8228765237184849
2025-05-14 00:00:00+00:00,0.83867,0.84348,0.83234,0.84124,72972.0,0.00326774001192609,0.0032624125522139197,0.007362854974809679,0.837116,0.8306169999999999,0.8258565000000001,,,0.8321338284054234,0.8344290180277179,63.31658291457285,2.639060040751094,-0.002295189622294469,-0.006349371529203321,0.004054181906908852,0.843238690855798,0.8258565000000001,0.8084743091442023,0.03476438171159568,0.9425075103484066,0.009209285714285722,78.4853700516352,79.3398633085547,0.013242356521325709,0.0030550140269126067,0.002569999999999961,0.0022400000000000198,0.006330000000000058,-0.007198844396031134,0.8385,61528.0,0.016794481297328634,0.84458,84903.0,0.0,0.83063,55031.0,0.0017166859438728643,0.82276,70487.0,73931.6,0.9870204351048807
2025-05-15 00:00:00+00:00,0.84157,0.8421,0.83452,0.83504,64345.0,-0.007370072749750323,-0.00739736592037428,0.007500665415023141,0.837998,0.8312470000000001,0.8266724999999999,,,0.8325809317276659,0.8344742759515906,56.18696974547783,1.4765035423932718,-0.0018933442239247311,-0.005458166068147603,0.0035648218442228723,0.8441759286866741,0.8266724999999999,0.8091690713133257,0.03500685737334841,0.739024597688408,0.009165000000000003,57.14285714285731,68.2271944922549,0.009077409465414734,-0.00781998467139303,0.006530000000000036,0.0005299999999999194,0.0005199999999999649,0.00326774001192609,0.84124,72972.0,-0.007198844396031134,0.8385,61528.0,0.016794481297328634,0.84458,84903.0,0.009565365355632238,0.83063,71573.0,73247.05,0.8784654126002344
2025-05-16 00:00:00+00:00,0.83542,0.83997,0.83257,0.8368,52454.0,0.002107683464265264,0.0021054654155554303,0.007373626546222196,0.839232,0.8323540000000001,0.8277760000000001,,,0.8332300191541788,0.8346465518070283,65.20431629223425,1.4106355131126065,-0.001416532652849467,-0.0046498393850879765,0.0032333067322385094,0.844887684404462,0.8277760000000001,0.8106643155955381,0.03422336880892396,0.7636794773297378,0.00878785714285714,63.2013769363168,66.27653471026977,0.008843212237093645,0.001649139579349829,0.0013799999999999368,0.003170000000000006,0.002850000000000019,-0.007370072749750323,0.83504,64345.0,0.00326774001192609,0.84124,72972.0,-0.007198844396031134,0.8385,61528.0,0.0,0.83063,55031.0,67265.6,0.7798042387193453
2025-05-19 00:00:00+00:00,0.83464,0.83647,0.83175,0.83357,70321.0,-0.003859942638623326,-0.003867411442842219,0.0071907746006855296,0.83703,0.8335100000000001,0.8290205,,,0.8332823238996898,0.83456680722873,59.45467422096321,0.5828124622921544,-0.001284483329040187,-0.003976768173878419,0.002692284844838232,0.843737363903628,0.8290205,0.8143036360963721,0.02943372780725584,0.6545675773653946,0.00864071428571428,52.08261617900199,57.475616752725365,0.005662391880705948,-0.0012836354475329191,0.0010700000000000154,0.0018299999999999983,0.0018200000000000438,0.002107683464265264,0.8368,52454.0,-0.007370072749750323,0.83504,64345.0,0.00326774001192609,0.84124,72972.0,0.016794481297328634,0.84458,84903.0,67559.9,1.0408689178047925
2025-05-20 00:00:00+00:00,0.83355,0.83615,0.82797,0.8281,59648.0,-0.006562136353275738,-0.006583761828161905,0.006961411065235361,0.8349499999999999,0.8341850000000001,0.8295049999999999,,,0.8324850432997375,0.8340877844710463,52.46313672922247,0.28701875915856073,-0.0016027411713087636,-0.003501962773364488,0.0018992216020557243,0.8433640931578479,0.8295049999999999,0.815645906842152,0.027718186315695892,0.44931125781471554,0.008805714285714274,33.25301204819275,49.51233505450384,0.009878034053858188,-0.006581330757155013,0.005450000000000066,0.0025999999999999357,0.00012999999999996348,-0.003859942638623326,0.83357,70321.0,0.002107683464265264,0.8368,52454.0,-0.007370072749750323,0.83504,64345.0,-0.007198844396031134,0.8385,61528.0,66652.95,0.8949041265240324
2025-05-21 00:00:00+00:00,0.82801,0.82846,0.82083,0.82443,71249.0,-0.004431831904359362,-0.004441681583561828,0.0063241289563128415,0.831588,0.834352,0.8292474999999999,,,0.8312458058690086,0.8333723930287464,46.394512297138995,0.29440031143173173,-0.0021265871597377917,-0.003226887650639149,0.0011003004909013571,0.8432908732265064,0.8292474999999999,0.8152041267734934,0.028086746453013012,0.32847781931384507,0.008647857142857136,20.61962134251307,35.31841652323594,0.0092548791286101,-0.004342394138980905,0.0035800000000000276,0.00044999999999995044,0.0036000000000000476,-0.006562136353275738,0.8281,59648.0,-0.003859942638623326,0.83357,70321.0,0.002107683464265264,0.8368,52454.0,0.00326774001192609,0.84124,72972.0,65332.05,1.0905673402258156
2025-05-22 00:00:00+00:00,0.82444,0.83055,0.82328,0.82791,68924.0,0.00422109821331107,0.0042122143691927716,0.0063204765488651705,0.830162,0.8340799999999999,0.8293495,,,0.8307326049660841,0.8329677713229133,51.80942895086327,0.7986850916174604,-0.002235166356829188,-0.003028543391877157,0.0007933770350479689,0.843319022427131,0.8293495,0.815379977572869,0.02793904485426202,0.4484771219807704,0.008363571428571423,32.59896729776276,28.823866896156193,0.00878114770929207,0.004191276829607184,0.003470000000000084,0.0026399999999999757,0.0011599999999999389,-0.004431831904359362,0.82443,71249.0,-0.006562136353275738,0.8281,59648.0,-0.003859942638623326,0.83357,70321.0,-0.007370072749750323,0.83504,64345.0,65647.75,1.049906508600828
2025-05-23 00:00:00+00:00,0.82877,0.82894,0.82035,0.82058,65147.0,-0.008853619354760811,-0.008893045524643003,0.006616434364302087,0.826918,0.833075,0.829013,0.8429287999999999,,0.8291706657405327,0.8320501586323271,48.88018794048548,-0.26496183577228727,-0.002879492891794455,-0.002998733291860617,0.00011924040006616168,0.8435038742244727,0.829013,0.8145221257755273,0.02898174844894541,0.2090237666352085,0.00854,7.366609294320239,20.19506597819869,0.010468205415681575,-0.009980745326476432,0.00819000000000003,0.00017000000000000348,0.00022999999999995246,0.00422109821331107,0.82791,68924.0,-0.004431831904359362,0.82443,71249.0,-0.006562136353275738,0.8281,59648.0,0.002107683464265264,0.8368,52454.0,65775.6,0.9904432646756547
2025-05-26 00:00:00+00:00,0.82001,0.8232,0.81914,0.82026,39402.0,-0.0003899680713641551,-0.00039004412868642445,0.006275390962682443,0.8242560000000001,0.830643,0.8290455,0.8417296000000001,,0.827799794088143,0.8311768135484511,49.141867422453124,-1.2484499717082205,-0.003377019460308106,-0.003074390525550115,-0.00030262893475799116,0.8434502382189996,0.8290455,0.8146407617810004,0.028809476437999137,0.1950482588981694,0.008414285714285723,6.265060240964002,15.410212277682334,0.004949650110940511,0.0003047814107721606,0.00024999999999997247,0.0029400000000000537,0.0008700000000000374,-0.008853619354760811,0.82058,65147.0,0.00422109821331107,0.82791,68924.0,-0.004431831904359362,0.82443,71249.0,-0.003859942638623326,0.83357,70321.0,64735.55,0.60866092896407
2025-05-27 00:00:00+00:00,0.81962,0.82788,0.81867,0.82662,53600.0,0.007753639090044562,0.007723734112606743,0.006453039682592977,0.8239599999999999,0.829455,0.829232,0.8407290000000001,,0.8276182873053517,0.8308392718041214,52.81916447560618,-0.4827660932063564,-0.00322098449876973,-0.003103709320194038,-0.00011727517857569201,0.8433957455646826,0.829232,0.8150682544353174,0.028327491129365168,0.4077927519923476,0.008452857142857142,27.585010409437974,13.738893314907406,0.011141758002467809,0.008468219980160178,0.007000000000000006,0.0012599999999999278,0.0009500000000000064,-0.0003899680713641551,0.82026,39402.0,-0.008853619354760811,0.82058,65147.0,0.00422109821331107,0.82791,68924.0,-0.006562136353275738,0.8281,59648.0,64046.15,0.8368965191506437
2025-05-28 00:00:00+00:00,0.82618,0.82899,0.8244,0.8264,54564.0,-0.00026614405651936845,-0.0002661794791339304,0.006426441029704866,0.8243539999999999,0.827971,0.829294,0.839712,,0.8274308584891438,0.830510436855668,46.521953626048386,-2.1525491960501046,-0.0030795783665242826,-0.0030988831294600874,1.9304762935804746e-05,0.8433934040934178,0.829294,0.8151945959065822,0.028198808186835622,0.39737154915110945,0.007992142857142852,26.821651630812028,20.223907427071335,0.005554211035817985,0.0002662149080348475,0.00021999999999999797,0.002589999999999981,0.0017800000000000038,0.007753639090044562,0.82662,53600.0,-0.0003899680713641551,0.82026,39402.0,-0.008853619354760811,0.82058,65147.0,-0.004431831904359362,0.82443,71249.0,63310.55,0.8618468801803174
2025-05-29 00:00:00+00:00,0.82759,0.83466,0.82166,0.82201,72910.0,-0.005312197483059111,-0.0053263573731257684,0.006453272725272264,0.8231740000000001,0.8266680000000001,0.8289575000000001,0.8385272,,0.8265968802600447,0.8298807748663594,43.38957055214727,-1.9666070363744788,-0.003283894606314619,-0.003135885424830994,-0.00014800918148362516,0.8434289075625739,0.8289575000000001,0.8144860924374263,0.028942815125147625,0.25995769692894827,0.008409285714285706,11.589174184594082,21.998612074948028,0.015814892762861778,-0.006788238585905317,0.005580000000000029,0.00706999999999991,0.0003500000000000725,-0.00026614405651936845,0.8264,54564.0,0.007753639090044562,0.82662,53600.0,-0.0003899680713641551,0.82026,39402.0,0.00422109821331107,0.82791,68924.0,63964.05,1.1398590301896143
2025-05-30 00:00:00+00:00,0.8226,0.82479,0.8198,0.82201,64845.0,0.0,0.0,0.006408121735986664,0.8234600000000001,0.825189,0.8287715,0.8373225999999999,,0.825891206373884,0.8292977545058883,27.980487804878067,-2.2859112738338605,-0.00340654813200425,-0.0031900179662656455,-0.00021653016573860463,0.8435107198251008,0.8287715,0.8140322801748991,0.029478439650201693,0.270628972217201,0.007561428571428568,12.40252506498332,16.937783626796477,0.006070485760513923,-0.0007177528253913936,0.0005899999999999794,0.0021900000000000253,0.0022100000000000453,-0.005312197483059111,0.82201,72910.0,-0.00026614405651936845,0.8264,54564.0,0.007753639090044562,0.82662,53600.0,-0.008853619354760811,0.82058,65147.0,63534.05,1.0206338176143344
2025-06-02 00:00:00+00:00,0.82233,0.8231,0.81558,0.81694,59396.0,-0.006167808177516165,-0.006186907681590664,0.006477239813004758,0.822796,0.823526,0.8285180000000001,0.8360098,,0.8245140977009787,0.8283823652832298,28.54299363057325,-2.1675608354090827,-0.003868267582251117,-0.00332566788946274,-0.000542599692788377,0.8439069442201388,0.8285180000000001,0.8131290557798614,0.0307778884402774,0.12382084714919658,0.007586428571428573,4.874551971326259,9.622083740301221,0.009205082380591086,-0.006597791759492749,0.005390000000000006,0.0007700000000000484,0.0013600000000000279,0.0,0.82201,64845.0,-0.005312197483059111,0.82201,72910.0,-0.00026614405651936845,0.8264,54564.0,-0.0003899680713641551,0.82026,39402.0,63646.7,0.9332141336471491
2025-06-03 00:00:00+00:00,0.81732,0.82462,0.81572,0.82334,51542.0,0.007834112664332649,0.007803585336410621,0.006724411964437795,0.8221399999999999,0.82305,0.8286175,0.8348292,,0.8243334672854434,0.8280088567437313,33.395176252319104,-1.6085086042065044,-0.0036753894582878255,-0.0033956122032277576,-0.00027977725506006784,0.8438360937174516,0.8286175,0.8133989062825484,0.0304371874349032,0.3266101290966134,0.007426428571428572,29.260935143288055,15.512670726532543,0.010809629071829401,0.007311681686787858,0.006019999999999914,0.0012800000000000589,0.0016000000000000458,-0.006167808177516165,0.81694,59396.0,0.0,0.82201,64845.0,-0.005312197483059111,0.82201,72910.0,0.007753639090044562,0.82662,53600.0,63242.05,0.8149957188294813
2025-06-04 00:00:00+00:00,0.82171,0.8249,0.81691,0.81746,56331.0,-0.007141642577792928,-0.007167266176418401,0.006904583615906402,0.820352,0.822353,0.8283525,0.8334932,,0.8232760107799906,0.8272274599478994,33.59462486002238,-1.9326511270799176,-0.003951449167908794,-0.003506779596163965,-0.00044466957174482853,0.8441732164319783,0.8283525,0.8125317835680218,0.03164143286395649,0.15575199938533787,0.007455714285714288,7.708077080770771,13.947854731795028,0.009774178553078978,-0.005199031145254921,0.004250000000000087,0.003189999999999915,0.0005499999999999394,0.007834112664332649,0.82334,51542.0,-0.006167808177516165,0.81694,59396.0,0.0,0.82201,64845.0,-0.00026614405651936845,0.8264,54564.0,62534.25,0.900802360306552
2025-06-05 00:00:00+00:00,0.81653,0.82138,0.8158,0.8189,67109.0,0.0017615540821569464,0.0017600043654377303,0.0065279316832461,0.8197300000000001,0.8214520000000001,0.8277659999999999,0.8322436000000001,,0.8226027783522997,0.8266106110628698,33.19564401051447,-1.1109769351527576,-0.004007832710570147,-0.0036069902190452017,-0.0004008424915249455,0.8440928244245317,0.8277659999999999,0.8114391755754681,0.03265364884906363,0.22848363620918374,0.007325714285714292,15.89277166108175,17.620594628380193,0.00681401880571502,0.0028941262669434403,0.0023699999999999832,0.0024800000000000377,0.0007300000000000084,-0.007141642577792928,0.81746,56331.0,0.007834112664332649,0.82334,51542.0,-0.006167808177516165,0.81694,59396.0,-0.005312197483059111,0.82201,72910.0,62311.05,1.0769999863587598
2025-06-06 00:00:00+00:00,0.81959,0.82473,0.81796,0.82156,58949.0,0.0032482598607888047,0.0032429956613053666,0.006586168501301424,0.81964,0.82155,0.8273125,0.8310713999999999,,0.8224423509134844,0.8262364917248795,38.60315050294168,-0.34811930667249363,-0.0037941408113950637,-0.0036444203375151744,-0.0001497204738798892,0.8438073692182246,0.8273125,0.8108176307817754,0.032989738436449256,0.32562759595437396,0.007448571428571431,29.071463296062188,17.557437345971568,0.008240420663128613,0.0023978772092116416,0.0019699999999999163,0.003170000000000006,0.0016300000000000203,0.0017615540821569464,0.8189,67109.0,-0.007141642577792928,0.81746,56331.0,0.007834112664332649,0.82334,51542.0,0.0,0.82201,64845.0,62506.95,0.9430791296007884
2025-06-09 00:00:00+00:00,0.8215,0.82245,0.81913,0.82109,41662.0,-0.0005720823798626151,-0.0005722460814241197,0.00517594949409542,0.8204699999999999,0.8216330000000001,0.8261379999999999,0.8298208000000001,,0.8222342969267945,0.8258552701156291,42.65045082826593,-0.8237610368276802,-0.0036209731888345864,-0.003639730907779057,1.8757718944470685e-05,0.8406862668166499,0.8261379999999999,0.8115897331833499,0.029096533633300004,0.3265085434705296,0.007101428571428576,28.878406708595488,24.61421388857981,0.004043405716791082,-0.0004993362481579626,0.00041000000000002146,0.0009500000000000064,0.0019599999999999618,0.0032482598607888047,0.82156,58949.0,0.0017615540821569464,0.8189,67109.0,-0.007141642577792928,0.81746,56331.0,-0.006167808177516165,0.81694,59396.0,60344.9,0.6903980286652227
2025-06-10 00:00:00+00:00,0.82106,0.82405,0.82027,0.82236,54183.0,0.0015467244760014598,0.001545529529708893,0.005027250256351938,0.8202739999999998,0.821207,0.8253309999999999,0.8285994,,0.8222536358611338,0.825596361218175,47.71472731287258,0.21691973969631284,-0.0033427253570412763,-0.003580329797631501,0.00023760444059022466,0.8387378056558882,0.8253309999999999,0.8119241943441117,0.02681361131177651,0.3891980656594703,0.006826428571428567,35.53459119496862,31.161487066542097,0.0045965270684370525,0.0015808161875577216,0.0012999999999999678,0.0016899999999999693,0.0007899999999999574,-0.0005720823798626151,0.82109,41662.0,0.0032482598607888047,0.82156,58949.0,0.0017615540821569464,0.8189,67109.0,0.007834112664332649,0.82334,51542.0,59977.65,0.9033865114755246
2025-06-11 00:00:00+00:00,0.82232,0.82335,0.81839,0.81962,54209.0,-0.003331874118390976,-0.003337437171326529,0.004951207905106456,0.820706,0.820529,0.8242499999999999,0.8273648,,0.821848461113267,0.8251536677946064,40.69584736251401,-0.07802404115767853,-0.0033052066813393788,-0.0035253051743730766,0.0002200984930336978,0.8355816008995812,0.8242499999999999,0.8129183991004186,0.02266320179916259,0.29570406507296815,0.0066614285714285725,21.17400419287236,28.529000698812155,0.006051584880798511,-0.0032942095117249894,0.0027000000000000357,0.0010299999999999754,0.0012300000000000644,0.0015467244760014598,0.82236,54183.0,-0.0005720823798626151,0.82109,41662.0,0.0032482598607888047,0.82156,58949.0,-0.007141642577792928,0.81746,56331.0,59039.5,0.9181818951718764
2025-06-12 00:00:00+00:00,0.81884,0.82016,0.80985,0.80992,65181.0,-0.011834752690271122,-0.011905340857646893,0.00532624450889318,0.81891,0.81932,0.8229939999999999,0.8263824,,0.8200133132496875,0.8240252479579689,38.640238704177314,-2.0202753381239322,-0.004011934708281428,-0.0036226310811547473,-0.000389303627126681,0.8348465918107224,0.8229939999999999,0.8111414081892774,0.023705183621445025,-0.05152494107543857,0.006784285714285719,0.2821442966546332,18.99691322816521,0.012729652311339443,-0.011013433425523557,0.008920000000000039,0.0013199999999999878,7.00000000000145e-05,-0.003331874118390976,0.81962,54209.0,0.0015467244760014598,0.82236,54183.0,-0.0005720823798626151,0.82109,41662.0,0.0017615540821569464,0.8189,67109.0,59081.3,1.103242481123469
2025-06-13 00:00:00+00:00,0.80943,0.81472,0.80548,0.8096,77345.0,-0.0003951007506913795,-0.00039517882355808733,0.005265769074037864,0.816518,0.818079,0.8216339999999999,0.8253794000000001,,0.8184112650574279,0.8229567110721935,38.640238704177314,-2.0329138431752223,-0.004545446014765586,-0.003807194067876915,-0.0007382519468886713,0.8330505187799372,0.8216339999999999,0.8102174812200625,0.022833037559874647,-0.027043323449337176,0.007154285714285716,14.119259766963724,11.85846941883024,0.011413043478260903,0.00020998023715415451,0.00017000000000000348,0.005120000000000013,0.003950000000000009,-0.011834752690271122,0.80992,65181.0,-0.003331874118390976,0.81962,54209.0,0.0015467244760014598,0.82236,54183.0,0.0032482598607888047,0.82156,58949.0,60325.85,1.2821203513916506
2025-06-16 00:00:00+00:00,0.81038,0.81459,0.80878,0.81318,59459.0,0.004421936758893352,0.0044121887227785515,0.005405597856269417,0.814936,0.8177030000000001,0.8206144999999999,0.8244634000000001,,0.8176064550485929,0.822232510252031,34.77571363842317,-1.0741961776620728,-0.004626055203438173,-0.003970966294989166,-0.0006550889084490068,0.8311508001096225,0.8206144999999999,0.8100781998903773,0.021072600219245174,0.14719588837403547,0.006911428571428576,26.38793694311187,13.596447002243409,0.007144789591480339,0.0034432720922797223,0.0028000000000000247,0.0014100000000000223,0.0015999999999999348,-0.0003951007506913795,0.8096,77345.0,-0.011834752690271122,0.80992,65181.0,-0.003331874118390976,0.81962,54209.0,-0.0005720823798626151,0.82109,41662.0,59782.75,0.9945845582546805
2025-06-17 00:00:00+00:00,0.81262,0.81705,0.81193,0.81536,57731.0,0.002680833271846206,0.0026772462477094405,0.00531958707007894,0.813536,0.816905,0.8199775,0.8238344000000001,,0.8172608465795785,0.8217234354185472,38.026030368763486,-0.8089925913310111,-0.004462588838968662,-0.004069290803785066,-0.0003932980351835959,0.8301422106257531,0.8199775,0.8098127893742469,0.020329421251506163,0.2728661360855046,0.006949285714285721,33.858807402330385,24.788668037468657,0.006279434850863439,0.0033604788069073353,0.0027399999999999647,0.0016900000000000803,0.0006899999999999684,0.004421936758893352,0.81318,59459.0,-0.0003951007506913795,0.8096,77345.0,-0.011834752690271122,0.80992,65181.0,0.0015467244760014598,0.82236,54183.0,59686.9,0.9672306653553795
2025-06-18 00:00:00+00:00,0.8132,0.81982,0.81188,0.8177,56832.0,0.002869897959183687,0.002865787664242446,0.005304969106152777,0.813152,0.816929,0.8196410000000001,0.8230618,,0.8173284086442588,0.8214254031653215,45.10783200908054,0.09303008788894937,-0.0040969945210627134,-0.004074831547240596,-2.2162973822117613e-05,0.8296291401250648,0.8196410000000001,0.8096528598749353,0.01997628025012954,0.4028347632443986,0.006587857142857145,62.92481977342952,41.057188039623924,0.009710162651339057,0.005503240797358382,0.0044999999999999485,0.0021200000000000108,0.0013199999999999878,0.002680833271846206,0.81536,57731.0,0.004421936758893352,0.81318,59459.0,-0.0003951007506913795,0.8096,77345.0,-0.003331874118390976,0.81962,54209.0,58966.05,0.9638088357622733
2025-06-19 00:00:00+00:00,0.81724,0.82143,0.8154,0.81573,49937.0,-0.002409196526843571,-0.002412103310409816,0.005207503904930297,0.8143139999999999,0.8166119999999999,0.819032,0.8229188,,0.8170824996220651,0.8210035214493717,43.1768796175575,-0.9242840138946251,-0.003921021827306581,-0.004044069603253793,0.00012304777594721213,0.8283608000018073,0.819032,0.8097031999981926,0.018657600003614716,0.32302118175112027,0.006662142857142854,52.78063851699272,49.85475523091754,0.007392151814938742,-0.001851102693293138,0.0015100000000000113,0.004190000000000027,0.00032999999999994145,0.002869897959183687,0.8177,56832.0,0.002680833271846206,0.81536,57731.0,0.004421936758893352,0.81318,59459.0,-0.011834752690271122,0.80992,65181.0,58016.7,0.8607349263229381
2025-06-20 00:00:00+00:00,0.81496,0.81828,0.81488,0.81771,49536.0,0.002427273730278623,0.002424332659625386,0.004881803350107604,0.815936,0.8162269999999999,0.8188884999999999,0.8229972,,0.8171790381417474,0.8207595568975664,50.89680875844403,0.03058253614856794,-0.0035805187558189955,-0.003951359433766834,0.0003708406779478384,0.8282053263740528,0.8188884999999999,0.8095716736259471,0.01863365274810569,0.4367542147569715,0.006367857142857132,62.9763130793001,59.56059045657411,0.004157953308630148,0.003363050470215639,0.00275000000000003,0.0005699999999999594,7.999999999996898e-05,-0.002409196526843571,0.81573,49937.0,0.002869897959183687,0.8177,56832.0,0.002680833271846206,0.81536,57731.0,-0.0003951007506913795,0.8096,77345.0,57236.15,0.8654670169115148
2025-06-23 00:00:00+00:00,0.817,0.81937,0.81141,0.81182,73917.0,-0.00720304264348004,-0.007229109805823461,0.005129823000519679,0.815664,0.8153,0.8184665000000001,0.8229602,,0.8163545707353247,0.8200973674977468,36.42149929278649,-0.8645744291122206,-0.0037427967624220626,-0.00390964689949788,0.00016685013707581735,0.8282734412045506,0.8184665000000001,0.8086595587954496,0.019613882409101002,0.16113287204597085,0.006300714285714278,32.646755921730254,49.46790250600768,0.009805129215836119,-0.006380724791209828,0.005179999999999962,0.0023700000000000943,0.00041000000000002146,0.002427273730278623,0.81771,49536.0,-0.002409196526843571,0.81573,49937.0,0.002869897959183687,0.8177,56832.0,0.004421936758893352,0.81318,59459.0,58961.9,1.2536400624810258
2025-06-24 00:00:00+00:00,0.81141,0.81299,0.80337,0.80491,62366.0,-0.008511739055455658,-0.00854817078522094,0.005040249164745969,0.813574,0.813555,0.8173809999999999,0.8226131999999999,,0.8145938675452747,0.8189723773127285,35.55811277330274,-2.0266322605774314,-0.004378509767453798,-0.004003419473089064,-0.0003750902943647338,0.8281471201534226,0.8173809999999999,0.8066148798465772,0.021532240306845418,-0.07917800573845458,0.006417142857142851,7.209737827715312,34.27760227624855,0.011951646767961588,-0.008075437005379422,0.00649999999999995,0.0015800000000000258,0.0015399999999999858,-0.00720304264348004,0.81182,73917.0,0.002427273730278623,0.81771,49536.0,-0.002409196526843571,0.81573,49937.0,0.002680833271846206,0.81536,57731.0,59400.2,1.0499291248177616
2025-06-25 00:00:00+00:00,0.8044,0.80794,0.80389,0.80409,46767.0,-0.0010187474376017747,-0.0010192667134765194,0.005034791215136019,0.810852,0.812002,0.8162655000000001,0.8224430000000001,,0.8129778879229248,0.8178699789932671,32.71071678729869,-2.070418589923153,-0.004892091070342275,-0.0041811537925397066,-0.0007109372778025683,0.8276994374348122,0.8162655000000001,0.804831562565188,0.022867874869624272,-0.032428136388528574,0.006307857142857135,3.3707865168536757,14.409093422099746,0.005036749617580119,-0.0003855289830740744,0.00031000000000003247,0.0035399999999999876,0.00019999999999997797,-0.008511739055455658,0.80491,62366.0,-0.00720304264348004,0.81182,73917.0,0.002427273730278623,0.81771,49536.0,0.002869897959183687,0.8177,56832.0,59010.35,0.7925219897865374
2025-06-26 00:00:00+00:00,0.80365,0.80477,0.79771,0.7992,58413.0,-0.006081408797522614,-0.006099975878282325,0.0050694268803447105,0.807546,0.8109299999999999,0.8151249999999999,0.8220526000000001,,0.8108582128578595,0.8164870175863584,25.188637372392492,-2.8162848387567436,-0.005628804728498915,-0.004470683979731548,-0.001158120748767367,0.8285273415079148,0.8151249999999999,0.8017226584920849,0.026804683015829944,-0.09411260303265241,0.006328571428571421,5.6567957479119055,5.412440030826964,0.008833833833833777,-0.00556806806806801,0.004449999999999954,0.0011200000000000099,0.0014899999999999913,-0.0010187474376017747,0.80409,46767.0,-0.008511739055455658,0.80491,62366.0,-0.00720304264348004,0.81182,73917.0,-0.002409196526843571,0.81573,49937.0,58285.5,1.002187508042309
2025-06-27 00:00:00+00:00,0.79876,0.80168,0.79566,0.79856,53160.0,-0.000800800800800805,-0.0008011216130446554,0.005060993922924954,0.803716,0.8098259999999999,0.8139524999999999,0.8217291999999999,,0.8089661801104965,0.8151590903577393,25.093964183064458,-2.5694834191454534,-0.006192910247242778,-0.004815129233233795,-0.001377781014008983,0.8288395058139743,0.8139524999999999,0.7990654941860255,0.029774011627948793,-0.016977698280701493,0.006521428571428559,10.2148643888694,6.414148884544993,0.007538569424964829,-0.00025045081146060156,0.00019999999999997797,0.0029199999999999227,0.0029000000000000137,-0.006081408797522614,0.7992,58413.0,-0.0010187474376017747,0.80409,46767.0,-0.008511739055455658,0.80491,62366.0,0.002427273730278623,0.81771,49536.0,57701.25,0.9212971989341652
2025-06-30 00:00:00+00:00,0.79832,0.79935,0.79223,0.79288,55842.0,-0.007112803045481897,-0.007138219622846122,0.005111673792066289,0.7999280000000001,0.8077960000000001,0.8127495,0.8214132000000001,,0.8064913831704201,0.813508787368277,20.306204673650413,-2.1039114974318385,-0.007017404197856902,-0.005255584226158416,-0.001761819971698486,0.830274759334369,0.8127495,0.795224240665631,0.035050518668737984,-0.06688176822107489,0.006759999999999996,2.0886889460155484,5.986783027598951,0.008979921299566157,-0.00686106346483705,0.00544,0.0010299999999999754,0.0006500000000000394,-0.000800800800800805,0.79856,53160.0,-0.006081408797522614,0.7992,58413.0,-0.0010187474376017747,0.80409,46767.0,-0.00720304264348004,0.81182,73917.0,57523.55,0.970767624738042
2025-07-01 00:00:00+00:00,0.79279,0.79427,0.78711,0.78997,55811.0,-0.0036701644637272546,-0.003676916041986777,0.004633151018398749,0.79694,0.8052569999999999,0.811081,0.8208444,,0.8039496319134325,0.8117651734891453,20.236900220839274,-2.424654150197633,-0.007815541575712848,-0.005767575696069303,-0.0020479658796435443,0.830601348249699,0.811081,0.7915606517503011,0.0390406964993979,-0.04074342655043782,0.006917142857142852,8.333333333333252,6.8789622227394,0.009063635327923916,-0.003569755813511962,0.0028200000000000447,0.0014800000000000368,0.0028599999999999737,-0.007112803045481897,0.79288,55842.0,-0.000800800800800805,0.79856,53160.0,-0.006081408797522614,0.7992,58413.0,-0.008511739055455658,0.80491,62366.0,57737.0,0.9666418414534874
2025-07-02 00:00:00+00:00,0.78954,0.79401,0.78954,0.79156,48407.0,0.0020127346608100893,0.0020107118242367584,0.004555867718937777,0.7944340000000001,0.802643,0.8097860000000001,0.820084,,0.8020435346959813,0.8102684939714309,27.9856115107916,-2.6586979512531017,-0.008224959275449528,-0.006259052411945349,-0.0019659068635041795,0.8308962184286501,0.8097860000000001,0.7886757815713501,0.04222043685730004,0.0683133250941541,0.00649999999999999,12.966200466200648,7.796074248516483,0.005647076658749777,0.002551922785385848,0.0020200000000000218,0.002449999999999952,0.0,-0.0036701644637272546,0.78997,55811.0,-0.007112803045481897,0.79288,55842.0,-0.000800800800800805,0.79856,53160.0,-0.0010187474376017747,0.80409,46767.0,57340.8,0.8441981974440538
2025-07-03 00:00:00+00:00,0.79145,0.79854,0.79044,0.79441,34137.0,0.0036004851179947117,0.0035940188878478513,0.004644938057371606,0.7934760000000001,0.800511,0.8085615,0.8194548,,0.8008691447427535,0.8090937907142879,32.8283970156003,-2.5694171899529072,-0.008224645971534383,-0.006652171123863156,-0.0015724748476712274,0.8302781666774393,0.8085615,0.7868448333225608,0.04343333335487842,0.17417881827367043,0.006418571428571417,21.27039627039618,14.189976689976694,0.010196246270817331,0.0037260356742739426,0.0029599999999999627,0.004130000000000078,0.0010099999999999554,0.0020127346608100893,0.79156,48407.0,-0.0036701644637272546,0.78997,55811.0,-0.007112803045481897,0.79288,55842.0,-0.006081408797522614,0.7992,58413.0,55692.2,0.6129583675990534
2025-07-04 00:00:00+00:00,0.79426,0.79549,0.79253,0.79293,51016.0,-0.0018630178371369377,-0.0018647554132933113,0.0045081494867348325,0.7923500000000001,0.798033,0.8071299999999999,0.8187671999999999,,0.7996477378592529,0.8078964728835999,25.96724424400672,-3.0292283233459654,-0.008248735024346976,-0.00697148390395992,-0.0012772511203870563,0.8290127670722167,0.8071299999999999,0.7852472329277831,0.04376553414443363,0.17554377485403264,0.006214999999999994,16.958041958042088,17.06487956487964,0.0037329903017921805,-0.0016773233450619125,0.0013299999999999423,0.0012300000000000644,0.00040000000000006697,0.0036004851179947117,0.79441,34137.0,0.0020127346608100893,0.79156,48407.0,-0.0036701644637272546,0.78997,55811.0,-0.000800800800800805,0.79856,53160.0,55295.55,0.9226058878155656
2025-07-07 00:00:00+00:00,0.79345,0.799,0.79292,0.79753,46943.0,0.005801268712244401,0.005784506151078524,0.004811740363450581,0.79328,0.796604,0.8059519999999999,0.8183256,,0.7993219320347524,0.8071285860033333,29.988776655443345,-2.2311303985387316,-0.007806653968580823,-0.0071385179168841,-0.000668136051696723,0.8271978705337506,0.8059519999999999,0.7847061294662492,0.04249174106750142,0.30179677771685254,0.006283571428571428,30.361305361305302,22.863247863247853,0.007623537672564149,0.005115795017115309,0.0040799999999999725,0.0014700000000000824,0.0005300000000000304,-0.0018630178371369377,0.79293,51016.0,0.0036004851179947117,0.79441,34137.0,0.0020127346608100893,0.79156,48407.0,-0.007112803045481897,0.79288,55842.0,55559.6,0.844912490370701
2025-07-08 00:00:00+00:00,0.79755,0.79936,0.79522,0.79546,45014.0,-0.0025955136483893915,-0.0025988878336994712,0.004765176468484271,0.794378,0.795659,0.8046070000000001,0.817777,,0.7987277886447905,0.8062642462993826,24.887082204155377,-2.7210135622653633,-0.007536457654592099,-0.0072181058644257,-0.00031835179016639903,0.8248620444399221,0.8046070000000001,0.7843519555600781,0.040510088879843975,0.27420439567212923,0.006012142857142855,24.329836829836726,23.883061383061374,0.005204535740326254,-0.0026274105548990978,0.0020900000000000363,0.0018099999999999783,0.00023999999999990695,0.005801268712244401,0.79753,46943.0,-0.0018630178371369377,0.79293,51016.0,0.0036004851179947117,0.79441,34137.0,-0.0036701644637272546,0.78997,55811.0,55101.15,0.8169339478395641
2025-07-09 00:00:00+00:00,0.79547,0.79779,0.79313,0.79322,43842.0,-0.0028159806904179963,-0.0028199530231364975,0.004756986221191141,0.79471,0.794572,0.8032869999999999,0.8171382,,0.797880436545592,0.8052980058327617,24.736251402918143,-2.291148284102381,-0.007417569287169634,-0.007257998548974487,-0.00015957073819514687,0.8228516997905613,0.8032869999999999,0.7837223002094384,0.039129399581122826,0.2427254159847512,0.005914285714285713,18.939863608183657,24.54366859977523,0.0058747888353798405,-0.0028365396737348707,0.0022499999999999742,0.0023199999999999887,9.00000000000345e-05,-0.0025955136483893915,0.79546,45014.0,0.005801268712244401,0.79753,46943.0,-0.0018630178371369377,0.79293,51016.0,0.0020127346608100893,0.79156,48407.0,54582.8,0.8032200619975522
2025-07-10 00:00:00+00:00,0.79364,0.79865,0.79185,0.79661,38733.0,0.004273719775093943,0.004264613370996138,0.004276789613879348,0.7951499999999999,0.794313,0.8026215000000001,0.8164956,,0.7976849847693471,0.8046544498451497,27.045256744995584,-1.0311711868407616,-0.006969465075802539,-0.007200291854340098,0.00023082677853755902,0.8221416426601792,0.8026215000000001,0.783101357339821,0.03904028532035819,0.3460180311011901,0.006157142857142853,29.448233106013777,24.23931118134472,0.008536172028972668,0.003728298665595496,0.002970000000000028,0.0020399999999999308,0.0017899999999999583,-0.0028159806904179963,0.79322,43842.0,-0.0025955136483893915,0.79546,45014.0,0.005801268712244401,0.79753,46943.0,0.0036004851179947117,0.79441,34137.0,53260.4,0.7272382483045564
2025-07-11 00:00:00+00:00,0.79655,0.79806,0.79516,0.79605,42565.0,-0.0007029788729742137,-0.0007032260784824269,0.0042757357086731064,0.795774,0.794062,0.801944,0.8159019999999999,,0.797433448650986,0.8040170831899534,30.593157765198114,-0.9998880722307125,-0.006583634538967376,-0.007076960391265553,0.0004933258522981775,0.821384737911056,0.801944,0.7825032620889439,0.0388814758221121,0.34841110386432383,0.005795714285714277,34.54404945904194,27.644048724413125,0.0036429872495446435,-0.0006281012499214181,0.0004999999999999449,0.0015100000000000113,0.0008900000000000574,0.004273719775093943,0.79661,38733.0,-0.0028159806904179963,0.79322,43842.0,-0.0025955136483893915,0.79546,45014.0,-0.0018630178371369377,0.79293,51016.0,51521.4,0.8261615561688929
2025-07-14 00:00:00+00:00,0.79584,0.79836,0.79541,0.79749,40360.0,0.0018089315997737998,0.0018072974534166727,0.004144563476251972,0.7957660000000001,0.7945230000000001,0.8011595,0.8154116,,0.7974421488585266,0.803533595546253,39.448236632536954,-0.2139639639639626,-0.006091446687726432,-0.006879857650557729,0.0007884109628312971,0.8199464355222146,0.8011595,0.7823725644777855,0.03757387104442911,0.4023390484397787,0.005319285714285709,49.831973115698744,37.94141856025149,0.0036991059449021407,0.0020689914607080217,0.0016500000000000403,0.0008699999999999264,0.00043000000000004146,-0.0007029788729742137,0.79605,42565.0,0.004273719775093943,0.79661,38733.0,-0.0028159806904179963,0.79322,43842.0,0.005801268712244401,0.79753,46943.0,50566.45,0.7981576717368928
2025-07-15 00:00:00+00:00,0.79735,0.80237,0.79524,0.80142,40011.0,0.004927961479140874,0.0049158588216386455,0.004276960555880096,0.7969579999999999,0.795668,0.8004625000000001,0.815013,,0.7980541259572148,0.8033770329131973,46.51162790697679,0.3581446603886963,-0.005322906955982476,-0.006568467511642679,0.0012455605556602033,0.8180256490702328,0.8004625000000001,0.7828993509297674,0.03512629814046542,0.5272587790541158,0.0055392857142857145,81.03057757644416,55.135533383728294,0.008896708342691823,0.005078485687903993,0.004070000000000018,0.0009500000000000064,0.0021100000000000563,0.0018089315997737998,0.79749,40360.0,-0.0007029788729742137,0.79605,42565.0,0.004273719775093943,0.79661,38733.0,-0.0025955136483893915,0.79546,45014.0,49680.45,0.8053671011434076
2025-07-16 00:00:00+00:00,0.80078,0.80604,0.79458,0.79996,58752.0,-0.0018217663647026594,-0.0018234277991833758,0.00418978663892957,0.798306,0.796508,0.7995755,0.8145570000000001,,0.7983473373484125,0.8031239193640716,51.09070034443166,0.8929472303501129,-0.004776582015659114,-0.006210090412445966,0.0014335083967868516,0.815152748557805,0.7995755,0.783998251442195,0.031154497115609914,0.5123417174276056,0.0058535714285714345,67.88166930797689,66.24807333337327,0.014325716285814322,-0.0010250512525626818,0.0008200000000000429,0.005259999999999931,0.005380000000000051,0.004927961479140874,0.80142,40011.0,0.0018089315997737998,0.79749,40360.0,-0.0007029788729742137,0.79605,42565.0,-0.0028159806904179963,0.79322,43842.0,49776.45,1.1803171981931215
2025-07-17 00:00:00+00:00,0.79942,0.80628,0.79942,0.80389,44208.0,0.004912745637281946,0.004900717480531021,0.004383647587704083,0.799762,0.797456,0.7989835000000001,0.8140222,,0.7992000546794259,0.803180666077844,56.98924731182791,1.7620922313505631,-0.003980611398418099,-0.005764194609640393,0.001783583211222294,0.8127731105437184,0.7989835000000001,0.7851938894562818,0.0275792210874366,0.6779056770473849,0.005913571428571439,87.53260302556077,78.81494996999395,0.008533505827911752,0.005560462252298168,0.004469999999999974,0.0023900000000000032,0.0,-0.0018217663647026594,0.79996,58752.0,0.004927961479140874,0.80142,40011.0,0.0018089315997737998,0.79749,40360.0,0.004273719775093943,0.79661,38733.0,49490.0,0.8932713679531219
2025-07-18 00:00:00+00:00,0.80415,0.80435,0.7984,0.80111,39777.0,-0.0034581845774919184,-0.0034641779191550083,0.004358609263856794,0.800774,0.798274,0.7981535,0.8134318,,0.7994938924210526,0.8030272834054111,61.68038603462956,1.2064783465561608,-0.0035333909843584532,-0.005318033884584005,0.0017846429002255516,0.8088482173875731,0.7981535,0.7874587826124269,0.02138943477514621,0.638222446318936,0.00583000000000001,73.03077725612935,76.14834986322235,0.00742719476726044,-0.0037947348054574812,0.0030400000000000427,0.00019999999999997797,0.00270999999999999,0.004912745637281946,0.80389,44208.0,-0.0018217663647026594,0.79996,58752.0,0.004927961479140874,0.80142,40011.0,-0.0007029788729742137,0.79605,42565.0,49002.05,0.8117415495882314
2025-07-21 00:00:00+00:00,0.79902,0.80213,0.79644,0.79735,40694.0,-0.004693487785697337,-0.004704536785280286,0.004204515866348635,0.800746,0.7982560000000001,0.7974300000000001,0.8124872000000001,,0.7991640628178137,0.8026067438938992,60.22727272727287,0.370085975755599,-0.0034426810760854742,-0.004942963322884299,0.0015002822467988248,0.8059733137907006,0.7974300000000001,0.7888866862092996,0.017086627581401004,0.49531797602429395,0.0057250000000000035,46.65471923536436,69.07269983901817,0.007136138458644225,-0.0020944378252962304,0.0016699999999999493,0.003110000000000057,0.0009099999999999664,-0.0034581845774919184,0.80111,39777.0,0.004912745637281946,0.80389,44208.0,-0.0018217663647026594,0.79996,58752.0,0.0018089315997737998,0.79749,40360.0,47340.9,0.8595949802390744
2025-07-22 00:00:00+00:00,0.79661,0.79906,0.79156,0.79178,43848.0,-0.0069856399322756335,-0.007010153744726024,0.004070638935697809,0.798818,0.797888,0.7967734999999999,0.8115528000000001,,0.7980280531535346,0.8018047628647215,50.27458811782326,-0.14503171780610954,-0.003776709711186821,-0.004709712600544804,0.0009330028893579827,0.804904613149667,0.7967734999999999,0.7886423868503328,0.01626222629933416,0.19293872142190477,0.005941428571428574,8.459595959596028,42.71503081702992,0.009472328171966898,-0.006100179342746723,0.004830000000000001,0.002449999999999952,0.00021999999999999797,-0.004693487785697337,0.79735,40694.0,-0.0034581845774919184,0.80111,39777.0,0.004912745637281946,0.80389,44208.0,0.004927961479140874,0.80142,40011.0,46415.0,0.944694603037811
2025-07-23 00:00:00+00:00,0.7917,0.79485,0.79098,0.79143,51205.0,-0.0004420419813585541,-0.00044213971071657633,0.004071155790994666,0.797112,0.797709,0.7961405,0.8105566000000001,,0.7970129680529909,0.8010362619117791,46.033013844515445,-0.7648615099118522,-0.004023293858788191,-0.0045724288521934815,0.0005491349934052909,0.8038326599868448,0.7961405,0.7884483400131552,0.015384319973689609,0.1938116206594768,0.005639285714285712,2.9411764705879153,19.351830555182772,0.004889882870247437,-0.0003411546188544691,0.00026999999999999247,0.003149999999999986,0.00044999999999995044,-0.0069856399322756335,0.79178,43848.0,-0.004693487785697337,0.79735,40694.0,-0.0034581845774919184,0.80111,39777.0,-0.0018217663647026594,0.79996,58752.0,46636.9,1.0979503354639781
2025-07-24 00:00:00+00:00,0.79092,0.79597,0.79092,0.79456,50570.0,0.003954866507461352,0.003947066581263257,0.004001946175526424,0.795246,0.797504,0.7959085,0.809747,,0.7966355883525308,0.8005565388072029,52.07855138995156,-0.11314208131142998,-0.003920950454672112,-0.004442133172689208,0.0005211827180170957,0.8034912401657389,0.7959085,0.7883257598342611,0.015165480331477799,0.4110809568490225,0.005788571428571421,23.697916666667176,11.699563032283711,0.0063557188884414,0.004581151832460843,0.0036400000000000876,0.0014099999999999113,0.0,-0.0004420419813585541,0.79143,51205.0,-0.0069856399322756335,0.79178,43848.0,-0.004693487785697337,0.79735,40694.0,0.004912745637281946,0.80389,44208.0,46244.75,1.0935295357851431
2025-07-25 00:00:00+00:00,0.79522,0.79783,0.79348,0.79451,47972.0,-6.292790978656981e-05,-6.292988983055198e-05,0.004000326928386001,0.7939260000000001,0.79735,0.795706,0.8089012,,0.7963085747598337,0.8001086470437063,45.64339296018478,0.16262827462746948,-0.0038000722838725798,-0.004313720994925882,0.0005136487110533024,0.8032064628629141,0.795706,0.788205537137086,0.015000925725828118,0.42027158711007145,0.005664999999999991,23.37239583333388,16.67049632352966,0.005475072686309896,-0.0008936325533976771,0.0007099999999999884,0.002610000000000001,0.0010300000000000864,0.003954866507461352,0.79456,50570.0,-0.0004420419813585541,0.79143,51205.0,-0.0069856399322756335,0.79178,43848.0,-0.0034581845774919184,0.80111,39777.0,45985.35,1.043201802313128
2025-07-28 00:00:00+00:00,0.79521,0.80364,0.79432,0.80291,53965.0,0.010572554152874059,0.010517055534270528,0.004342689498423205,0.795038,0.797892,0.7962075,0.808288,,0.7973241786429361,0.8003161546700985,59.08758233715549,0.7908512320960033,-0.0029919760271623907,-0.0040493720013731836,0.0010573959742107928,0.8042351072990291,0.7962075,0.7881798927009708,0.016055214598058365,0.917465612749307,0.006034999999999997,78.0598958333335,41.710069444444855,0.011607776712209332,0.00959011595322021,0.00770000000000004,0.0007300000000000084,0.0008899999999999464,-6.292790978656981e-05,0.79451,47972.0,0.003954866507461352,0.79456,50570.0,-0.0004420419813585541,0.79143,51205.0,-0.004693487785697337,0.79735,40694.0,45891.5,1.1759258250438533
2025-07-29 00:00:00+00:00,0.80223,0.80783,0.80203,0.80548,54961.0,0.0032008568830876882,0.003195745045962713,0.004254854315229039,0.7977780000000001,0.798298,0.7969830000000001,0.8078356,,0.7985789203901767,0.8006986617315727,64.83543078412382,1.1845989573519173,-0.00211974134139592,-0.003663445869377731,0.001543704527981811,0.8054576882569621,0.7969830000000001,0.7885083117430381,0.01694937651392392,1.001316375444228,0.00611642857142857,86.10289769367202,62.5117297867798,0.007200675373690256,0.004034861200774662,0.003249999999999975,0.0023500000000000743,0.00019999999999997797,0.010572554152874059,0.80291,53965.0,-6.292790978656981e-05,0.79451,47972.0,0.003954866507461352,0.79456,50570.0,-0.0069856399322756335,0.79178,43848.0,45849.0,1.1987393400074156
2025-07-30 00:00:00+00:00,0.80502,0.81499,0.80369,0.81449,58934.0,0.011185876744301604,0.011123777485685502,0.004827745578191371,0.8023900000000002,0.799751,0.7981295,0.8076367999999999,,0.801026778791688,0.8017202423440488,69.04559011504045,2.1316881716385176,-0.0006934635523607735,-0.00306944940597434,0.0023759858536135663,0.8092928186444691,0.7981295,0.786966181355531,0.022326637288938134,1.2327794055267745,0.006437857142857146,97.92272538429603,87.36183963710052,0.013873712384436857,0.011626907635452969,0.00947000000000009,0.0004999999999999449,0.0013299999999999423,0.0032008568830876882,0.80548,54961.0,0.010572554152874059,0.80291,53965.0,-6.292790978656981e-05,0.79451,47972.0,-0.0004420419813585541,0.79143,51205.0,46375.35,1.270804425195713
2025-07-31 00:00:00+00:00,0.81402,0.81473,0.81106,0.81202,53828.0,-0.0030325725300496265,-0.003037180095667143,0.004898819668270942,0.8058820000000001,0.8005639999999999,0.79901,0.807319,,0.8027180435929668,0.8024831873556008,66.34595701125883,1.322652292181371,0.00023485623736607675,-0.0024085882773062567,0.0026434445146723334,0.8116220176606972,0.79901,0.7863979823393028,0.02522403532139439,1.015777901284701,0.006492857142857141,87.66098878271697,90.56220395356168,0.004519593113470052,-0.0024629935223270385,0.0020000000000000018,0.0007099999999999884,0.0009599999999999609,0.011185876744301604,0.81449,58934.0,0.0032008568830876882,0.80548,54961.0,0.010572554152874059,0.80291,53965.0,0.003954866507461352,0.79456,50570.0,47359.9,1.1365733458052065
2025-08-01 00:00:00+00:00,0.81164,0.81702,0.80249,0.80389,74959.0,-0.010012068668259322,-0.010062526501806408,0.00546511752902143,0.8077580000000001,0.8008419999999999,0.799558,0.8069852000000001,,0.8028983445786643,0.8025873956996303,55.76161325171043,0.491274563728185,0.0003109488790339343,-0.0018646808460382185,0.0021756297250721526,0.8120090927019976,0.799558,0.7871069072980024,0.024902185403995247,0.6739606355715666,0.007319999999999993,49.69348659003843,78.42573358568382,0.018074612198186235,-0.009640622473223991,0.007750000000000035,0.00537999999999994,0.0013999999999999568,-0.0030325725300496265,0.81202,53828.0,0.011185876744301604,0.81449,58934.0,0.0032008568830876882,0.80548,54961.0,-6.292790978656981e-05,0.79451,47972.0,48557.05,1.543730519049242
2025-08-04 00:00:00+00:00,0.80275,0.80962,0.80269,0.80793,33089.0,0.005025563198945093,0.00501297720639987,0.005429652322947415,0.808762,0.8019000000000001,0.8000779999999998,0.8067385999999999,,0.8036724454127159,0.8029831441663244,55.849056603773576,0.5025563198945183,0.0006893012463914383,-0.001353884427552287,0.0020431856739437254,0.8130310384161623,0.8000779999999998,0.7871249615838374,0.02590607683232493,0.8030949089984428,0.007305714285714272,65.17241379310373,67.50896305528637,0.00857747577141583,0.006411446536209911,0.0051800000000000734,0.0016899999999999693,5.999999999994898e-05,-0.010012068668259322,0.80389,74959.0,-0.0030325725300496265,0.81202,53828.0,0.011185876744301604,0.81449,58934.0,0.010572554152874059,0.80291,53965.0,47864.35,0.6913078314027037
2025-08-05 00:00:00+00:00,0.80669,0.81175,0.80591,0.80722,30357.0,-0.0008787890039978485,-0.0008791753654246554,0.005388861103954221,0.8091099999999999,0.803444,0.800666,0.8063505999999999,,0.8042182230415288,0.8032969853391894,56.612021857923516,0.762691765175826,0.000921237702339428,-0.000898860001573944,0.0018200977039133722,0.813802755026704,0.800666,0.787529244973296,0.026273510053407945,0.7494527753116085,0.006904285714285696,62.45210727969381,59.10600255427867,0.0072347067713881665,0.0006565744158965715,0.0005300000000000304,0.004529999999999923,0.0007800000000000029,0.005025563198945093,0.80793,33089.0,-0.010012068668259322,0.80389,74959.0,-0.0030325725300496265,0.81202,53828.0,0.0032008568830876882,0.80548,54961.0,47131.5,0.6440915311415932
2025-08-06 00:00:00+00:00,0.80645,0.80935,0.80475,0.80581,38254.0,-0.0017467357102153303,-0.0017482630318466203,0.005356852960331749,0.807374,0.8048819999999999,0.8012954999999999,0.8059388,,0.8044631118043705,0.8034831345733235,51.832760595647215,1.0610146108986045,0.0009799772310469246,-0.0005230925550497703,0.0015030697860966948,0.8141331132803918,0.8012954999999999,0.788457886719608,0.025675226560783804,0.6758309703446009,0.0067428571428571294,57.04980842911902,61.558109833972196,0.005708541715789142,-0.0007942318908923616,0.0006399999999999739,0.0029000000000000137,0.001060000000000061,-0.0008787890039978485,0.80722,30357.0,0.005025563198945093,0.80793,33089.0,-0.010012068668259322,0.80389,74959.0,0.011185876744301604,0.81449,58934.0,46852.1,0.816484213087567
2025-08-07 00:00:00+00:00,0.80579,0.80884,0.80418,0.80617,62132.0,0.00044675543862693345,0.0004466556731287087,0.005294273341971934,0.8062039999999999,0.8060430000000001,0.8017735,0.8056220000000001,,0.8047257099883135,0.8036821616419663,55.06405124099283,1.8174240319280623,0.001043548346347234,-0.0002097643747703695,0.0012533127211176035,0.8145884391028823,0.8017735,0.7889585608971178,0.025629878205764456,0.6715380761743612,0.006650714285714272,58.429118773946705,59.310344827586526,0.005780418522147931,0.0004713646005185593,0.00038000000000004697,0.00266999999999995,0.0016100000000000003,-0.0017467357102153303,0.80581,38254.0,-0.0008787890039978485,0.80722,30357.0,0.005025563198945093,0.80793,33089.0,-0.0030325725300496265,0.81202,53828.0,48022.05,1.2938223170397765
2025-08-08 00:00:00+00:00,0.8051,0.80879,0.80503,0.80774,52829.0,0.0019474800600369768,0.0019455861792096526,0.00529285145332348,0.8069740000000001,0.807366,0.8023580000000001,0.8053366,,0.8051894469131883,0.8039827422610798,60.875026167050414,2.060826605006134,0.0012067046521084812,7.352943060540064e-05,0.0011331752215030806,0.8151401052544915,0.8023580000000001,0.7895758947455087,0.025564210508982832,0.7105286998050945,0.00651285714285713,64.44444444444463,59.97445721583679,0.004654963230742548,0.003268378438606452,0.0026399999999999757,0.0010499999999999954,7.00000000000145e-05,0.00044675543862693345,0.80617,62132.0,-0.0017467357102153303,0.80581,38254.0,-0.0008787890039978485,0.80722,30357.0,-0.010012068668259322,0.80389,74959.0,48535.25,1.0884666299236123
2025-08-11 00:00:00+00:00,0.80622,0.81308,0.80599,0.81217,50023.0,0.005484438061752472,0.005469453295041693,0.005394659714967672,0.807822,0.808292,0.803092,0.8052412,,0.8062633781573132,0.8045892057972961,71.86360711987973,2.216320982682227,0.001674172360017101,0.00039365801648774077,0.0012805143435293603,0.816373315090245,0.803092,0.789810684909755,0.026562630180489988,0.8417583250723277,0.006483571428571422,81.41762452107272,68.09706257982135,0.008729699447160129,0.007326052427447332,0.0059499999999999,0.0009100000000000774,0.0002300000000000635,0.0019474800600369768,0.80774,52829.0,0.00044675543862693345,0.80617,62132.0,-0.0017467357102153303,0.80581,38254.0,0.005025563198945093,0.80793,33089.0,49018.4,1.0204943449806603
2025-08-12 00:00:00+00:00,0.81126,0.81255,0.80602,0.80609,66916.0,-0.007486117438467277,-0.007514279051076018,0.005619483654770067,0.807596,0.808353,0.8033255,0.8048961999999998,,0.8062367045946496,0.8047003757382372,63.99923605805958,1.4575021082176338,0.0015363288564124167,0.000622192184472676,0.0009141366719397407,0.816647190227834,0.8033255,0.790003809772166,0.026643380455668053,0.6037593560847057,0.00667357142857143,58.12260536398471,67.99489144316736,0.008100832413254148,-0.006413675892270104,0.005170000000000008,0.0012900000000000134,7.00000000000145e-05,0.005484438061752472,0.81217,50023.0,0.0019474800600369768,0.80774,52829.0,0.00044675543862693345,0.80617,62132.0,-0.0008787890039978485,0.80722,30357.0,50363.65,1.3286566799666029
2025-08-13 00:00:00+00:00,0.80572,0.80705,0.80211,0.80511,56602.0,-0.0012157451401207942,-0.0012164847577621316,0.005609033349079076,0.807456,0.807415,0.803583,0.8046492000000001,,0.806063365426242,0.8047307182761455,60.505875323640666,0.27400331294914493,0.001332647150096511,0.000764283177597443,0.0005683639724990679,0.816829664088507,0.803583,0.7903363359114931,0.026493328177013886,0.5576371526369722,0.0066657142857142904,49.40526762956681,62.98183250487477,0.006135807529405989,-0.0007576604439144955,0.0006099999999999994,0.0013300000000000534,0.0030000000000000027,-0.007486117438467277,0.80609,66916.0,0.005484438061752472,0.81217,50023.0,0.0019474800600369768,0.80774,52829.0,-0.0017467357102153303,0.80581,38254.0,50256.15,1.1262701181845405
2025-08-14 00:00:00+00:00,0.80415,0.80914,0.80254,0.80729,66289.0,0.0027077045372680963,0.0027040453092547464,0.0055355236461424664,0.8076800000000001,0.8069419999999999,0.803753,0.8044169999999999,,0.8062520784375893,0.8049202947001347,62.208635842567745,0.22471073148929563,0.0013317837374545727,0.0008777832895688689,0.00045400044788570376,0.8171031162620623,0.803753,0.7904028837379378,0.026700232524124567,0.632470756455177,0.006826428571428567,57.1365638766518,54.88814562340112,0.008175500749420828,0.003889556417148634,0.0031399999999999206,0.0018500000000000183,0.0016100000000000003,-0.0012157451401207942,0.80511,56602.0,-0.007486117438467277,0.80609,66916.0,0.005484438061752472,0.81217,50023.0,0.00044675543862693345,0.80617,62132.0,51360.2,1.2906686500441977
2025-08-15 00:00:00+00:00,0.80573,0.80785,0.80445,0.80582,54114.0,-0.0018209069850982917,-0.0018225668515034234,0.00549009798613909,0.807296,0.8071349999999999,0.8039885,0.8041022000000001,,0.8061856048318063,0.8049869395371618,53.204140057256076,-1.0644697909121126,0.0011986652946445187,0.000941959690583999,0.0002567056040605197,0.8173084451160577,0.8039885,0.7906685548839423,0.026639890232115437,0.5687502832797727,0.006403571428571421,25.283522348231976,43.9417846181502,0.004219304559330817,0.00011168747362938932,9.00000000000345e-05,0.0020299999999999763,0.0012799999999999478,0.0027077045372680963,0.80729,66289.0,-0.0012157451401207942,0.80511,56602.0,-0.007486117438467277,0.80609,66916.0,0.0019474800600369768,0.80774,52829.0,52077.05,1.0391141587321093
2025-08-18 00:00:00+00:00,0.8041,0.808,0.8041,0.80703,47653.0,0.0015015760343501938,0.001500449796337103,0.00536646468354505,0.806268,0.8070449999999999,0.8044724999999999,0.8038209999999999,,0.8063155117807592,0.8051382773492239,51.75936435868337,-0.6145168838205881,0.001177234431535279,0.0009890146387742551,0.00018821979276102381,0.817476510514981,0.8044724999999999,0.7914684894850188,0.026008021029962247,0.5983350481397167,0.006267857142857135,32.997987927565674,38.47269138414983,0.0048325341065388085,0.0036305961364509224,0.002929999999999988,0.0009700000000000264,0.0,-0.0018209069850982917,0.80582,54114.0,0.0027077045372680963,0.80729,66289.0,-0.0012157451401207942,0.80511,56602.0,0.005484438061752472,0.81217,50023.0,52425.0,0.9089747257987602
2025-08-19 00:00:00+00:00,0.8067,0.80844,0.80464,0.80743,46553.0,0.0004956445237476181,0.0004955217325728311,0.005060647691719962,0.806536,0.8070660000000001,0.805255,0.8035224000000001,,0.8064869715067963,0.8053080345826148,40.0395033860044,0.44035875555113113,0.0011789369241814729,0.0010269990958556988,0.00015193782832577407,0.8168503393541069,0.805255,0.7936596606458932,0.023190678708213674,0.5937876819978358,0.005732142857142852,35.68075117370891,31.3207538165022,0.0047062903285734065,0.0009041031420680535,0.0007300000000000084,0.0010100000000000664,0.0020599999999999508,0.0015015760343501938,0.80703,47653.0,-0.0018209069850982917,0.80582,54114.0,0.0027077045372680963,0.80729,66289.0,-0.007486117438467277,0.80609,66916.0,52560.25,0.8857073548927183
2025-08-20 00:00:00+00:00,0.80622,0.80917,0.803,0.80379,51484.0,-0.00450813073579126,-0.004518323000734178,0.005200988376942462,0.8062719999999999,0.806864,0.8058730000000001,0.8032058000000001,,0.806072052813443,0.8051955875764952,38.75990166621141,-0.5124206305001711,0.0008764652369477322,0.0009968923240741055,-0.00012042708712637338,0.8155196369378443,0.8058730000000001,0.7962263630621558,0.019293273875688577,0.39203491261144424,0.005910714285714277,11.267605633802932,26.64878157835919,0.007676134313688771,-0.0030231776956668325,0.0024300000000000432,0.002949999999999897,0.0007899999999999574,0.0004956445237476181,0.80743,46553.0,0.0015015760343501938,0.80703,47653.0,-0.0018209069850982917,0.80582,54114.0,-0.0012157451401207942,0.80511,56602.0,52574.2,0.9792635931692732
2025-08-21 00:00:00+00:00,0.80311,0.80895,0.80278,0.80837,52111.0,0.005698005698005826,0.005681833467431084,0.005270986254425179,0.8064880000000001,0.807084,0.8065635,0.8031748000000001,,0.8064255831498364,0.8054307292374956,56.77555958862683,0.14246426005301954,0.0009948539123407762,0.0009964846417274398,-1.630729386663558e-06,0.8146516831282338,0.8065635,0.7984753168717662,0.016176366256467567,0.6116752657153628,0.0053135714285714175,57.06472196900659,34.6710262588395,0.007632643467718863,0.006506921335527101,0.005260000000000042,0.0005799999999999139,0.00032999999999994145,-0.00450813073579126,0.80379,51484.0,0.0004956445237476181,0.80743,46553.0,0.0015015760343501938,0.80703,47653.0,0.0027077045372680963,0.80729,66289.0,52651.25,0.9897390850169749
2025-08-22 00:00:00+00:00,0.80733,0.81028,0.79992,0.80069,56281.0,-0.00950059997278474,-0.00954601857090796,0.005759225239998738,0.805462,0.8063790000000001,0.8068725000000001,0.8029966000000001,,0.8055431857421692,0.8050795641087922,40.13623978201628,-0.6353855127139169,0.00046362163337698714,0.0008899120400573493,-0.0004262904066803622,0.8133294892772386,0.8068725000000001,0.8004155107227616,0.012913978554476957,0.02125520621553372,0.0055585714285714205,5.851063829787575,24.727797144199045,0.012938840250284174,-0.008292847419101,0.006639999999999979,0.002950000000000008,0.0007700000000000484,0.005698005698005826,0.80837,52111.0,-0.00450813073579126,0.80379,51484.0,0.0004956445237476181,0.80743,46553.0,-0.0018209069850982917,0.80582,54114.0,53066.7,1.0605709418524236
2025-08-25 00:00:00+00:00,0.80037,0.807,0.79966,0.80496,44594.0,0.005332900373427929,0.005318730814471333,0.0053788999497590894,0.805048,0.805658,0.8069750000000001,0.8028322,,0.8054534648587586,0.8050707075081409,47.19324391455533,-0.15009241227037032,0.00038275735061765737,0.000788481102169411,-0.00040572375155175364,0.8132290344873113,0.8069750000000001,0.8007209655126889,0.012508068974622422,0.3389039903690708,0.005665714285714282,39.49329359165407,34.136359796816095,0.009118465513814367,0.005702146690518762,0.004589999999999983,0.0020400000000000418,0.0007099999999999884,-0.00950059997278474,0.80069,56281.0,0.005698005698005826,0.80837,52111.0,-0.00450813073579126,0.80379,51484.0,0.0015015760343501938,0.80703,47653.0,52598.15,0.8478244957284619
2025-08-26 00:00:00+00:00,0.8054,0.80713,0.80244,0.80307,57037.0,-0.002347942754919563,-0.0023507034947290303,0.005355834159096893,0.804176,0.805356,0.8068545,0.8025864,,0.805086777957411,0.8049225069519823,46.63721158566509,-0.5781563374353211,0.00016427100542870665,0.0006636390828212702,-0.0004993680773925635,0.8133191422134117,0.8068545,0.8003898577865883,0.012929284426823395,0.20729238563669716,0.005672142857142848,25.409836065573145,23.584731162338283,0.005840088659768105,-0.0029013660079445806,0.0023300000000000542,0.0017300000000000093,0.0006299999999999084,0.005332900373427929,0.80496,44594.0,-0.00950059997278474,0.80069,56281.0,0.005698005698005826,0.80837,52111.0,0.0004956445237476181,0.80743,46553.0,52701.95,1.0822559696557719
2025-08-27 00:00:00+00:00,0.80215,0.80752,0.80142,0.80205,42338.0,-0.001270125891889795,-0.0012709331854291054,0.004647316234482217,0.803828,0.8050499999999999,0.8062324999999999,0.8022734000000001,,0.8046195813485786,0.8047097286592428,45.024154589371946,-1.2460445473238249,-9.014731066425696e-05,0.0005128818041241647,-0.0006030291147884216,0.8119551194775002,0.8062324999999999,0.8005098805224996,0.011445238955000603,0.13456420469295072,0.00577499999999999,17.80923994038752,27.570789865871593,0.007605510878374158,-0.00012468050620284145,9.999999999998899e-05,0.005369999999999986,0.0006300000000000194,-0.002347942754919563,0.80307,57037.0,0.005332900373427929,0.80496,44594.0,-0.00950059997278474,0.80069,56281.0,-0.00450813073579126,0.80379,51484.0,51872.15,0.8161990586470774
2025-08-28 00:00:00+00:00,0.80148,0.80295,0.7993,0.80102,42195.0,-0.0012842092138894978,-0.0012850345171924221,0.0046186534332901714,0.8023579999999999,0.8044229999999999,0.8056825,0.8019792,,0.8040657996026433,0.8044364154252249,41.77679882525688,-0.6289620265727176,-0.000370615822581577,0.0003361822787830164,-0.0007067981013645934,0.8111727741758832,0.8056825,0.8001922258241168,0.010980548351766428,0.07538550438148539,0.005767142857142852,12.481857764876212,18.566977923612306,0.0045566902199695915,-0.0005742678085441262,0.00046000000000001595,0.0014700000000000824,0.0017199999999999438,-0.001270125891889795,0.80205,42338.0,-0.002347942754919563,0.80307,57037.0,0.005332900373427929,0.80496,44594.0,0.005698005698005826,0.80837,52111.0,51290.5,0.8226669656174145
2025-08-29 00:00:00+00:00,0.79964,0.8034,0.79846,0.79974,46912.0,-0.001597962597687852,-0.001599240701676036,0.0040741843155472,0.802168,0.803815,0.805475,0.8016198,,0.8034002919714675,0.8040885328011341,33.51896048793428,-0.6669896039050547,-0.0006882408296666753,0.00013129765709307806,-0.0008195384867597534,0.8115346838548811,0.805475,0.799415316145119,0.012119367709762185,0.026790494575019235,0.005613571428571424,9.084457061746306,13.125184922336693,0.006177007527446489,0.00012504063820740363,9.999999999998899e-05,0.0036599999999999966,0.0011800000000000699,-0.0012842092138894978,0.80102,42195.0,-0.001270125891889795,0.80205,42338.0,-0.002347942754919563,0.80307,57037.0,-0.00950059997278474,0.80069,56281.0,49888.15,0.9403435485180348
2025-09-01 00:00:00+00:00,0.79804,0.8016,0.79804,0.79964,43130.0,-0.00012504063820739653,-0.00012504845643973616,0.0038813273158673,0.8011039999999999,0.8030759999999999,0.8050605,0.8013762,,0.8028217855143187,0.803759011852902,39.83611723920585,-0.9476148595919602,-0.0009372263385832857,-8.240714204219472e-05,-0.0008548191965410911,0.8115331614553708,0.8050605,0.7985878385446291,0.012945322910741686,0.08127734337919434,0.005401428571428565,13.071895424836946,11.546070083819835,0.004452003401530698,0.0020009004051823893,0.0016000000000000458,0.0019599999999999618,0.0,-0.001597962597687852,0.79974,46912.0,-0.0012842092138894978,0.80102,42195.0,-0.001270125891889795,0.80205,42338.0,0.005332900373427929,0.80496,44594.0,50390.2,0.8559203972200944
2025-09-02 00:00:00+00:00,0.79986,0.80597,0.79952,0.80373,58181.0,0.005114801660747403,0.00510176549543775,0.004077642935738663,0.8012360000000001,0.802706,0.8048860000000001,0.8013526,,0.8029615108198082,0.8037568628267611,48.01951779563729,-0.2593631332059176,-0.0007953520069529096,-0.00022499611502433772,-0.0005703558919285719,0.8113014530545233,0.8048860000000001,0.7984705469454769,0.012830906109046358,0.40990503786907034,0.005509285714285701,46.48692810457574,22.88109353038634,0.008025083050278024,0.004815049830166896,0.00387000000000004,0.0022399999999999087,0.00034000000000000696,-0.00012504063820739653,0.79964,43130.0,-0.001597962597687852,0.79974,46912.0,-0.0012842092138894978,0.80102,42195.0,-0.002347942754919563,0.80307,57037.0,51781.4,1.1235887789824146
2025-09-03 00:00:00+00:00,0.80374,0.80669,0.80261,0.80397,51673.0,0.00029860774140555435,0.00029856316698723085,0.004062660168286259,0.80162,0.8027240000000001,0.804794,0.8013502,,0.8031166630013761,0.8037726507655195,44.95440729483283,-0.37916806066689746,-0.0006559877641434397,-0.0003111944448481582,-0.00034479331929528154,0.8112064333176014,0.804794,0.7983815666823986,0.01282486663520288,0.43574981920371353,0.005329285714285703,48.44771241830046,36.00217864923773,0.005074816224485954,0.00028608032638027846,0.00022999999999995246,0.0027200000000000557,0.0011299999999999644,0.005114801660747403,0.80373,58181.0,-0.00012504063820739653,0.79964,43130.0,-0.001597962597687852,0.79974,46912.0,-0.001270125891889795,0.80205,42338.0,52452.35,0.9851417524667627
2025-09-04 00:00:00+00:00,0.80315,0.80716,0.80248,0.80547,38548.0,0.001865741259002185,0.0018640029256304365,0.004085157681972008,0.8025100000000001,0.8024340000000001,0.804759,0.8014756,,0.8034787148473183,0.803898380338444,49.468569693288856,-0.2427455011579904,-0.00041966549112570917,-0.0003328886541036684,-8.677683702204076e-05,0.8111474069342793,0.804759,0.7983705930657207,0.012776813868558667,0.5556476761197605,0.005420714285714279,60.70261437908521,51.87908496732049,0.005810272263399031,0.0028803059083516314,0.0023199999999999887,0.0016899999999999693,0.0006700000000000594,0.00029860774140555435,0.80397,51673.0,0.005114801660747403,0.80373,58181.0,-0.00012504063820739653,0.79964,43130.0,-0.0012842092138894978,0.80102,42195.0,51273.15,0.7518164965483883
2025-09-05 00:00:00+00:00,0.80419,0.80573,0.79556,0.79714,31759.0,-0.010341788024383347,-0.010395635891368347,0.004655601920452285,0.80199,0.802079,0.804229,0.8014472,,0.8025035279477308,0.8033977595726334,37.652933832709046,-0.8273305216536714,-0.0008942316249025417,-0.00044515724826344307,-0.00044907437663909864,0.8112985876452404,0.804229,0.7971594123547595,0.014139175290480921,-0.001372948164283719,0.005868571428571413,10.733695652173367,39.9613408165197,0.012758110244122616,-0.008844117720852047,0.007050000000000001,0.0015399999999999858,0.0015799999999999148,0.001865741259002185,0.80547,38548.0,0.00029860774140555435,0.80397,51673.0,0.005114801660747403,0.80373,58181.0,-0.001597962597687852,0.79974,46912.0,50219.65,0.6324018586350163
2025-09-08 00:00:00+00:00,0.79708,0.79953,0.79273,0.79303,26185.0,-0.005155932458539181,-0.005169270143518654,0.004523797213214161,0.8006679999999999,0.800886,0.8032720000000001,0.8014502,,0.8010460621096184,0.802629777382068,33.546617915904974,-1.8976458799807046,-0.001583715272449604,-0.0006728688531006752,-0.0009108464193489287,0.8109694598681062,0.8032720000000001,0.795574540131894,0.01539491973621221,-0.16528440391336802,0.00608285714285712,1.7094017094015255,24.381903913553383,0.008574707135921613,-0.005106994691247492,0.004049999999999998,0.002449999999999952,0.00029999999999996696,-0.010341788024383347,0.79714,31759.0,0.001865741259002185,0.80547,38548.0,0.00029860774140555435,0.80397,51673.0,-0.00012504063820739653,0.79964,43130.0,49027.75,0.5340852884335912
2025-09-09 00:00:00+00:00,0.79258,0.79789,0.79151,0.79706,30047.0,0.005081774964377006,0.005068906324591069,0.00447463532312618,0.799334,0.800285,0.8028204999999999,0.8015920000000001,,0.8004328217850616,0.8022172012796925,42.37825594563985,-0.45335897788157986,-0.00178437949463095,-0.0008951709814067302,-0.0008892085132242197,0.8108731229136551,0.8028204999999999,0.7947678770863448,0.01610524582731032,0.14232151053344175,0.006097857142857123,29.568460309003505,14.00385255685948,0.008004416229643868,0.005620655910471031,0.0044800000000000395,0.0008299999999999974,0.0010699999999999044,-0.005155932458539181,0.79303,26185.0,-0.010341788024383347,0.79714,31759.0,0.001865741259002185,0.80547,38548.0,0.005114801660747403,0.80373,58181.0,47184.3,0.6368008002661902
2025-09-10 00:00:00+00:00,0.79689,0.79941,0.79583,0.79904,27405.0,0.0024841291747170757,0.0024810488261066714,0.004522049112281934,0.7983480000000001,0.799984,0.8025170000000001,0.8017416,,0.8002185415104367,0.8019818530367523,38.77256317689523,-0.7354402703239958,-0.0017633115263155918,-0.0010687990903885027,-0.0006945124359270891,0.8106633019701902,0.8025170000000001,0.7943706980298101,0.016292603940380124,0.2865902827612065,0.005912857142857124,40.11720831113449,23.798356776513188,0.004480376451741986,0.002690728874649561,0.0021499999999999853,0.00036999999999998145,0.0010599999999999499,0.005081774964377006,0.79706,30047.0,-0.005155932458539181,0.79303,26185.0,-0.010341788024383347,0.79714,31759.0,0.00029860774140555435,0.80397,51673.0,45724.45,0.5993511130259632
2025-09-11 00:00:00+00:00,0.79829,0.80068,0.79478,0.7956,29160.0,-0.004305166199439325,-0.004314460111591262,0.004542800517795534,0.7963739999999999,0.799442,0.8019325,0.8017654000000001,,0.7995079966626772,0.801509123182178,43.17877244706507,-0.9301804325899332,-0.0020011265195007955,-0.0012552645762109612,-0.0007458619432898343,0.8103110587882684,0.8019325,0.7935539412117317,0.01675711757653664,0.12210087915914265,0.005594285714285686,25.54653341661421,31.744067345584085,0.007415786827551414,-0.0033810960281549537,0.002690000000000081,0.002389999999999892,0.0008199999999999319,0.0024841291747170757,0.79904,27405.0,0.005081774964377006,0.79706,30047.0,-0.005155932458539181,0.79303,26185.0,0.001865741259002185,0.80547,38548.0,43868.0,0.6647214370383879
2025-09-12 00:00:00+00:00,0.79467,0.79861,0.79467,0.79572,21761.0,0.00015082956259426794,0.00015081818895943097,0.00453902739001077,0.7960900000000001,0.79904,0.8014275,0.8018212,,0.7989252279453424,0.8010802992427575,36.06755126658619,-0.7892276042640805,-0.002155071297415101,-0.001435225920451789,-0.0007198453769633119,0.8100339012284642,0.8014275,0.7928210987715357,0.017212802456928467,0.16841541263940993,0.005351428571428547,26.296064959400027,30.653268895716256,0.004951490474036162,0.0013195596440959073,0.0010499999999999954,0.002890000000000059,0.0,-0.004305166199439325,0.7956,29160.0,0.0024841291747170757,0.79904,27405.0,0.005081774964377006,0.79706,30047.0,-0.010341788024383347,0.79714,31759.0,42250.35,0.5150489877598647
2025-09-15 00:00:00+00:00,0.79589,0.79724,0.79359,0.79436,19942.0,-0.0017091439199719005,-0.0017106061728127122,0.00451674194969137,0.7963560000000001,0.798512,0.800794,0.8017578000000001,,0.7982228851845204,0.8005824992988495,36.65338645418324,-0.8314399141095102,-0.002359614114329056,-0.0016201035592272425,-0.0007395105551018136,0.8095283035754096,0.800794,0.7920596964245904,0.017468607150819215,0.131682140170041,0.005277142857142829,17.801374141161237,23.21465750572517,0.004594894002719084,-0.0019260788559343767,0.0015300000000000313,0.0013499999999999623,0.0007699999999999374,0.00015082956259426794,0.79572,21761.0,-0.004305166199439325,0.7956,29160.0,0.0024841291747170757,0.79904,27405.0,-0.005155932458539181,0.79303,26185.0,40864.8,0.48799945185098176
2025-09-16 00:00:00+00:00,0.79381,0.79476,0.78544,0.78558,32476.0,-0.01105292310791084,-0.011114460528247053,0.0050514622440186565,0.79406,0.796697,0.7997015000000001,0.8015602,,0.7962778259253634,0.7994712030544903,29.611289923248236,-1.7705754370170381,-0.0031933771291268176,-0.0019347582732071578,-0.0012586188559196598,0.8102239217244612,0.7997015000000001,0.7891790782755389,0.021044843448922324,-0.1710194843822068,0.005507142857142829,0.6445672191524779,14.914002106571262,0.011863845820922116,-0.010476335955599774,0.00823000000000007,0.0009500000000000064,0.00013999999999991797,-0.0017091439199719005,0.79436,19942.0,0.00015082956259426794,0.79572,21761.0,-0.004305166199439325,0.7956,29160.0,0.005081774964377006,0.79706,30047.0,40160.95,0.808646209813264
2025-09-17 00:00:00+00:00,0.78546,0.78932,0.78289,0.7887,28827.0,0.003971587871381743,0.003963721936228387,0.00512847761971144,0.7919919999999999,0.79517,0.798947,0.8014698,,0.7951120065522306,0.7986733361615651,35.4990583804143,-1.3681156520434272,-0.0035613296093345292,-0.002260072540432632,-0.0013012570689018973,0.8103612867080109,0.798947,0.787532713291989,0.022828573416021847,0.05113270491057829,0.005705714285714258,23.939019365471687,14.128320241928483,0.008152656269811142,0.0041080258653479265,0.0032399999999999096,0.0006200000000000649,0.0025700000000000722,-0.01105292310791084,0.78558,32476.0,-0.0017091439199719005,0.79436,19942.0,0.00015082956259426794,0.79572,21761.0,0.0024841291747170757,0.79904,27405.0,39028.1,0.7386216597784674
2025-09-18 00:00:00+00:00,0.7878,0.79373,0.78711,0.79223,32921.0,0.004475719538481027,0.004465733291793234,0.005051991350046884,0.791318,0.7938459999999999,0.79814,0.8013822,,0.7946686209288105,0.7981960520014492,41.6051866756092,-1.4308287609023012,-0.0035274310726386426,-0.0025135442468738342,-0.0010138868257648084,0.8090188389473393,0.79814,0.7872611610526606,0.02175767789467864,0.22837174864853557,0.00582571428571426,38.48372476308204,21.022437115902083,0.008356159196193114,0.005591810459083909,0.004430000000000045,0.0015000000000000568,0.0006899999999999684,0.003971587871381743,0.7887,28827.0,-0.01105292310791084,0.78558,32476.0,-0.0017091439199719005,0.79436,19942.0,-0.004305166199439325,0.7956,29160.0,38068.6,0.8647809480779436
2025-09-19 00:00:00+00:00,0.79173,0.79657,0.79038,0.79535,31640.0,0.003938250255607567,0.003930515648630995,0.0047456967778394775,0.7912440000000001,0.7936669999999999,0.7978729999999999,0.8013682,,0.7947734484782243,0.7979852333346751,45.507853403141354,-1.0721793101732604,-0.0032117848564507945,-0.002653192368789226,-0.0005585924876615684,0.8087504437786612,0.7978729999999999,0.7869955562213387,0.021754887557322578,0.3840260611160588,0.006013571428571404,51.33910177173473,37.920615300096166,0.007782737159741031,0.004551455334129574,0.0036199999999999566,0.0012199999999999989,0.0013500000000000734,0.004475719538481027,0.79223,32921.0,0.003971587871381743,0.7887,28827.0,-0.01105292310791084,0.78558,32476.0,0.00015082956259426794,0.79572,21761.0,36836.55,0.8589295143003348
2025-09-22 00:00:00+00:00,0.79324,0.79726,0.79202,0.79227,26559.0,-0.003872508958320253,-0.0038800265353353598,0.004612735901199653,0.790826,0.7935909999999999,0.7972385,0.8012638,,0.7943883025584976,0.7975618827172918,37.740693196405616,-1.6387947409586938,-0.003173580158794209,-0.0027572699267902233,-0.00041631023200398593,0.8078525964362462,0.7972385,0.7866244035637537,0.021228192872492446,0.26594804702202757,0.0059271428571428374,38.648537288834156,42.823787941216985,0.006613906875181469,-0.0012243300894895872,0.0009699999999999154,0.0040200000000000236,0.0002500000000000835,0.003938250255607567,0.79535,31640.0,0.004475719538481027,0.79223,32921.0,0.003971587871381743,0.7887,28827.0,-0.0017091439199719005,0.79436,19942.0,35934.8,0.7390885715239822
2025-09-23 00:00:00+00:00,0.79192,0.79347,0.79089,0.79114,28992.0,-0.0014262814444571115,-0.001427299552023616,0.004600878479622551,0.791938,0.792999,0.7966420000000001,0.8010581999999999,,0.7938885637033442,0.7970861877011961,36.53159773252156,-0.7526908698597493,-0.0031976239978519505,-0.002845340741002569,-0.0003522832568493817,0.8072170403259173,0.7966420000000001,0.7860669596740828,0.021150080651834546,0.23985914803011035,0.005819999999999984,33.99258343634106,41.32674083230334,0.0032611168693278394,-0.0009859190535177124,0.0007800000000000029,0.0015500000000000513,0.00024999999999997247,-0.003872508958320253,0.79227,26559.0,0.003938250255607567,0.79535,31640.0,0.004475719538481027,0.79223,32921.0,-0.01105292310791084,0.78558,32476.0,34532.55,0.8395557235130333
2025-09-24 00:00:00+00:00,0.79069,0.7957,0.79035,0.79485,27551.0,0.004689435498141936,0.0046784743498702215,0.004755005330310331,0.793168,0.79258,0.7962819999999999,0.8009559999999999,,0.7940364769797528,0.7969205441677742,39.345906902086625,0.22949951452024925,-0.0028840671880214774,-0.0028530860304063505,-3.098115761512692e-05,0.8065681411106113,0.7962819999999999,0.7859958588893886,0.02057228222122265,0.4303917774119044,0.0058678571428571235,52.36427320490361,41.66846464335962,0.0067308297162986305,0.005233691891551792,0.0041599999999999415,0.0008500000000000174,0.00034000000000000696,-0.0014262814444571115,0.79114,28992.0,-0.003872508958320253,0.79227,26559.0,0.003938250255607567,0.79535,31640.0,0.003971587871381743,0.7887,28827.0,33793.2,0.8152823644993668
2025-09-25 00:00:00+00:00,0.79448,0.80135,0.79385,0.79926,32866.0,0.005548216644649884,0.0055328819845455995,0.004933256847614322,0.794574,0.7929459999999999,0.7961940000000001,0.8008634000000001,,0.7948400959059446,0.7970938371923835,52.30836236933799,0.2760143527463403,-0.0022537412864388484,-0.00273321708161285,0.00047947579517400177,0.8063386099766816,0.7961940000000001,0.7860493900233185,0.02028921995336308,0.651114730238394,0.0056771428571428485,88.67822318526527,58.34502660883666,0.009383679903911197,0.005980531992092694,0.0047800000000000065,0.0020900000000000363,0.0006300000000000194,0.004689435498141936,0.79485,27551.0,-0.0014262814444571115,0.79114,28992.0,-0.003872508958320253,0.79227,26559.0,0.004475719538481027,0.79223,32921.0,33326.75,0.9861747695169796
2025-09-26 00:00:00+00:00,0.79923,0.80067,0.79727,0.79776,31374.0,-0.001876735980782196,-0.0018784992562333395,0.004938108279284487,0.795056,0.79315,0.796095,0.8007964,,0.7952893119204146,0.7971431825855403,55.46063264834912,-0.16019223067680566,-0.0018538706651256565,-0.0025573477983154114,0.0007034771331897549,0.8061319789961153,0.796095,0.7860580210038847,0.020073957992230662,0.582943284062089,0.005434285714285709,80.55254604550392,73.86501414522428,0.00426193341355791,-0.0018426594464500243,0.0014699999999999713,0.0014399999999999968,0.0004899999999999904,0.005548216644649884,0.79926,32866.0,0.004689435498141936,0.79485,27551.0,-0.0014262814444571115,0.79114,28992.0,0.003938250255607567,0.79535,31640.0,32549.85,0.9638754095640995
2025-09-29 00:00:00+00:00,0.79648,0.79871,0.79514,0.79753,27514.0,-0.00028830726032902376,-0.00028834882885706725,0.004938265360528073,0.7961079999999999,0.793467,0.7959894999999999,0.8008,,0.7956340331634277,0.7971718357273522,50.59478613009362,0.24258421317244686,-0.0015378025639244397,-0.0023534387514372174,0.0008156361875127777,0.8059133054564204,0.7959894999999999,0.7860656945435794,0.01984761091284093,0.5776163945759027,0.005233571428571433,79.30660888407346,82.84579270494756,0.004476320639976017,0.0013165648941105606,0.0010499999999999954,0.0011800000000000699,0.0013400000000000079,-0.001876735980782196,0.79776,31374.0,0.005548216644649884,0.79926,32866.0,0.004689435498141936,0.79485,27551.0,-0.003872508958320253,0.79227,26559.0,31769.05,0.8660630393417493
2025-09-30 00:00:00+00:00,0.7973,0.79851,0.79386,0.79599,27936.0,-0.0019309618446954335,-0.0019328285549361805,0.004794351370805586,0.7970780000000001,0.794508,0.7956025,0.8008842,,0.7956887972921312,0.7970842923401409,46.09674942411059,0.033931533705322536,-0.0013954950480097317,-0.0021618500107517206,0.0007663549627419889,0.8048349185689134,0.7956025,0.7863700814310866,0.018464837137826873,0.5209858336202791,0.0053100000000000135,70.96424702058493,76.94113398338745,0.005841781931933873,-0.0016457493184588166,0.0013100000000000334,0.0012100000000000444,0.0021299999999999653,-0.00028830726032902376,0.79753,27514.0,-0.001876735980782196,0.79776,31374.0,0.005548216644649884,0.79926,32866.0,-0.0014262814444571115,0.79114,28992.0,30256.8,0.923296581264377
2025-10-01 00:00:00+00:00,0.7962,0.79897,0.7928,0.79679,33701.0,0.001005037751730553,0.0010045330394309868,0.004802928055588212,0.797466,0.795317,0.7952435,0.8009913999999999,,0.7958582130933417,0.7970624929075378,51.63326928355753,0.30590664182487076,-0.0012042798141961297,-0.0019703359714406026,0.0007660561572444729,0.8036251322364685,0.7952435,0.7868618677635315,0.016763264472936967,0.5922553004217475,0.005329285714285735,75.29794149512459,75.18959913326101,0.007743571078954316,0.0007404711404510341,0.0005899999999999794,0.0021799999999999597,0.0034000000000000696,-0.0019309618446954335,0.79599,27936.0,-0.00028830726032902376,0.79753,27514.0,-0.001876735980782196,0.79776,31374.0,0.004689435498141936,0.79485,27551.0,29358.2,1.1479246002820336
2025-10-02 00:00:00+00:00,0.79635,0.79996,0.79509,0.7978,26907.0,0.0012675861895856677,0.0012667834804753696,0.004789675341146244,0.7971739999999999,0.7958740000000001,0.79486,0.8010562,,0.79615694954052,0.797117123062535,52.78670953912106,1.5555385829578157,-0.0009601735220150509,-0.0017683034815554922,0.0008081299595404413,0.8018593804237109,0.79486,0.7878606195762892,0.013998760847421687,0.7100185889339938,0.005395714285714305,80.76923076923052,75.6771397616467,0.006104286788668891,0.0018174981198294702,0.0014499999999999513,0.0021600000000000508,0.0012600000000000389,0.001005037751730553,0.79679,33701.0,-0.0019309618446954335,0.79599,27936.0,-0.00028830726032902376,0.79753,27514.0,0.005548216644649884,0.79926,32866.0,28776.15,0.9350451676127626
2025-10-03 00:00:00+00:00,0.79721,0.79797,0.79466,0.79484,24033.0,-0.0037102030584106327,-0.0037171029336907175,0.0042716421212490524,0.79659,0.795823,0.794745,0.8010628,,0.7959543419189015,0.796948447280125,50.61664953751289,0.7784962596678122,-0.000994105361223574,-0.0016134638574891087,0.0006193584962655347,0.8016617424641826,0.794745,0.7878282575358174,0.013833484928365225,0.5068673946219554,0.00537142857142859,64.73456121343443,73.60057782592988,0.004164360122791913,-0.002981732172512686,0.0023699999999999832,0.0007599999999999829,0.00017999999999995797,0.0012675861895856677,0.7978,26907.0,0.001005037751730553,0.79679,33701.0,-0.0019309618446954335,0.79599,27936.0,-0.001876735980782196,0.79776,31374.0,28389.85,0.8465349411849658
2025-10-06 00:00:00+00:00,0.79475,0.79933,0.79449,0.7947,31409.0,-0.00017613607770117223,-0.00017615159148182393,0.00410552502913452,0.796024,0.7960659999999999,0.7948285,0.8008986,,0.7957613662390705,0.7967818956297453,65.05944517833552,0.31177814523559727,-0.0010205293906748736,-0.0014948769641262617,0.0004743475734513881,0.8016982300184472,0.7948285,0.7879587699815529,0.013739460036894302,0.4906473762684248,0.005051428571428588,63.97616468038985,69.82665222101828,0.006090348559204675,-6.291682395871963e-05,4.999999999999449e-05,0.0045800000000000285,0.00020999999999993246,-0.0037102030584106327,0.79484,24033.0,0.0012675861895856677,0.7978,26907.0,0.001005037751730553,0.79679,33701.0,-0.00028830726032902376,0.79753,27514.0,28651.05,1.0962599974521003
2025-10-07 00:00:00+00:00,0.79447,0.7991,0.79443,0.79807,26293.0,0.0042405939348182375,0.004231627954808068,0.004055955079700232,0.7964399999999999,0.796759,0.794879,0.8007504,,0.7961165406638289,0.7968773107682827,65.34556174254826,0.34198780411139057,-0.0007607701044538562,-0.0013480555921917808,0.0005872854877379246,0.801832142114411,0.794879,0.787925857885589,0.013906284228822008,0.7294646037355049,0.004925714285714303,76.96629213483108,68.55900600955181,0.005851617026075486,0.00451088250404092,0.0035999999999999366,0.0010300000000000864,4.0000000000040004e-05,-0.00017613607770117223,0.7947,31409.0,-0.0037102030584106327,0.79484,24033.0,0.0012675861895856677,0.7978,26907.0,-0.0019309618446954335,0.79599,27936.0,28463.35,0.9237493127126639
2025-10-08 00:00:00+00:00,0.79768,0.80288,0.79734,0.80173,31120.0,0.004586063879108426,0.004575579929312412,0.004147959098807508,0.797428,0.797447,0.7950134999999999,0.8004952,,0.7969801497924707,0.7972367692298914,65.49249836921074,1.1940373862445914,-0.00025661943742072424,-0.0011297683612375695,0.0008731489238168453,0.8023963372095824,0.7950134999999999,0.7876306627904175,0.014765674419164876,0.9548725516582263,0.00484857142857144,90.82202713487645,77.25482798336581,0.006910057001733737,0.00505157596697156,0.004050000000000109,0.0011499999999999844,0.00033999999999989594,0.0042405939348182375,0.79807,26293.0,-0.00017613607770117223,0.7947,31409.0,-0.0037102030584106327,0.79484,24033.0,0.001005037751730553,0.79679,33701.0,28649.1,1.08624703742875
2025-10-09 00:00:00+00:00,0.80127,0.80757,0.80022,0.80618,29897.0,0.005550497050129,0.005535149805079309,0.004172898212668139,0.799104,0.798139,0.7955425,0.8003784,,0.7983955113628598,0.797899230768418,66.9271647389809,1.901054174987999,0.0004962805944418447,-0.0008045585701016868,0.0013008391645435314,0.8044591287587345,0.7955425,0.7866258712412656,0.017833257517468892,1.0964978630280984,0.004931428571428579,91.9279907084785,86.57210332606205,0.009117070629387937,0.006090451263985673,0.00490999999999997,0.0013900000000000023,0.0010499999999999954,0.004586063879108426,0.80173,31120.0,0.0042405939348182375,0.79807,26293.0,-0.00017613607770117223,0.7947,31409.0,0.0012675861895856677,0.7978,26907.0,28685.95,1.0422175315790483
2025-10-10 00:00:00+00:00,0.80579,0.80675,0.79826,0.79869,32549.0,-0.009290729117566787,-0.009334157135931902,0.004731304729611685,0.799874,0.7982319999999999,0.795691,0.8002743999999999,,0.7984408173070352,0.7979578062670537,58.818681318681264,0.483110020758642,0.00048301103998149575,-0.0005470446480850503,0.001030055688066546,0.8047183150405945,0.795691,0.7866636849594055,0.018054630081189016,0.6661069756906628,0.005163571428571434,48.43205574912896,77.06069119749465,0.010629906471847647,-0.008889556649012753,0.007099999999999995,0.0009599999999999609,0.00043000000000004146,0.005550497050129,0.80618,29897.0,0.004586063879108426,0.80173,31120.0,0.0042405939348182375,0.79807,26293.0,-0.0037102030584106327,0.79484,24033.0,29225.35,1.1137248997873421
2025-10-13 00:00:00+00:00,0.80007,0.80574,0.79935,0.80385,35753.0,0.006460579198437344,0.006439799109567316,0.004907471398957505,0.801704,0.7988639999999999,0.7961655,0.8001928,,0.799272999259799,0.7983942650620868,65.71852584714321,0.5742812101193583,0.0008787341977122276,-0.0002618888789255947,0.0011406230766378223,0.8058704493070633,0.7961655,0.7864605506929366,0.019409898614126675,0.895906241076764,0.005482857142857146,78.39721254355369,72.9190863337204,0.007949244261989187,0.004702369845120366,0.0037800000000000056,0.0018900000000000583,0.0007199999999999429,-0.009290729117566787,0.79869,32549.0,0.005550497050129,0.80618,29897.0,0.004586063879108426,0.80173,31120.0,-0.00017613607770117223,0.7947,31409.0,30015.9,1.1911353649232572
2025-10-14 00:00:00+00:00,0.80377,0.80495,0.80022,0.80073,36199.0,-0.003881321142004013,-0.0038888730160734917,0.004225388491669528,0.8022360000000001,0.799338,0.7969229999999999,0.800063,,0.79949715321983,0.7985672824648952,57.379518072289315,0.3722924187725667,0.0009298707549347807,-2.353695215351963e-05,0.0009534077070883003,0.8054415793231176,0.7969229999999999,0.7884044206768823,0.01703715864623523,0.723452752835718,0.005438571428571436,53.68991198375133,60.17306009214468,0.005907109762341878,-0.003796535661209061,0.0030399999999999316,0.0011800000000000699,0.0005100000000000104,0.006460579198437344,0.80385,35753.0,-0.009290729117566787,0.79869,32549.0,0.005550497050129,0.80618,29897.0,0.0042405939348182375,0.79807,26293.0,30202.05,1.1985610248310958
2025-10-15 00:00:00+00:00,0.80034,0.80153,0.79561,0.79665,29051.0,-0.00509535049267551,-0.005108376056377593,0.004369657775516695,0.80122,0.799324,0.7973205,0.7998797999999999,,0.7990591296475484,0.7984252615415696,46.69703872437357,-0.1103406768397417,0.0006338681059788742,0.00010794405947295916,0.0005259240465059151,0.8049153194947564,0.7973205,0.7897256805052436,0.015189638989512755,0.45585806874916873,0.005325714285714283,26.0663507109005,52.71782507940187,0.007431117805811744,-0.004631896064771333,0.003690000000000082,0.0011899999999999133,0.0010399999999999299,-0.003881321142004013,0.80073,36199.0,0.006460579198437344,0.80385,35753.0,-0.009290729117566787,0.79869,32549.0,0.004586063879108426,0.80173,31120.0,30213.25,0.9615317782760875
2025-10-16 00:00:00+00:00,0.79601,0.79843,0.79234,0.79254,34593.0,-0.005159103746940286,-0.005172457872690672,0.004440054177453598,0.7984920000000001,0.7987979999999999,0.7973359999999999,0.7996072,,0.7980561866248487,0.797989316242194,43.80341880341879,-0.4334225304337936,6.687038265462686e-05,9.972932410929272e-05,-3.2858941454665856e-05,0.8048882221198402,0.7973359999999999,0.7897837778801596,0.015104444239680603,0.18247755932651732,0.005517857142857138,1.3131976362441131,27.023153443632,0.007684154742978182,-0.004378327907739638,0.003469999999999973,0.0024199999999999777,0.00019999999999997797,-0.00509535049267551,0.79665,29051.0,-0.003881321142004013,0.80073,36199.0,0.006460579198437344,0.80385,35753.0,0.005550497050129,0.80618,29897.0,30296.85,1.1418018704914867
2025-10-17 00:00:00+00:00,0.79237,0.79369,0.78724,0.79341,44258.0,0.001097736391853843,0.0010971343198314732,0.004353000678368967,0.797436,0.7986549999999999,0.797239,0.7993206,,0.7973413886825643,0.7976501076316611,45.18241347053317,-0.42420211097027444,-0.00030871894909678677,1.8039669468076822e-05,-0.0003267586185648636,0.8049468549135579,0.797239,0.7895311450864422,0.015415709827115709,0.25161701647594575,0.0057235714285714155,30.349237579930694,19.242928642358454,0.008129466480130016,0.0013107976960208844,0.0010399999999999299,0.000280000000000058,0.005129999999999968,-0.005159103746940286,0.79254,34593.0,-0.00509535049267551,0.79665,29051.0,-0.003881321142004013,0.80073,36199.0,-0.009290729117566787,0.79869,32549.0,30927.75,1.431012601951322
2025-10-20 00:00:00+00:00,0.79024,0.79429,0.79024,0.79251,27470.0,-0.0011343441600180082,-0.0011349880153030674,0.004270822430320172,0.795168,0.798436,0.7972509999999999,0.7989274000000001,,0.796598098116016,0.7972693589182047,45.86894586894593,-0.663073451992969,-0.0006712608021887112,-0.00011982042486328078,-0.0005514403773254304,0.8049269635774371,0.7972509999999999,0.7895750364225628,0.015351927154874323,0.1911788368866387,0.005680714285714269,25.922282341367474,19.19490585251411,0.005110345610780934,0.002864317169499431,0.0022699999999999942,0.0017800000000000038,0.0,0.001097736391853843,0.79341,44258.0,-0.005159103746940286,0.79254,34593.0,-0.00509535049267551,0.79665,29051.0,0.006460579198437344,0.80385,35753.0,30973.3,0.886892904533905
2025-10-21 00:00:00+00:00,0.79191,0.7964,0.79125,0.79633,33046.0,0.004820128452637684,0.004808548828762544,0.004386039689261525,0.7942880000000001,0.798262,0.7975105,0.7987322,,0.7965568522520136,0.7971997767761154,49.490474080637995,0.18745911126767542,-0.0006429245241018622,-0.00022444124471099705,-0.00041848327939086514,0.8046486715925191,0.7975105,0.790372328407481,0.01427634318503812,0.417310757755024,0.0056078571428571245,44.712247909493115,33.66125594359711,0.006467168133813856,0.0055504627478557625,0.0044199999999999795,7.00000000000145e-05,0.0006599999999999939,-0.0011343441600180082,0.79251,27470.0,0.001097736391853843,0.79341,44258.0,-0.005159103746940286,0.79254,34593.0,-0.003881321142004013,0.80073,36199.0,31176.0,1.0599820374647164
2025-10-22 00:00:00+00:00,0.79553,0.79733,0.79478,0.79596,31535.0,-0.0004646314969923848,-0.0004647394716532977,0.0042665856629418245,0.7941499999999999,0.797685,0.797566,0.7985492,,0.7964650288286269,0.7971079414593661,47.93258426966296,0.15855039637599583,-0.0006429126307392341,-0.00030813552191664447,-0.00033477710882258964,0.804633989813238,0.797566,0.790498010186762,0.014135979626475947,0.3863891967563364,0.005442142857142832,42.892277422528124,37.842269224462925,0.003203678576812831,0.0005402281521685028,0.00043000000000004146,0.0013699999999999823,0.0007499999999999174,0.004820128452637684,0.79633,33046.0,-0.0011343441600180082,0.79251,27470.0,0.001097736391853843,0.79341,44258.0,-0.00509535049267551,0.79665,29051.0,31375.2,1.005093194625054
2025-10-23 00:00:00+00:00,0.79529,0.79864,0.79452,0.79501,19039.0,-0.0011935273129303203,-0.001194240133890981,0.004073651376730819,0.7946440000000001,0.7965679999999999,0.7973534999999999,0.7983036,,0.7962411782396075,0.7969525383883019,50.20004706989881,-0.3834250128434789,-0.0007113601486944399,-0.00038878044727220357,-0.0003225797014222363,0.8044624810506839,0.7973534999999999,0.790244518949316,0.014217962101367831,0.335173284097129,0.0054999999999999815,38.2193802262664,41.941301852762564,0.005182324750632084,-0.00035219682771293187,0.000280000000000058,0.003349999999999964,0.0004899999999999904,-0.0004646314969923848,0.79596,31535.0,0.004820128452637684,0.79633,33046.0,-0.0011343441600180082,0.79251,27470.0,-0.005159103746940286,0.79254,34593.0,30683.85,0.6204892801913711
2025-10-24 00:00:00+00:00,0.79424,0.79678,0.79342,0.79515,28184.0,0.00017609841385657354,0.0001760829103509606,0.004056561930233111,0.794992,0.796214,0.797223,0.7980901999999999,,0.7960733046642833,0.7968190170262055,50.5295363614969,-0.8207251817943734,-0.0007457123619222239,-0.0004601668302022077,-0.0002855455317200162,0.8043960962264367,0.797223,0.7900499037735633,0.014346192452873385,0.3555017293397042,0.0053942857142857,38.908017707820896,40.00655845220516,0.004225617807960799,0.0011444381563228037,0.0009100000000000774,0.0016300000000000203,0.0008199999999999319,-0.0011935273129303203,0.79501,19039.0,-0.0004646314969923848,0.79596,31535.0,0.004820128452637684,0.79633,33046.0,0.001097736391853843,0.79341,44258.0,30524.35,0.9233284246839
2025-10-27 00:00:00+00:00,0.79544,0.79725,0.79447,0.79525,25653.0,0.00012576243476081217,0.00012575452732877868,0.004056907842106803,0.79554,0.795354,0.7971090000000001,0.7978546,,0.7959466424082398,0.7967027935427828,46.40489546149929,-1.3557766255674906,-0.0007561511345430816,-0.0005193636910703825,-0.00023678744347269912,0.8043338369859617,0.7971090000000001,0.7898841630140384,0.014449673971923316,0.3713465782264557,0.005259285714285696,39.39990162321681,38.84243318576805,0.00349575605155612,-0.0002389185790632172,0.00019000000000002348,0.0018099999999999783,0.0007800000000000029,0.00017609841385657354,0.79515,28184.0,-0.0011935273129303203,0.79501,19039.0,-0.0004646314969923848,0.79596,31535.0,-0.0011343441600180082,0.79251,27470.0,30431.3,0.8429807467968835
2025-10-28 00:00:00+00:00,0.79497,0.79666,0.79246,0.79309,27804.0,-0.0027161270040868546,-0.0027198223699434346,0.004078937866450651,0.794892,0.79459,0.796964,0.7975677999999999,,0.7955071589608183,0.7964351792062804,38.54718981972406,-0.7011481300629843,-0.0009280202454621245,-0.000601095001948731,-0.0003269252435133935,0.8043968075024487,0.796964,0.7895311924975513,0.014865615004897359,0.2393986055253156,0.005163571428571411,28.775209050663662,35.69437612723382,0.0052957419712768815,-0.0023704749776191766,0.0018799999999999928,0.0016900000000000803,0.0006299999999999084,0.00012576243476081217,0.79525,25653.0,0.00017609841385657354,0.79515,28184.0,-0.0011935273129303203,0.79501,19039.0,0.004820128452637684,0.79633,33046.0,30424.7,0.9138627496737848
2025-10-29 00:00:00+00:00,0.79308,0.80198,0.79252,0.79923,33586.0,0.007741870405628681,0.007712055908055487,0.004443364360663574,0.795546,0.794848,0.797086,0.7974766,,0.796079903736077,0.7966422029687782,41.18244100482104,-0.5747340921813718,-0.0005622992327012355,-0.0005933358480992319,3.103661539799636e-05,0.8045865723290422,0.797086,0.7895854276709577,0.015001144658084442,0.6429224268459132,0.0053142857142857,61.455663762173224,43.21025814535125,0.011836392527808045,0.00769490634735932,0.006149999999999989,0.00275000000000003,0.0005600000000000049,-0.0027161270040868546,0.79309,27804.0,0.00012576243476081217,0.79525,25653.0,0.00017609841385657354,0.79515,28184.0,-0.0004646314969923848,0.79596,31535.0,30418.95,1.1041143760714949
2025-10-30 00:00:00+00:00,0.79923,0.80365,0.79753,0.80157,30804.0,0.0029278180248488717,0.002923540313195751,0.004480454373140336,0.796858,0.795751,0.7972745000000001,0.7973406,,0.7969245339305266,0.7970072249710909,54.20315236427323,0.1049042748491941,-8.269104056424226e-05,-0.000491206886592234,0.0004085158460279917,0.8050355918249836,0.7972745000000001,0.7895134081750166,0.015522183649967047,0.7767329711376669,0.005144999999999987,77.45945945945937,55.896777424098765,0.007635016280549439,0.0029192709307983193,0.0023400000000000087,0.0020799999999999708,0.0017000000000000348,0.007741870405628681,0.79923,33586.0,-0.0027161270040868546,0.79309,27804.0,0.00012576243476081217,0.79525,25653.0,-0.0011935273129303203,0.79501,19039.0,30613.8,1.0062128843854732
2025-10-31 00:00:00+00:00,0.80157,0.80515,0.80086,0.80419,26744.0,0.00326858540115027,0.003263255187568658,0.004427630109031254,0.7986660000000001,0.796829,0.797742,0.7974105999999999,,0.7980422979412148,0.7975392823806398,50.53593947036572,0.9464633151321147,0.0005030155605750819,-0.0002923623971587708,0.0007953779577338527,0.8059963809101932,0.797742,0.7894876190898067,0.01650876182038652,0.8905804729726873,0.004947857142857131,94.6398659966495,77.85166307276072,0.005334560240739149,0.0032579365572811846,0.0026199999999999557,0.0009600000000000719,0.0007099999999999884,0.0029278180248488717,0.80157,30804.0,0.007741870405628681,0.79923,33586.0,-0.0027161270040868546,0.79309,27804.0,0.00017609841385657354,0.79515,28184.0,30749.35,0.8697419620252136
2025-11-03 00:00:00+00:00,0.80241,0.80911,0.80241,0.80792,23565.0,0.004638207388801163,0.004627484050171492,0.004513580206218693,0.8012,0.79837,0.798403,0.7974697999999999,,0.7995619444117972,0.7983082244265184,61.11970306217128,1.9405960582431108,0.0012537199852787895,1.6854079328741206e-05,0.0012368659059500482,0.8076850122591486,0.798403,0.7891209877408514,0.018564024518297195,1.0126582326272942,0.005088571428571419,94.55875628715123,88.88602724775338,0.008292900287157193,0.006819982176453133,0.005510000000000015,0.0011900000000000244,0.0,0.00326858540115027,0.80419,26744.0,0.0029278180248488717,0.80157,30804.0,0.007741870405628681,0.79923,33586.0,0.00012576243476081217,0.79525,25653.0,30357.15,0.7762586408803197
2025-11-04 00:00:00+00:00,0.80756,0.8108,0.80667,0.81031,26193.0,0.002958213684523203,0.0029538467804587545,0.0044715669429221646,0.804644,0.799768,0.799015,0.7976146,,0.8012154914253669,0.7991972448393688,72.29112271540487,2.1300462560340843,0.002018246585998029,0.0004171325806625988,0.0016011140053354303,0.8097109382354649,0.799015,0.7883190617645351,0.02139187647092977,1.0280041708986656,0.004960714285714278,97.92020373514434,95.70627533964837,0.0050968147992743115,0.00339376288087279,0.00275000000000003,0.0004899999999999904,0.0008899999999999464,0.004638207388801163,0.80792,23565.0,0.00326858540115027,0.80419,26744.0,0.0029278180248488717,0.80157,30804.0,-0.0027161270040868546,0.79309,27804.0,30352.15,0.8629701685053612
2025-11-05 00:00:00+00:00,0.80993,0.81239,0.80789,0.81018,25233.0,-0.0001604324270957358,-0.00016044529775416675,0.00438350979241075,0.8068339999999999,0.8011900000000001,0.7994375,0.7977771999999999,,0.802594646590695,0.8000107822586748,83.08327081770466,2.2296248627777517,0.0025838643320201804,0.0008504789309341152,0.0017333854010860652,0.8111994419717752,0.7994375,0.7876755580282249,0.023523883943550317,0.9566635350598779,0.004847142857142851,91.21272365805191,94.56389456011584,0.005554321261941727,0.0003085734034411766,0.00024999999999997247,0.0022099999999999342,0.0020400000000000418,0.002958213684523203,0.81031,26193.0,0.004638207388801163,0.80792,23565.0,0.00326858540115027,0.80419,26744.0,0.007741870405628681,0.79923,33586.0,30057.8,0.8394825968633766
2025-11-06 00:00:00+00:00,0.80966,0.8104,0.80598,0.80614,25449.0,-0.004986546199610031,-0.004999020507530583,0.004382003367300781,0.8077479999999999,0.802303,0.7994355,0.7978796000000001,,0.8031400855767419,0.8004647983876618,71.33757961783448,1.2319013474313394,0.0026752871890800556,0.0012154405825633033,0.0014598466065167523,0.8111926272448957,0.7994355,0.7876783727551042,0.023514254489791497,0.7851249229657994,0.0047021428571428535,71.78329571106092,86.97207436808576,0.005482918599746917,-0.004366487210658296,0.0035200000000000786,0.0007399999999999629,0.00015999999999993797,-0.0001604324270957358,0.81018,25233.0,0.002958213684523203,0.81031,26193.0,0.004638207388801163,0.80792,23565.0,0.0029278180248488717,0.80157,30804.0,29835.4,0.8529800170267534
2025-11-07 00:00:00+00:00,0.80596,0.80839,0.80317,0.80469,27028.0,-0.001798695015754026,-0.0018003146100293596,0.003830958963483429,0.8078479999999999,0.803257,0.7997355,0.7979785999999999,,0.8033785339495508,0.8007777762848721,70.04608294930873,1.0967887833559495,0.00260075766467871,0.0014925039989863846,0.0011082536656923255,0.8117165964703411,0.7997355,0.787754403529659,0.023962192940682137,0.706763212877249,0.004785714285714282,63.576158940397576,75.52405943650348,0.006486970137568508,-0.0015782475238911796,0.0012699999999999934,0.0024300000000000432,0.0015199999999999658,-0.004986546199610031,0.80614,25449.0,-0.0001604324270957358,0.81018,25233.0,0.002958213684523203,0.81031,26193.0,0.00326858540115027,0.80419,26744.0,29559.35,0.9143638138186395
2025-11-10 00:00:00+00:00,0.80416,0.80719,0.80348,0.80485,26475.0,0.00019883433371847836,0.00019881456879226628,0.0035538207382948043,0.807234,0.8042170000000001,0.7997855,0.7980828,,0.8036049133419276,0.8010794224859927,65.94311377245506,1.237720280248042,0.0025254908559348976,0.0016991013703760874,0.0008263894855588102,0.8118469714560144,0.7997855,0.7877240285439857,0.024122942912028655,0.7099453627390776,0.00468285714285714,62.16758655293511,65.84234706813122,0.004609554575386707,0.0008573026029694582,0.0006899999999999684,0.0023400000000000087,0.0006800000000000139,-0.001798695015754026,0.80469,27028.0,-0.004986546199610031,0.80614,25449.0,-0.0001604324270957358,0.81018,25233.0,0.004638207388801163,0.80792,23565.0,29095.45,0.909936089663504
2025-11-11 00:00:00+00:00,0.80426,0.80612,0.79856,0.80045,20890.0,-0.005466857178356155,-0.005481855128134931,0.0036625811202833968,0.8052619999999999,0.8049529999999999,0.7997715000000001,0.7980171999999999,,0.8031195420585542,0.8010327985981414,57.30081300813009,0.6665409042319023,0.002086743460412821,0.0017766297883834341,0.0003101136720293869,0.8118290048042829,0.7997715000000001,0.7877139951957173,0.024115009608565607,0.528136003717739,0.0050407142857142795,40.09031610637223,55.27802053323499,0.009444687363357986,-0.004759822599787595,0.00380999999999998,0.0018599999999999728,0.0018899999999999473,0.00019883433371847836,0.80485,26475.0,-0.001798695015754026,0.80469,27028.0,-0.004986546199610031,0.80614,25449.0,0.002958213684523203,0.81031,26193.0,28330.0,0.7373808683374514
2025-11-12 00:00:00+00:00,0.79965,0.8011,0.79671,0.7977,22190.0,-0.0034355674932851077,-0.003441482607019712,0.003558645507550249,0.8027659999999999,0.8048,0.7998239999999999,0.7978918,,0.8022857663572381,0.8007859246279087,54.13210445468506,0.30807922037094654,0.0014998417293294874,0.0017212721765726448,-0.00022143044724315733,0.8118333251486648,0.7998239999999999,0.7878146748513349,0.024018650297329858,0.4115687195697242,0.005059999999999993,26.292022077270143,42.849974912192515,0.005503322050896334,-0.0024445280180519086,0.0019500000000000073,0.0014500000000000624,0.0009899999999999354,-0.005466857178356155,0.80045,20890.0,0.00019883433371847836,0.80485,26475.0,-0.001798695015754026,0.80469,27028.0,-0.0001604324270957358,0.81018,25233.0,27986.95,0.7928695338363059
2025-11-13 00:00:00+00:00,0.79724,0.79937,0.7908,0.79261,27533.0,-0.006380844929171237,-0.006401289535822219,0.0036621464295459164,0.8000599999999999,0.803904,0.7998274999999999,0.7976346,,0.8007971869176631,0.800180300581397,46.61333333333333,-0.0605227653860123,0.0006168863362661092,0.0015003950085113378,-0.0008835086722452285,0.8118279243346043,0.7998274999999999,0.7878270756653956,0.024000848669208708,0.1992814671066449,0.005432142857142853,8.383510884669242,24.921949689437223,0.010812379354285306,-0.005841460491288164,0.004629999999999912,0.0021300000000000763,0.0018100000000000893,-0.0034355674932851077,0.7977,22190.0,-0.005466857178356155,0.80045,20890.0,0.00019883433371847836,0.80485,26475.0,-0.004986546199610031,0.80614,25449.0,27633.95,0.9963468849006385
2025-11-14 00:00:00+00:00,0.79174,0.79476,0.78776,0.79381,29369.0,0.0015139854405066266,0.001512840519999234,0.003669823592425809,0.797884,0.8028660000000001,0.7998475,0.7975679999999999,,0.7997222350841765,0.7997084264642564,48.13471502590673,-0.6781527219949177,1.380861992006377e-05,0.001203077730793083,-0.0011892691108730193,0.8118041442660683,0.7998475,0.7878908557339318,0.02391328853213648,0.24752531455946003,0.0057335714285714256,24.563540397888822,19.746357786609423,0.0088182310628488,0.002607676900013878,0.0020700000000000163,0.0009500000000000064,0.0039799999999999836,-0.006380844929171237,0.79261,27533.0,-0.0034355674932851077,0.7977,22190.0,-0.005466857178356155,0.80045,20890.0,-0.001798695015754026,0.80469,27028.0,26889.5,1.092210714219305
2025-11-17 00:00:00+00:00,0.7928,0.79654,0.79249,0.79612,23730.0,0.002910016250740055,0.002905790349758938,0.003713365182294752,0.796138,0.8016859999999999,0.800028,0.7976297999999999,,0.7991680450712263,0.7994426170965337,53.90967741935497,-0.679915665506438,-0.0002745720253074513,0.0009075477795729761,-0.0011821198048804274,0.8116217380557481,0.800028,0.7884342619442518,0.023187476111496297,0.33146074280752214,0.005722857142857141,33.942346731628334,22.296466004728817,0.005087172788021904,0.0041702255941316645,0.0033200000000001006,0.00041999999999997595,0.00030999999999992145,0.0015139854405066266,0.79381,29369.0,-0.006380844929171237,0.79261,27533.0,-0.0034355674932851077,0.7977,22190.0,0.00019883433371847836,0.80485,26475.0,26702.5,0.888680835127797
2025-11-18 00:00:00+00:00,0.79549,0.80003,0.79373,0.79953,27711.0,0.004283273878309624,0.0042741267711594805,0.003680260099291056,0.795954,0.8006080000000001,0.800188,0.7976791999999999,,0.7992237304448838,0.7994490899041979,50.41643531371456,-0.5794650517912431,-0.00022535945931412282,0.0006809663317955564,-0.0009063257911096792,0.8116544813122532,0.800188,0.7887215186877469,0.02293296262450628,0.47130767573410226,0.0054971428571428515,47.78725131952895,35.431046149682054,0.00787962928220326,0.005052968619063616,0.0040399999999999325,0.000500000000000056,0.0017599999999999838,0.002910016250740055,0.79612,23730.0,0.0015139854405066266,0.79381,29369.0,-0.006380844929171237,0.79261,27533.0,-0.005466857178356155,0.80045,20890.0,26435.75,1.048239599784383
2025-11-19 00:00:00+00:00,0.79879,0.80667,0.79838,0.80537,27831.0,0.0073042912711218655,0.007277744129291114,0.004001611897211812,0.7974880000000001,0.800127,0.8006584999999999,0.7978058,,0.8001693103764401,0.7998876758372203,54.80769230769236,-0.31562530943657063,0.0002816345392198105,0.0006010999732804072,-0.0003194654340605967,0.8121666724279583,0.8006584999999999,0.7891503275720416,0.023016344855916637,0.7047023551955923,0.005652142857142851,71.49817295980537,51.07592367032091,0.010293405515477382,0.008170157815662403,0.00658000000000003,0.0012999999999999678,0.00041000000000002146,0.004283273878309624,0.79953,27711.0,0.002910016250740055,0.79612,23730.0,0.0015139854405066266,0.79381,29369.0,-0.0034355674932851077,0.7977,22190.0,26250.55,1.0602063575810792
2025-11-20 00:00:00+00:00,0.80487,0.8077,0.8048,0.80563,30984.0,0.0003228329835975874,0.00032278088424256334,0.00398024111719501,0.800092,0.800076,0.8011895000000001,0.7980064,,0.8010094164723724,0.8003130331826115,51.93756727664156,-0.5775567375448925,0.0006963832897609601,0.0006201566365765178,7.622665318444228e-05,0.812579723832191,0.8011895000000001,0.7897992761678092,0.02278044766438181,0.694925932335507,0.005552857142857137,72.55379618351601,63.94640682095013,0.003599667341087117,0.0009433610962848739,0.0007599999999999829,0.0020700000000000163,7.00000000000145e-05,0.0073042912711218655,0.80537,27831.0,0.004283273878309624,0.79953,27711.0,0.002910016250740055,0.79612,23730.0,-0.006380844929171237,0.79261,27533.0,26847.8,1.1540610403831972
2025-11-21 00:00:00+00:00,0.80519,0.80982,0.80353,0.80834,32180.0,0.0033638270670157677,0.0033581820564313708,0.004022966125574516,0.802998,0.800441,0.801849,0.7982587999999999,,0.8021371985535459,0.8009076233172329,50.5810736026563,-0.22711002493273888,0.001229575236313063,0.0007420403565238268,0.0004875348797892362,0.8132941274854384,0.801849,0.7904038725145617,0.02289025497087671,0.7835704542504406,0.005523571428571421,83.55663824604137,75.86953579645427,0.0077813791226464335,0.003896875077318933,0.003149999999999986,0.0014800000000000368,0.0016599999999999948,0.0003228329835975874,0.80563,30984.0,0.0073042912711218655,0.80537,27831.0,0.004283273878309624,0.79953,27711.0,0.0015139854405066266,0.79381,29369.0,27047.6,1.189754358981943
2025-11-24 00:00:00+00:00,0.80712,0.81013,0.80586,0.80825,25053.0,-0.0001113392879232844,-0.00011134548660191062,0.004025501118853853,0.805424,0.8007810000000001,0.8024990000000001,0.7985365999999999,,0.8030776295453081,0.8014515030715119,46.95626477541375,0.26174113677525696,0.00162612647379623,0.0009188575799783075,0.0007072688938179225,0.813842284403235,0.8024990000000001,0.7911557155967651,0.02268656880646991,0.7534980079649525,0.005533571428571423,83.19123020706482,79.76722154554075,0.0052830188679245235,0.0013980822765234462,0.0011300000000000754,0.0018799999999999928,0.0012599999999999278,0.0033638270670157677,0.80834,32180.0,0.0003228329835975874,0.80563,30984.0,0.0073042912711218655,0.80537,27831.0,0.002910016250740055,0.79612,23730.0,27017.6,0.9272844368115599
2025-11-25 00:00:00+00:00,0.80798,0.81014,0.80571,0.80754,26952.0,-0.0008784410763995609,-0.0008788271318631232,0.0039610253181143135,0.8070259999999999,0.8014899999999999,0.8032215,0.7989758,,0.8037641480767993,0.8019025028439924,46.16502033701336,0.35417365693621383,0.0018616452328068522,0.0011074151105440165,0.0007542301222628358,0.8138603093417717,0.8032215,0.7925826906582284,0.021277618683543276,0.7029597420758393,0.005528571428571423,87.36749116607785,84.70511987306138,0.0054857963692200185,-0.0005448646506674542,0.00043999999999999595,0.0021599999999999397,0.0018299999999999983,-0.0001113392879232844,0.80825,25053.0,0.0033638270670157677,0.80834,32180.0,0.0003228329835975874,0.80563,30984.0,0.004283273878309624,0.79953,27711.0,26975.0,0.9991473586654309
2025-11-26 00:00:00+00:00,0.8072,0.8083,0.80383,0.80407,31011.0,-0.004297000767763959,-0.004306259408005102,0.0037788335872998655,0.806766,0.8021269999999999,0.8034635,0.7992832,,0.8038112022188302,0.8020630581888819,46.942392909896554,-0.09691246816176964,0.0017481440299482731,0.0012355608944248679,0.0005125831355234053,0.813938953563854,0.8034635,0.792988046436146,0.020950907127708085,0.5289486272027736,0.005532142857142851,72.87756925826616,81.14543021046963,0.00555921748106505,-0.003892695909560209,0.003130000000000077,0.0010999999999999899,0.00023999999999990695,-0.0008784410763995609,0.80754,26952.0,-0.0001113392879232844,0.80825,25053.0,0.0033638270670157677,0.80834,32180.0,0.0073042912711218655,0.80537,27831.0,26846.25,1.1551333985193464
2025-11-27 00:00:00+00:00,0.80388,0.8062,0.80259,0.80473,18914.0,0.0008208240576068615,0.000820487365770664,0.003731040753414304,0.806586,0.803339,0.8036215,0.7995332,,0.8039525557236256,0.80226060943415,50.060496067755494,0.5346992316821726,0.0016919462894755544,0.0013268379734350053,0.00036510831604054904,0.8140719973943595,0.8036215,0.7931710026056404,0.020900994788719096,0.5530357531402403,0.00541714285714285,75.82663092046454,78.69056378160286,0.004485976662980133,0.0010562548929453437,0.0008499999999999064,0.0014700000000000824,0.0012900000000000134,-0.004297000767763959,0.80407,31011.0,-0.0008784410763995609,0.80754,26952.0,-0.0001113392879232844,0.80825,25053.0,0.0003228329835975874,0.80563,30984.0,26251.75,0.7204853009799347
2025-11-28 00:00:00+00:00,0.80377,0.80704,0.80261,0.80311,54410.0,-0.002013097560672472,-0.002015126565080053,0.003689350879677311,0.8055399999999999,0.804269,0.8035675,0.7996884,,0.8038229317661447,0.8023235272538426,47.47972190034766,0.6781998244954277,0.0014994045123021271,0.0013613512812084296,0.00013805323109369752,0.8140167898272935,0.8035675,0.7931182101727065,0.02089857965458708,0.4781085601241048,0.005468571428571418,68.5880250223414,72.43074173369071,0.005516056331013104,-0.0008218052321599705,0.0006599999999999939,0.003269999999999995,0.0004999999999999449,0.0008208240576068615,0.80473,18914.0,-0.004297000767763959,0.80407,31011.0,-0.0008784410763995609,0.80754,26952.0,0.0033638270670157677,0.80834,32180.0,27635.05,1.9688764811353698
2025-12-01 00:00:00+00:00,0.80312,0.80484,0.79957,0.80464,32277.0,0.001905093947280001,0.0019032815572897542,0.0035542847913370926,0.804818,0.805121,0.8034034999999999,0.7999358,,0.8039486345713532,0.802495117827632,56.61927330173783,1.5177704041079452,0.0014535167437211838,0.0013797843737109806,7.373237001020321e-05,0.8136664579710642,0.8034034999999999,0.7931405420289357,0.020525915942128492,0.5602409170672976,0.005304999999999996,75.42448614834692,73.27971403038431,0.006549512825611449,0.0018890435474250308,0.0015200000000000768,0.00019999999999997797,0.003549999999999942,-0.002013097560672472,0.80311,54410.0,0.0008208240576068615,0.80473,18914.0,-0.004297000767763959,0.80407,31011.0,-0.0001113392879232844,0.80825,25053.0,28070.65,1.1498486853706629
2025-12-02 00:00:00+00:00,0.80389,0.80524,0.80268,0.80272,21370.0,-0.002386160270431592,-0.002389011687711881,0.0035051144781391014,0.803854,0.8054400000000002,0.803024,0.8001674,,0.803759613868068,0.8025117757663259,58.14406229720968,1.1224348395711787,0.0012478381017421158,0.0013533951193172077,-0.00010555701757509182,0.8127594099202772,0.803024,0.7932885900797227,0.019470819840554432,0.4843868926686492,0.00517428571428571,66.84539767649689,70.2859696157284,0.003189156866653387,-0.0014575443492126823,0.0011700000000000044,0.0013499999999999623,4.0000000000040004e-05,0.001905093947280001,0.80464,32277.0,-0.002013097560672472,0.80311,54410.0,0.0008208240576068615,0.80473,18914.0,-0.0008784410763995609,0.80754,26952.0,27829.5,0.7678901884690706
2025-12-03 00:00:00+00:00,0.80256,0.80305,0.79913,0.79945,23976.0,-0.004073649591389228,-0.0040819695045134375,0.0035953023373307695,0.8029299999999999,0.804848,0.8024875,0.8002594000000001,,0.8030965963499037,0.8022849775614129,61.79310344827582,0.41827865145957194,0.0008116187884907866,0.0012450398531519235,-0.00043342106466113693,0.811732754543764,0.8024875,0.793242245456236,0.01849050908752803,0.33572653486058746,0.00484214285714285,52.234137622877576,64.83467381590715,0.004903371067609024,-0.00389017449496536,0.003110000000000057,0.0004899999999999904,0.00031999999999998696,-0.002386160270431592,0.80272,21370.0,0.001905093947280001,0.80464,32277.0,-0.002013097560672472,0.80311,54410.0,-0.004297000767763959,0.80407,31011.0,27766.65,0.8634819108534879
2025-12-04 00:00:00+00:00,0.79902,0.80392,0.79898,0.80355,23530.0,0.005128525861529898,0.005115419763649771,0.003665452903313228,0.802694,0.80464,0.8023580000000001,0.8003452,,0.8031663507576109,0.8023786829272342,65.26645768025077,0.5027953922929751,0.0007876678303766482,0.0011535654485968685,-0.00036589761822022025,0.8114592748673233,0.8023580000000001,0.793256725132677,0.0182025497346463,0.5654853313066924,0.004694999999999989,62.662889518413564,60.58080827259602,0.006147719494742013,0.005637483666231142,0.004530000000000034,0.00036999999999998145,3.999999999992898e-05,-0.004073649591389228,0.79945,23976.0,-0.002386160270431592,0.80272,21370.0,0.001905093947280001,0.80464,32277.0,0.0008208240576068615,0.80473,18914.0,27670.7,0.8503579598636825
2025-12-05 00:00:00+00:00,0.8031,0.80544,0.80186,0.80455,25001.0,0.0012444776305144956,0.0012437039100800585,0.003656760976732041,0.8029819999999999,0.804261,0.802351,0.800481,,0.8033792198718246,0.8025395212289206,63.77901274926441,-0.1018165563654026,0.0008396986429040076,0.0010907920874582964,-0.00025109344455428876,0.8114449352838807,0.802351,0.7932570647161193,0.01818787056776139,0.6209047530774577,0.004661428571428562,65.93540524070683,60.27747746066601,0.004449692374619387,0.001802249704803867,0.0014499999999999513,0.0008900000000000574,0.0012400000000000189,0.005128525861529898,0.80355,23530.0,-0.004073649591389228,0.79945,23976.0,-0.002386160270431592,0.80272,21370.0,-0.002013097560672472,0.80311,54410.0,27569.35,0.906840386153464
2025-12-08 00:00:00+00:00,0.80271,0.80851,0.80271,0.80664,25448.0,0.0025977254365794344,0.002594357179800707,0.0037027606578592023,0.803382,0.8041,0.8024405,0.8006632,,0.8038808783530824,0.8028432603971487,62.14554151007867,0.1253677246378693,0.0010376179559337118,0.0010801572611533795,-4.253930521966776e-05,0.8116721810922776,0.8024405,0.7932088189077224,0.018463362184555132,0.727450447974907,0.004625714285714273,70.23809523809567,66.27879666573871,0.007190320341168199,0.004872061886343337,0.003929999999999989,0.0018699999999999273,0.0,0.0012444776305144956,0.80455,25001.0,0.005128525861529898,0.80355,23530.0,-0.004073649591389228,0.79945,23976.0,0.001905093947280001,0.80464,32277.0,27518.0,0.9247765099207791
2025-12-09 00:00:00+00:00,0.8062,0.80821,0.80495,0.80607,25385.0,-0.0007066349300803854,-0.0007068847142203209,0.0034706176372214965,0.8040520000000001,0.8039529999999999,0.8027215,0.8008647999999999,,0.804217666298762,0.8030822781455081,51.45833333333317,-0.2808224262067935,0.001135388153253869,0.0010912034395734775,4.418471368039154e-05,0.8120397972806499,0.8027215,0.79340320271935,0.018636594561299846,0.6796733834062884,0.004266428571428552,63.53046594982045,66.567988809541,0.004044313769275534,-0.00016127631595280127,0.0001300000000000745,0.0020099999999999563,0.0011199999999998989,0.0025977254365794344,0.80664,25448.0,0.0012444776305144956,0.80455,25001.0,0.005128525861529898,0.80355,23530.0,-0.002386160270431592,0.80272,21370.0,27742.75,0.9150138324427103
2025-12-10 00:00:00+00:00,0.80608,0.8066,0.79919,0.79987,26059.0,-0.00769163968389841,-0.007721372907367852,0.003827449443677317,0.804136,0.803533,0.8028299999999999,0.8009264,,0.8035487945604909,0.8028443316162113,40.38076152304613,-1.0368079183421037,0.0007044629442796158,0.0010138553405147051,-0.00030939239623508936,0.8119505470750065,0.8028299999999999,0.7937094529249934,0.01824109415001307,0.3377290322796869,0.00458857142857141,7.97491039426479,47.24782386072699,0.009264005400877677,-0.007763761611261891,0.006210000000000049,0.0005199999999999649,0.0006800000000000139,-0.0007066349300803854,0.80607,25385.0,0.0025977254365794344,0.80664,25448.0,0.0012444776305144956,0.80455,25001.0,-0.004073649591389228,0.79945,23976.0,27936.2,0.9328040320444441
2025-12-11 00:00:00+00:00,0.79936,0.80008,0.79238,0.79512,27644.0,-0.005938465000562498,-0.0059561678036215765,0.0037888483778172484,0.80245,0.802572,0.8029555,0.8008728,,0.8022520569358,0.8022721589038994,29.33083176985633,-1.5380043093840536,-2.0101968099317524e-05,0.0008070638787919007,-0.0008271658468912182,0.811537077514165,0.8029555,0.794373922485835,0.01716315502832999,0.043469718296752745,0.004689285714285697,15.427927927928357,28.977768090671223,0.009684072844350588,-0.005332528423382521,0.0042399999999999105,0.0007200000000000539,0.0027400000000000757,-0.00769163968389841,0.79987,26059.0,-0.0007066349300803854,0.80607,25385.0,0.0025977254365794344,0.80664,25448.0,0.005128525861529898,0.80355,23530.0,27941.75,0.9893439029409397
2025-12-12 00:00:00+00:00,0.79498,0.79644,0.79345,0.79571,26107.0,0.0007420263608008959,0.0007417511953524314,0.003778299187423257,0.8006819999999999,0.8018319999999999,0.8030505,0.8008902,,0.8012455866379846,0.801786073059166,30.695812807881822,-1.0397104729687618,-0.0005404864211814298,0.0005375538187972347,-0.0010780402399786645,0.8112388498112637,0.8030505,0.7948621501887363,0.016376699622527413,0.05177171413081618,0.00459785714285713,18.750000000000313,14.050946107397843,0.003757650400271516,0.0009174196629425399,0.0007300000000000084,0.0007300000000000084,0.0015300000000000313,-0.005938465000562498,0.79512,27644.0,-0.00769163968389841,0.79987,26059.0,-0.0007066349300803854,0.80607,25385.0,0.0012444776305144956,0.80455,25001.0,27778.65,0.9398224895738273
2025-12-15 00:00:00+00:00,0.79328,0.79732,0.79328,0.79607,23460.0,0.0004524261351497305,0.0004523238213043225,0.003722554050061763,0.7985680000000001,0.800975,0.8030480000000001,0.8009176000000001,,0.8004493425398331,0.8013626602399685,32.15063803299107,-1.0761373379891257,-0.0009133177001353632,0.00024737951501071516,-0.0011606972151460783,0.8112452847879515,0.8030480000000001,0.7948507152120486,0.016394569575902906,0.07437125947750069,0.004569999999999995,22.876627402356398,19.018185110095047,0.005074930596555634,0.0035047169218788174,0.00279000000000007,0.0012499999999999734,0.0,0.0007420263608008959,0.79571,26107.0,-0.005938465000562498,0.79512,27644.0,-0.00769163968389841,0.79987,26059.0,0.0025977254365794344,0.80664,25448.0,27765.15,0.8449441115931302
2025-12-16 00:00:00+00:00,0.79559,0.79704,0.79257,0.79499,28056.0,-0.0013566646149208994,-0.0013575857175387271,0.0035926333992541224,0.796352,0.800202,0.802821,0.800856,,0.799609443687551,0.8008906113333042,34.734364492266394,-1.0110694674453085,-0.0012811676457531451,-5.832991714205691e-05,-0.0012228377286110882,0.811655179793938,0.802821,0.793986820206062,0.017668359587875937,0.05677832109701458,0.004569999999999995,16.181029138251734,19.269218846869506,0.005622712235373997,-0.0007547264745469062,0.0006000000000000449,0.0014499999999999513,0.0024199999999999777,0.0004524261351497305,0.79607,23460.0,0.0007420263608008959,0.79571,26107.0,-0.005938465000562498,0.79512,27644.0,-0.0007066349300803854,0.80607,25385.0,27782.4,1.0098479612992397
2025-12-17 00:00:00+00:00,0.79463,0.79871,0.79349,0.79547,25211.0,0.0006037811796375525,0.0006035989771177229,0.0031310620084663474,0.795472,0.799804,0.8023260000000001,0.8007308000000001,,0.7989726061971586,0.8004890845678743,34.33694181326135,-1.1396400874925448,-0.0015164783707156682,-0.0003499596078567792,-0.001166518762858889,0.8116544204112199,0.8023260000000001,0.7929975795887803,0.01865684082243968,0.13252085038138023,0.004684999999999995,19.156850588964918,19.404835709857707,0.0065621582209259965,0.0010559794838272505,0.0008400000000000629,0.0032400000000000206,0.0011399999999999189,-0.0013566646149208994,0.79499,28056.0,0.0004524261351497305,0.79607,23460.0,0.0007420263608008959,0.79571,26107.0,-0.00769163968389841,0.79987,26059.0,27651.4,0.9117440708246236
2025-12-18 00:00:00+00:00,0.79485,0.79656,0.79268,0.79395,25770.0,-0.0019108200183538537,-0.0019126479638795636,0.003135735870261436,0.795238,0.7988440000000001,0.801742,0.8004862,,0.7981998975514419,0.800004707933217,34.45349626612372,-1.0925353797089825,-0.001804810381775046,-0.0006409297626404325,-0.0011638806191346135,0.811644281714733,0.801742,0.7918397182852669,0.019804563429466127,0.10655532611203035,0.004645714285714285,9.733415995040753,15.02376524075249,0.004886957616978392,-0.0011335726431134212,0.0008999999999999009,0.0017100000000001003,0.0012699999999999934,0.0006037811796375525,0.79547,25211.0,-0.0013566646149208994,0.79499,28056.0,0.0004524261351497305,0.79607,23460.0,-0.005938465000562498,0.79512,27644.0,27390.7,0.9408302818109796
2025-12-19 00:00:00+00:00,0.79385,0.79619,0.79351,0.7952,23632.0,0.001574406448768828,0.0015731683702580421,0.0030368931494473127,0.7951360000000001,0.797909,0.8010849999999999,0.8004164,0.8126511999999999,0.79773837485122,0.7996488036418675,33.824537354352344,-0.5316154856463788,-0.0019104287906475115,-0.0008948295682418483,-0.0010155992224056632,0.8108871834302385,0.8010849999999999,0.7912828165697614,0.019604366860477063,0.199811779595686,0.004460714285714278,17.482951022938924,15.457739202314889,0.003370221327967687,0.0016976861167002934,0.0013500000000000734,0.0009899999999999354,0.00033999999999989594,-0.0019108200183538537,0.79395,25770.0,0.0006037811796375525,0.79547,25211.0,-0.0013566646149208994,0.79499,28056.0,0.0007420263608008959,0.79571,26107.0,26963.3,0.8764505828292531
2025-12-22 00:00:00+00:00,0.79323,0.79586,0.79155,0.79169,21552.0,-0.004413983903420515,-0.00442375429186235,0.003135248681299152,0.7942600000000001,0.796414,0.800257,0.8001732,0.81220855,0.79680785564334,0.7990592626313588,32.076698082548006,-1.4759504697903032,-0.0022514069880188448,-0.0011661450521972478,-0.001085261935821597,0.8103054135432856,0.800257,0.7902085864567144,0.020096827086571123,0.07371380252733845,0.004585714285714281,0.8254716981133797,9.347279572031043,0.005444050070103242,-0.0019452058255124932,0.0015399999999999858,0.002630000000000021,0.000140000000000029,0.001574406448768828,0.7952,23632.0,-0.0019108200183538537,0.79395,25770.0,0.0006037811796375525,0.79547,25211.0,0.0004524261351497305,0.79607,23460.0,26788.25,0.8045318376527022
2025-12-23 00:00:00+00:00,0.79163,0.79283,0.78661,0.7874,23902.0,-0.005418787656784829,-0.0054335225408647546,0.003284532255130408,0.7927420000000001,0.794547,0.79925,0.7999066,0.8117623,0.7953604932366722,0.7981956135475544,31.047499213589234,-2.1316263749922313,-0.0028351203108821776,-0.0014999401039342338,-0.0013351802069479439,0.8102197171675884,0.79925,0.7882802828324116,0.021939434335176866,-0.040123314893318905,0.004749999999999992,3.607305936072878,7.3052428857084175,0.007899415798831601,-0.005372110744221433,0.004229999999999956,0.0012000000000000899,0.0007899999999999574,-0.004413983903420515,0.79169,21552.0,0.001574406448768828,0.7952,23632.0,-0.0019108200183538537,0.79395,25770.0,-0.0013566646149208994,0.79499,28056.0,26635.75,0.8973653829909051
2025-12-24 00:00:00+00:00,0.78728,0.78965,0.78611,0.78761,24996.0,0.0002667005334011652,0.00026666497513603866,0.0032201053691226903,0.7911699999999999,0.793321,0.798427,0.7997258,0.8113141,0.7941681096617996,0.7974114940255133,21.433691756272637,-2.359168898145392,-0.0032433843637136306,-0.0018486289558901133,-0.0013947554078235173,0.8103062204245388,0.798427,0.7865477795754612,0.023758440849077633,0.04470918067757335,0.004649999999999995,6.696428571428832,3.709735401871722,0.004494610276659752,0.00041898909358699415,0.0003300000000000525,0.0020399999999999308,0.0011700000000000044,-0.005418787656784829,0.7874,23902.0,-0.004413983903420515,0.79169,21552.0,0.001574406448768828,0.7952,23632.0,0.0006037811796375525,0.79547,25211.0,26335.0,0.9491551167647617
2025-12-26 00:00:00+00:00,0.78601,0.79026,0.78592,0.78903,26321.0,0.0018029227663436398,0.0018012994519404047,0.003257070101287093,0.790186,0.7927120000000001,0.797642,0.7996555999999999,0.810853,0.793377631252292,0.796790642616216,22.598870056497333,-2.113960326026269,-0.0034130113639240234,-0.0021615054374968957,-0.0012515059264271277,0.8098382178779471,0.797642,0.7854457821220528,0.024392435755894226,0.1469397281114521,0.004704285714285709,13.767153607791311,8.023629371764367,0.005500424571942778,0.003827484379554672,0.0030200000000000227,0.0012299999999999534,9.00000000000345e-05,0.0002667005334011652,0.78761,24996.0,-0.005418787656784829,0.7874,23902.0,-0.004413983903420515,0.79169,21552.0,-0.0019108200183538537,0.79395,25770.0,26705.35,0.9856077527536617
2025-12-29 00:00:00+00:00,0.78799,0.79155,0.78729,0.78898,26538.0,-6.336894668135251e-05,-6.337095457788024e-05,0.0032536850493541537,0.788942,0.792039,0.7969355,0.799567,0.8103867000000001,0.7927010725980932,0.7962120764964963,16.40030441400313,-1.3614712390763444,-0.0035110038984030867,-0.002431405129678134,-0.0010795987687249528,0.8094313948627577,0.7969355,0.7844396051372423,0.024991789725515412,0.18167545872563812,0.00459428571428571,13.7281292059222,11.397237128380807,0.005399376410048329,0.0012547846586732825,0.0009900000000000464,0.002569999999999961,0.0006999999999999229,0.0018029227663436398,0.78903,26321.0,0.0002667005334011652,0.78761,24996.0,-0.005418787656784829,0.7874,23902.0,0.001574406448768828,0.7952,23632.0,25311.75,1.0484458798779224
2025-12-30 00:00:00+00:00,0.78832,0.79236,0.78758,0.79171,20251.0,0.0034601637557352127,0.0034541911625951354,0.0033412002859074938,0.7889459999999999,0.7916030000000001,0.796289,0.799551,0.80993235,0.7925485998906943,0.7958785893486077,24.753867791842623,-0.4288660831069554,-0.003329989457913407,-0.0026111219953251887,-0.0007188674625882184,0.808439697445871,0.796289,0.7841383025541291,0.02430139489174188,0.31157460218236116,0.004702857142857143,27.99806576402352,18.4977828592457,0.006037564259640533,0.004281870887067239,0.003390000000000004,0.0006499999999999284,0.0007400000000000739,-6.336894668135251e-05,0.78898,26538.0,0.0018029227663436398,0.78903,26321.0,0.0002667005334011652,0.78761,24996.0,-0.004413983903420515,0.79169,21552.0,24710.45,0.8195318175104055
2025-12-31 00:00:00+00:00,0.79121,0.79418,0.79121,0.79229,21588.0,0.0007325914792033483,0.0007323232650519216,0.003336264127084,0.789924,0.7913330000000001,0.7957675,0.7994702000000001,0.80948195,0.7925088152921259,0.7956127679153775,33.391761612620726,-0.42980482839225076,-0.0031039526232515824,-0.002709688120910468,-0.0003942645023411145,0.807648332639616,0.7957675,0.7838866673603839,0.02376166527923207,0.3536508296394832,0.004385714285714286,44.98587570621518,28.904023558720326,0.003748627396534133,0.0013631372351034102,0.001080000000000081,0.0018899999999999473,0.0,0.0034601637557352127,0.79171,20251.0,-6.336894668135251e-05,0.78898,26538.0,0.0018029227663436398,0.78903,26321.0,-0.005418787656784829,0.7874,23902.0,24721.35,0.8732532810708153
2026-01-02 00:00:00+00:00,0.79221,0.79406,0.79009,0.79211,21117.0,-0.00022718953918399176,-0.00022721535063681782,0.0032378349778954024,0.790824,0.7909970000000001,0.7954005000000001,0.7993931999999999,0.8090212,0.7924474590933374,0.7953533036253496,41.753424657534154,-0.4974436921376354,-0.0029058445320122583,-0.0027489194031308263,-0.00015692512888143204,0.8072558127775133,0.7954005000000001,0.7835451872224868,0.023710625555026565,0.3612225564288197,0.004119285714285714,48.39718530101634,40.46037559041837,0.00501193016121502,-0.00012624509222202598,9.999999999998899e-05,0.0018500000000000183,0.0020200000000000218,0.0007325914792033483,0.79229,21588.0,0.0034601637557352127,0.79171,20251.0,-6.336894668135251e-05,0.78898,26538.0,0.0002667005334011652,0.78761,24996.0,24578.4,0.8591690264622595
2026-01-05 00:00:00+00:00,0.79036,0.79672,0.79036,0.79138,27065.0,-0.000921589173220938,-0.0009220140976135767,0.0029592538892782975,0.791294,0.79074,0.7947919999999999,0.7993206,0.8085711999999999,0.7922832346174393,0.7950589848382867,38.227297444263186,-0.45409376218568814,-0.002775750220847417,-0.0027542855666741447,-2.1464654173272528e-05,0.8061238342455428,0.7947919999999999,0.7834601657544571,0.022663668491085698,0.34945067470687663,0.004359999999999998,42.68960125097722,45.357554086069605,0.008036594303621563,0.001288887765675176,0.0010200000000000209,0.005340000000000011,0.0,-0.00022718953918399176,0.79211,21117.0,0.0007325914792033483,0.79229,21588.0,0.0034601637557352127,0.79171,20251.0,0.0018029227663436398,0.78903,26321.0,24755.15,1.093307857152956
2026-01-06 00:00:00+00:00,0.79112,0.7959,0.79057,0.79562,23911.0,0.005357729535747646,0.005343427962756249,0.0032358004036035174,0.792622,0.790782,0.7943455,0.7993300000000001,0.80814845,0.7927965831378333,0.7951005415169321,48.98967220475964,0.018856776496911698,-0.0023039583790988027,-0.0026642201291590764,0.0003602617500602736,0.804721885081928,0.7943455,0.7839691149180721,0.020752770163855905,0.5614134879313457,0.004452142857142857,75.84050039093027,55.642428980974636,0.006699177999547595,0.005655966416128238,0.0044999999999999485,0.000280000000000058,0.0005500000000000504,-0.000921589173220938,0.79138,27065.0,-0.00022718953918399176,0.79211,21117.0,0.0007325914792033483,0.79229,21588.0,-6.336894668135251e-05,0.78898,26538.0,24700.65,0.9680312056565312
2026-01-07 00:00:00+00:00,0.79494,0.79786,0.79438,0.79774,25425.0,0.002664588622709241,0.0026610449000912598,0.0032392596142957965,0.793828,0.7913870000000001,0.7939005,0.7993798,0.80771905,0.7935571088089359,0.7952960569601223,55.898755898755915,0.4773600352666994,-0.0017389481511863591,-0.002479165733564533,0.0007402175823781739,0.8027004628587753,0.7939005,0.7851005371412247,0.017599925717550535,0.7181543298317032,0.004381428571428576,92.4159499609068,70.31535053427145,0.004362323564068542,0.0035099155113195086,0.0028000000000000247,0.00012000000000000899,0.0005600000000000049,0.005357729535747646,0.79562,23911.0,-0.000921589173220938,0.79138,27065.0,-0.00022718953918399176,0.79211,21117.0,0.0034601637557352127,0.79171,20251.0,24699.5,1.0293730642320695
2026-01-08 00:00:00+00:00,0.79698,0.79993,0.79619,0.79861,24515.0,0.001090580891017101,0.001089986639690693,0.0032595386622933844,0.795092,0.792508,0.7935274999999999,0.7994902,0.80729495,0.7943344766844843,0.7955415342223354,56.624472573839675,0.42882293762575757,-0.0012070575378511084,-0.0022247440944218482,0.0010176865565707399,0.8006228947258643,0.7935274999999999,0.7864321052741355,0.014190789451728802,0.8581548452458311,0.004275714285714295,90.57815845824425,86.27820293669379,0.004683136950451505,0.0020410463179775114,0.0016300000000000203,0.0013199999999999878,0.0007900000000000684,0.002664588622709241,0.79774,25425.0,0.005357729535747646,0.79562,23911.0,-0.000921589173220938,0.79138,27065.0,0.0007325914792033483,0.79229,21588.0,24656.0,0.9942813108371188
2026-01-09 00:00:00+00:00,0.79861,0.80171,0.79764,0.80098,26314.0,0.0029676563028262493,0.0029632615035493693,0.002862026089463906,0.796866,0.793845,0.793583,0.7995251999999999,0.8068930999999999,0.7953568648868714,0.7959443835391995,64.31771894093671,1.1734390986370955,-0.0005875186523280895,-0.0018972990060030965,0.001309780353675007,0.8009011507586514,0.793583,0.7862648492413487,0.014636301517302774,1.0053872381117173,0.0042892857142857255,95.37682077264088,92.79030973059734,0.005081275437588976,0.0029588753776623425,0.0023699999999999832,0.0007300000000000084,0.0009700000000000264,0.001090580891017101,0.79861,24515.0,0.002664588622709241,0.79774,25425.0,0.005357729535747646,0.79562,23911.0,-0.00022718953918399176,0.79211,21117.0,24668.75,1.0666936914111984
2026-01-12 00:00:00+00:00,0.79966,0.80174,0.79554,0.7973,26914.0,-0.00459437189442935,-0.004604958459170352,0.002725979887708377,0.7980499999999999,0.794672,0.7936920000000001,0.7994397999999999,0.8065844,0.7956558087504296,0.7960447995733329,53.8917716827279,1.2573025146050318,-0.0003889908229032235,-0.001595637369383122,0.0012066465464798985,0.8011697412857679,0.7936920000000001,0.7862142587142322,0.014955482571535672,0.7412493199562109,0.004540714285714302,71.93426042983576,85.96307988690698,0.007776244826288703,-0.002959989966135744,0.0023600000000000287,0.0020799999999999708,0.0017599999999999838,0.0029676563028262493,0.80098,26314.0,0.001090580891017101,0.79861,24515.0,0.002664588622709241,0.79774,25425.0,-0.000921589173220938,0.79138,27065.0,24632.25,1.092632625927392
2026-01-13 00:00:00+00:00,0.7966,0.80154,0.79643,0.8009,24712.0,0.004515238931393384,0.0045050758211867496,0.0028951271597925012,0.7991060000000001,0.795864,0.7939515,0.7993740000000001,0.8062901500000001,0.7964626074042097,0.7964044440493823,67.01145179165107,1.6873833496273427,5.816335482744517e-05,-0.0012648772245410086,0.0013230405793684538,0.8020578984474925,0.7939515,0.7858451015525075,0.016212796894985004,0.928581203169778,0.004597857142857161,94.69026548672528,87.33378222973398,0.00638032213759528,0.005368959920089862,0.0042999999999999705,0.0006400000000000849,0.00017000000000000348,-0.00459437189442935,0.7973,26914.0,0.0029676563028262493,0.80098,26314.0,0.001090580891017101,0.79861,24515.0,0.005357729535747646,0.79562,23911.0,24562.5,1.006086513994911
2026-01-14 00:00:00+00:00,0.80044,0.80271,0.7983,0.79976,26543.0,-0.001423398676488885,-0.001424412670711244,0.0029211891281654325,0.79951,0.7966690000000001,0.7941360000000001,0.7992108,0.80599405,0.7969698985727929,0.796653003749428,75.83612040133781,1.359897595782165,0.00031689482336483277,-0.0009485228149598403,0.001265417638324673,0.8026052618208148,0.7941360000000001,0.7856667381791853,0.01693852364162951,0.8320242140925409,0.0044685714285714485,82.43001786777847,83.01818126144651,0.005514154246273913,-0.0008502550765229742,0.0006800000000000139,0.0022699999999999942,0.0014600000000000168,0.004515238931393384,0.8009,24712.0,-0.00459437189442935,0.7973,26914.0,0.0029676563028262493,0.80098,26314.0,0.002664588622709241,0.79774,25425.0,24716.65,1.073891486103497
2026-01-15 00:00:00+00:00,0.79925,0.80403,0.79847,0.80319,24186.0,0.004288786635990638,0.0042796160018317595,0.003029993174309261,0.8004260000000001,0.797759,0.794546,0.7990684,0.80577595,0.7979268372539016,0.7971372256939149,78.70302137067053,1.8010595959339837,0.0007896115599866915,-0.000600895939970534,0.0013905074999572254,0.8039334886502159,0.794546,0.7851585113497841,0.01877497730043176,0.9604000240150066,0.004612857142857164,95.3616786305905,90.8273206616981,0.006922396942193017,0.004905439559755405,0.0039399999999999435,0.0008400000000000629,0.0007800000000000029,-0.001423398676488885,0.79976,26543.0,0.004515238931393384,0.8009,24712.0,-0.00459437189442935,0.7973,26914.0,0.001090580891017101,0.79861,24515.0,24523.15,0.9862517661882751
2026-01-16 00:00:00+00:00,0.80264,0.8039,0.80056,0.80256,23313.0,-0.000784372315392301,-0.0007846800963106234,0.0030437824456023407,0.800742,0.798804,0.7949005,0.7989160000000001,0.8055070999999999,0.7986396315225321,0.7975389126795508,75.67362428842524,1.3704513016129676,0.001100718842981352,-0.0002605729833801568,0.0013612918263615087,0.804947238093323,0.7949005,0.784853761906677,0.02009347618664603,0.8811933748472296,0.004541428571428585,91.2186379928317,89.67011149706691,0.004161682615629858,-9.968102073361366e-05,7.999999999996898e-05,0.0012599999999999278,0.0020000000000000018,0.004288786635990638,0.80319,24186.0,-0.001423398676488885,0.79976,26543.0,0.004515238931393384,0.8009,24712.0,0.0029676563028262493,0.80098,26314.0,24428.25,0.9543458905161033
2026-01-19 00:00:00+00:00,0.80061,0.80271,0.79619,0.7972,35297.0,-0.006678628389154784,-0.006701030225806919,0.0034036936703591993,0.800722,0.7993859999999999,0.7950630000000001,0.7987371999999999,0.8053787,0.7984181497498349,0.7975138080366211,62.98168035375873,0.6197225763293704,0.000904341713213852,-2.7590044061355013e-05,0.000931931757275207,0.8051500591405674,0.7950630000000001,0.7849759408594328,0.02017411828113458,0.6059278016625053,0.0047028571428571675,58.4802431610944,81.68685326150556,0.008178625188158657,-0.0042774711490216055,0.003410000000000024,0.0020999999999999908,0.0010100000000000664,-0.000784372315392301,0.80256,23313.0,0.004288786635990638,0.80319,24186.0,-0.001423398676488885,0.79976,26543.0,-0.00459437189442935,0.7973,26914.0,24904.6,1.4172883724291898
2026-01-20 00:00:00+00:00,0.79663,0.79839,0.78783,0.78968,37664.0,-0.009433015554440538,-0.009477788229007116,0.004007760223935492,0.798478,0.7987920000000001,0.794787,0.7984370000000002,0.8052581500000001,0.7970738190190911,0.7969335259598344,47.21536351165984,-0.30677557409954836,0.0001402930592567797,5.986576602271931e-06,0.00013430648265450778,0.8051563985005494,0.794787,0.7844176014994506,0.02073879700109882,0.25374656496568315,0.005115714285714311,11.419753086419872,53.70621141344868,0.013372505318610086,-0.008801033329956312,0.006949999999999901,0.0017600000000000948,0.0018500000000000183,-0.006678628389154784,0.7972,35297.0,-0.000784372315392301,0.80256,23313.0,0.004288786635990638,0.80319,24186.0,0.004515238931393384,0.8009,24712.0,25606.2,1.470893767915583
2026-01-21 00:00:00+00:00,0.78907,0.79683,0.78807,0.79528,32888.0,0.007091480093202263,0.00706645379425711,0.004212793670428663,0.797582,0.798546,0.7949664999999999,0.7982456,0.8051662,0.7967978468623079,0.7968110425554022,53.60501567398113,0.492810028052265,-1.3195693094325556e-05,2.1501226629524337e-06,-1.5345815757277988e-05,0.8052339575851666,0.7949664999999999,0.7846990424148332,0.020534915170333345,0.5152666810356727,0.0055292857142857366,45.98765432098741,38.62921685616725,0.011014988431747297,0.007808570566341337,0.006209999999999938,0.0015500000000000513,0.0010000000000000009,-0.009433015554440538,0.78968,37664.0,-0.006678628389154784,0.7972,35297.0,-0.000784372315392301,0.80256,23313.0,-0.001423398676488885,0.79976,26543.0,26173.0,1.256562105987086
2026-01-22 00:00:00+00:00,0.79499,0.7965,0.78884,0.78888,29412.0,-0.008047480132783336,-0.008080035879815945,0.004433674899982005,0.7947200000000001,0.7975730000000001,0.7950405,0.7980142000000001,0.8049993000000001,0.7955797165757991,0.7962235579216688,46.613545816733094,-0.8471380809934351,-0.0006438413458697001,-0.00012704817104357809,-0.000516793174826122,0.8050975194915129,0.7950405,0.7849834805084872,0.02011403898302566,0.193721385088351,0.005792857142857163,6.481481481481456,21.296296296296266,0.009709968563026063,-0.00774515769191759,0.006109999999999949,0.0015100000000000113,4.0000000000040004e-05,0.007091480093202263,0.79528,32888.0,-0.009433015554440538,0.78968,37664.0,-0.006678628389154784,0.7972,35297.0,0.004288786635990638,0.80319,24186.0,26448.5,1.1120479422273475
2026-01-23 00:00:00+00:00,0.78853,0.7914,0.77884,0.78016,36110.0,-0.011053645674880874,-0.011115191171221676,0.005086277258116758,0.79024,0.795491,0.794668,0.7976634,0.8048371,0.7932074524872146,0.7950336647422859,39.92456896551719,-2.2037255246070195,-0.0018262122550712911,-0.00046688098784912073,-0.0013593312672221705,0.8063106992710379,0.794668,0.7830253007289621,0.023285398542075786,-0.12305139307728401,0.0062357142857143045,5.240174672489025,19.236436824985983,0.016099261689909782,-0.01072856849876947,0.008369999999999989,0.002870000000000039,0.0013199999999999878,-0.008047480132783336,0.78888,29412.0,0.007091480093202263,0.79528,32888.0,-0.009433015554440538,0.78968,37664.0,-0.000784372315392301,0.80256,23313.0,27004.2,1.3371993986120678
2026-01-26 00:00:00+00:00,0.77372,0.77933,0.77306,0.77689,47701.0,-0.004191447908121426,-0.00420025664877311,0.005122228179890282,0.786178,0.79345,0.794061,0.797349,0.80462795,0.7906970751814892,0.7936896895761906,32.88247121184416,-2.719725523096389,-0.0029926143947013317,-0.000972027669219563,-0.002020586725481769,0.8079839109176598,0.794061,0.7801380890823403,0.027845821835319473,-0.1166454738362383,0.006362142857142872,12.366806587019676,8.029487580330072,0.008070640631234792,0.00408037173859878,0.003170000000000006,0.0024399999999999977,0.0006599999999999939,-0.011053645674880874,0.78016,36110.0,-0.008047480132783336,0.78888,29412.0,0.007091480093202263,0.79528,32888.0,-0.006678628389154784,0.7972,35297.0,28073.2,1.6991650399669436
2026-01-27 00:00:00+00:00,0.77567,0.77836,0.7603,0.76105,42765.0,-0.020388986857856284,-0.020599711478403046,0.006737801844054911,0.780452,0.789465,0.7926645,0.7966938,0.8043595499999999,0.7861359866920294,0.791271934792769,23.1915826391932,-4.985143199580516,-0.005135948100739585,-0.0018048117555235672,-0.0033311363452160174,0.8129034967246671,0.7926645,0.7724255032753329,0.040477993449334226,-0.2810293274436008,0.007403571428571446,1.7150697461697408,6.440683668559498,0.02373037251166162,-0.019210301557059283,0.014619999999999966,0.002690000000000081,0.0007500000000000284,-0.004191447908121426,0.77689,47701.0,-0.011053645674880874,0.78016,36110.0,-0.008047480132783336,0.78888,29412.0,-0.009433015554440538,0.78968,37664.0,28884.55,1.4805492901914692
2026-01-28 00:00:00+00:00,0.76082,0.77264,0.75981,0.76823,48841.0,0.009434334143617384,0.009390108753728577,0.0071047211445940135,0.775042,0.7863119999999999,0.7914905,0.796136,0.8041573000000001,0.7833812195086403,0.7895651248081195,29.67621086432952,-3.646055437100218,-0.006183905299479209,-0.002680630464314696,-0.003503274835164513,0.8144973589086415,0.7914905,0.7684836410913585,0.04601371781728303,-0.005512292928941158,0.008052857142857155,19.04115784712794,11.041011393439137,0.016700727646668325,0.009645548859065536,0.007409999999999917,0.004410000000000025,0.0010100000000000664,-0.020388986857856284,0.76105,42765.0,-0.004191447908121426,0.77689,47701.0,-0.011053645674880874,0.78016,36110.0,0.007091480093202263,0.79528,32888.0,30314.05,1.611167099084418
2026-01-29 00:00:00+00:00,0.76749,0.77051,0.76397,0.76419,48843.0,-0.0052588417531207465,-0.005272718131912881,0.007132773602134463,0.7701040000000001,0.782412,0.7900855,0.7954292000000001,0.8038862,0.7804287241996186,0.787685485933444,25.92592592592578,-4.583593457360458,-0.00725676173382539,-0.0035958567182168347,-0.003660905015608555,0.8161196738773043,0.7900855,0.7640513261226957,0.05206834775460867,0.0026633047385702683,0.008229285714285725,9.905020352781653,10.220415982026465,0.008558081105484226,-0.00431829780551953,0.0032999999999999696,0.0030200000000000227,0.00021999999999999797,0.009434334143617384,0.76823,48841.0,-0.020388986857856284,0.76105,42765.0,-0.004191447908121426,0.77689,47701.0,-0.008047480132783336,0.78888,29412.0,31676.8,1.541917112839681
2026-01-30 00:00:00+00:00,0.76397,0.77316,0.76359,0.77275,57191.0,0.011201402792499371,0.011139131664734361,0.0076990060861690775,0.7686219999999999,0.779431,0.7891174999999999,0.7947768,0.80360205,0.7792473820150618,0.7865791536420778,34.89974166564147,-3.3772631789536836,-0.007331771627015926,-0.004343039699976653,-0.002988731927039273,0.8162511923011735,0.7891174999999999,0.7619838076988263,0.054267384602347146,0.1983915823484895,0.008470000000000009,29.26277702397117,19.40298507462694,0.012384341637010634,0.011362018764154007,0.00878000000000001,0.00040999999999991044,0.00038000000000004697,-0.0052588417531207465,0.76419,48843.0,0.009434334143617384,0.76823,48841.0,-0.020388986857856284,0.76105,42765.0,-0.011053645674880874,0.78016,36110.0,33480.5,1.7081883484416303
2026-02-02 00:00:00+00:00,0.77119,0.7817,0.77116,0.77952,56866.0,0.008760918796505868,0.008722764629197015,0.008015881658077975,0.769148,0.777663,0.7885245000000001,0.7942546,0.8033703,0.7792893232435139,0.7860562533722942,37.343121004025534,-2.9469988421170545,-0.00676693012878038,-0.004827817785737399,-0.001939112343042981,0.8159666385348965,0.7885245000000001,0.7610823614651037,0.05488427706979282,0.3359366200897638,0.008857857142857148,44.57259158751693,27.913462988089936,0.013521141215106725,0.010686063218390739,0.008329999999999949,0.0021799999999999597,3.0000000000085514e-05,0.011201402792499371,0.77275,57191.0,-0.0052588417531207465,0.76419,48843.0,0.009434334143617384,0.76823,48841.0,-0.004191447908121426,0.77689,47701.0,34970.55,1.6261111134940684
2026-02-03 00:00:00+00:00,0.7786,0.78003,0.77382,0.77489,41311.0,-0.0059395525451559905,-0.005957261845740813,0.00796262413116499,0.7719159999999999,0.776184,0.787488,0.7935856000000001,0.8031081999999999,0.7786125042829732,0.785229123492865,35.8612848209209,-3.4477173046252094,-0.006616619209891761,-0.005185578070568271,-0.0014310411393234895,0.8153642450087794,0.787488,0.7596117549912206,0.055752490017558776,0.27403699823931876,0.008986428571428577,34.10221619176836,35.97919493441884,0.008014040702551394,-0.004787776329543537,0.003709999999999991,0.0014300000000000423,0.0010700000000000154,0.008760918796505868,0.77952,56866.0,0.011201402792499371,0.77275,57191.0,-0.0052588417531207465,0.76419,48843.0,-0.020388986857856284,0.76105,42765.0,35840.55,1.1526329813577079
2026-02-04 00:00:00+00:00,0.77613,0.77753,0.77411,0.77732,39781.0,0.003135928970563695,0.003131022200820806,0.007975628154225244,0.7737339999999999,0.774388,0.786467,0.792967,0.80289675,0.7784136574702081,0.7846432624933934,35.12363427257043,-2.4937280481685913,-0.0062296050231853695,-0.005394383461091692,-0.0008352215620936777,0.8142579103655744,0.786467,0.7586760896344257,0.0555818207311487,0.33543180342644063,0.00883357142857144,39.71422091177147,39.4630095636856,0.004399732413935174,0.0015309010446148618,0.0011900000000000244,0.00021000000000004349,0.0020200000000000218,-0.0059395525451559905,0.77489,41311.0,0.008760918796505868,0.77952,56866.0,0.011201402792499371,0.77275,57191.0,0.009434334143617384,0.76823,48841.0,36558.35,1.0881508602002006
2026-02-05 00:00:00+00:00,0.77605,0.77868,0.77416,0.77784,41794.0,0.0006689651623525972,0.0006687415048988478,0.007969628215481214,0.776464,0.773284,0.7854285,0.792373,0.8026715,0.7783254024747914,0.7841393171235125,35.766927683095275,-1.4993415054199262,-0.0058139146487210525,-0.005478289698617564,-0.0003356249501034886,0.8128587670133025,0.7854285,0.7579982329866974,0.05486053402660507,0.36167651965764874,0.008917857142857168,42.027972027971956,38.61480304383728,0.005810963694333127,0.002301244471870768,0.0017899999999999583,0.0008400000000000629,0.0018900000000000583,0.003135928970563695,0.77732,39781.0,-0.0059395525451559905,0.77489,41311.0,0.008760918796505868,0.77952,56866.0,-0.0052588417531207465,0.76419,48843.0,37422.3,1.1168207191968424
2026-02-06 00:00:00+00:00,0.7773,0.77857,0.77503,0.77532,29289.0,-0.003239740820734305,-0.0032450001433271896,0.007915926055696207,0.776978,0.7727999999999999,0.7841454999999999,0.791798,0.8024223,0.7778630328632851,0.7834860343736226,36.97619047619043,-2.509807866411827,-0.005623001510337566,-0.005507232060961565,-0.00011576944937600163,0.8109052643566057,0.7841454999999999,0.7573857356433942,0.05351952871321153,0.33509757630168896,0.008705000000000018,40.20217729393468,40.64812341122606,0.004565856678532719,-0.0025537842439250654,0.0019799999999999818,0.0012699999999999934,0.00029000000000001247,0.0006689651623525972,0.77784,41794.0,0.003135928970563695,0.77732,39781.0,-0.0059395525451559905,0.77489,41311.0,0.011201402792499371,0.77275,57191.0,37571.05,0.7795629879920842
2026-02-09 00:00:00+00:00,0.77391,0.77707,0.76573,0.76588,35167.0,-0.012175617809420669,-0.012250347853070082,0.008241830666119346,0.77425,0.771699,0.7825745,0.791021,0.8021079999999999,0.7760194893458566,0.7821818836792802,36.14990689013029,-2.9155258087415095,-0.006162394333423582,-0.005638264515453968,-0.0005241298179696138,0.8097682705521341,0.7825745,0.7553807294478658,0.054387541104268244,0.1930455089338505,0.008760714285714304,16.396542409508402,32.875563910471705,0.014806497101373606,-0.010484671227868572,0.008029999999999982,0.0031600000000000517,0.00014999999999998348,-0.003239740820734305,0.77532,29289.0,0.0006689651623525972,0.77784,41794.0,0.003135928970563695,0.77732,39781.0,0.008760918796505868,0.77952,56866.0,37983.7,0.9258445069858914
2026-02-10 00:00:00+00:00,0.76637,0.76871,0.76286,0.7679,30566.0,0.0026374889016556047,0.0026340168314934937,0.008174414250839843,0.7728520000000001,0.772384,0.7809245,0.7903167999999999,0.80181885,0.7747703371388017,0.7811239663697038,33.37381588535341,-1.5714725184577443,-0.0063536292309021025,-0.005781337458543595,-0.0005722917723585078,0.8074324828889735,0.7809245,0.7544165171110265,0.05301596577794698,0.25432872326513783,0.008552857142857164,22.04960479694751,26.216108166796886,0.0076181794504493056,0.001992446933194467,0.0015300000000000313,0.0008099999999999774,0.003510000000000013,-0.012175617809420669,0.76588,35167.0,-0.003239740820734305,0.77532,29289.0,0.0006689651623525972,0.77784,41794.0,-0.0059395525451559905,0.77489,41311.0,38276.4,0.7985599481664942
2026-02-11 00:00:00+00:00,0.76482,0.77297,0.76414,0.77162,38658.0,0.00484438077874727,0.004832684525043551,0.008319360315299335,0.7717120000000001,0.772723,0.7795175,0.7896564,0.8015669,0.7742856698866785,0.7804199688608369,39.166457444137535,-0.6783457117481235,-0.006134298974158403,-0.005851929761666557,-0.00028236921249184636,0.8047736703768655,0.7795175,0.7542613296231344,0.05051234075373112,0.34365206834298906,0.008636428571428592,37.38524849635956,25.27713190093851,0.01144345662372671,0.008812627977501772,0.006799999999999917,0.0013500000000000734,0.0006800000000000139,0.0026374889016556047,0.7679,30566.0,-0.012175617809420669,0.76588,35167.0,-0.003239740820734305,0.77532,29289.0,0.003135928970563695,0.77732,39781.0,38882.15,0.9942351438899341
2026-02-12 00:00:00+00:00,0.77019,0.77245,0.76664,0.76908,38215.0,-0.0032917757445374285,-0.0032972055574055563,0.008201294782982647,0.76996,0.773212,0.7778120000000001,0.7889836,0.80130555,0.7734847975964202,0.7795799711674415,42.46053347849754,1.0551212141120796,-0.006095173571021295,-0.005900578523537504,-0.00019459504748379087,0.8008464443228647,0.7778120000000001,0.7547775556771354,0.04606888864572922,0.3104577675587239,0.008154285714285734,42.34810415714945,33.927652483485524,0.0075544806782129065,-0.0014432828834452273,0.0011100000000000554,0.0022599999999999287,0.0024399999999999977,0.00484438077874727,0.77162,38658.0,0.0026374889016556047,0.7679,30566.0,-0.012175617809420669,0.76588,35167.0,0.0006689651623525972,0.77784,41794.0,39583.6,0.9654250750310736
2026-02-13 00:00:00+00:00,0.7672,0.7718,0.76693,0.7673,31571.0,-0.00231445363291205,-0.0023171361205162337,0.008195162827732489,0.768356,0.772667,0.776049,0.7883406,0.8010282500000001,0.772533290273894,0.7786703436735569,43.339352687873294,-0.12105749580203669,-0.006137053399662973,-0.005947873498762598,-0.00018917990090037452,0.7963424108051173,0.776049,0.7557555891948827,0.040586821610234525,0.2844374195146676,0.007995000000000021,34.21653723161265,37.9832966283739,0.006346930796298764,0.00013032712107388113,9.999999999998899e-05,0.0045000000000000595,0.00026999999999999247,-0.0032917757445374285,0.76908,38215.0,0.00484438077874727,0.77162,38658.0,0.0026374889016556047,0.7679,30566.0,-0.003239740820734305,0.77532,29289.0,39996.5,0.7893440676059155
2026-02-16 00:00:00+00:00,0.76702,0.77039,0.76686,0.76944,19653.0,0.0027890003909814,0.0027851183457329996,0.008197011637963136,0.769068,0.771659,0.7746609999999999,0.7876584,0.8007223,0.7720573994625257,0.7779866145125527,57.19677474695491,0.687001923605383,-0.00592921505002697,-0.005944141809015473,1.4926758988502431e-05,0.7925138498683272,0.7746609999999999,0.7568081501316727,0.035705699736654495,0.3537768468757893,0.006957142857142876,43.992690726359264,40.18577737170714,0.004587752131420297,0.003145144520690343,0.0024199999999999777,0.0009500000000000064,0.000160000000000049,-0.00231445363291205,0.7673,31571.0,-0.0032917757445374285,0.76908,38215.0,0.00484438077874727,0.77162,38658.0,-0.012175617809420669,0.76588,35167.0,39214.3,0.5011692163317973
2026-02-17 00:00:00+00:00,0.76878,0.77394,0.76825,0.76987,28706.0,0.0005588479933458235,0.0005586918959597565,0.008005623106885275,0.769462,0.771157,0.7736705,0.7869647999999999,0.8004185000000001,0.771720876468291,0.7773853838079192,51.59099728366326,-0.37269492073762456,-0.0056645073396282,-0.0058882149151380184,0.0002237075755098187,0.79016101845599,0.7736705,0.7571799815440101,0.032981036911979844,0.38476711602055447,0.0064471428571428735,37.20806794055246,38.47243196617481,0.007390858196838391,0.0014158234507125039,0.0010900000000000354,0.004069999999999907,0.0005300000000000304,0.0027890003909814,0.76944,19653.0,-0.00231445363291205,0.7673,31571.0,-0.0032917757445374285,0.76908,38215.0,0.0026374889016556047,0.7679,30566.0,38766.4,0.7404866069586032
2026-02-18 00:00:00+00:00,0.77113,0.77317,0.76923,0.77298,25971.0,0.004039643056619857,0.00403150560617601,0.007866357016540275,0.7697339999999999,0.770723,0.7725555,0.7862916,0.8000605000000001,0.7719145877808616,0.7770590590814066,58.68405453467692,-0.8389778325123141,-0.005144471300544962,-0.005739466192219407,0.0005949948916744458,0.7855359995038091,0.7725555,0.7595750004961908,0.02596099900761839,0.5163514508773518,0.006261428571428592,53.715498938429064,44.972085868446946,0.005097156459416873,0.0023933348857667963,0.0018500000000000183,0.00019000000000002348,0.0019000000000000128,0.0005588479933458235,0.76987,28706.0,0.0027890003909814,0.76944,19653.0,-0.00231445363291205,0.7673,31571.0,0.00484438077874727,0.77162,38658.0,38420.55,0.6759663773683614
2026-02-19 00:00:00+00:00,0.7724,0.77622,0.77159,0.77486,26831.0,0.0024321457217522102,0.0024291928422659507,0.007747799724663872,0.77089,0.770425,0.7718545,0.7856673999999999,0.7997422999999999,0.7723677281222675,0.7768961658161172,52.401547917140846,-0.0038715172476060464,-0.004528437693849696,-0.005497260492545465,0.0009688227986957686,0.7824109836150944,0.7718545,0.7612980163849056,0.02111296723018885,0.6423532735703067,0.005908571428571453,63.694267515923734,51.53927813163511,0.005975272952533391,0.003174767054693774,0.0024600000000000177,0.0013600000000000279,0.0008099999999999774,0.004039643056619857,0.77298,25971.0,0.0005588479933458235,0.76987,28706.0,0.0027890003909814,0.76944,19653.0,-0.0032917757445374285,0.76908,38215.0,38291.5,0.7007038115508664
2026-02-20 00:00:00+00:00,0.77452,0.77717,0.77303,0.77555,33209.0,0.0008904834421701313,0.0008900871970054662,0.0073725688002580685,0.77254,0.7704479999999999,0.771624,0.785181,0.79941385,0.7728573084111494,0.7767964498297382,44.755614266842755,-0.2277054494931366,-0.003939141418588754,-0.005185636677754122,0.0012464952591653682,0.7816023943439903,0.771624,0.7616456056560097,0.019956788687980564,0.6967250373485444,0.005451428571428599,73.90797903319724,63.772581829183366,0.00533814712139776,0.0013280897427631686,0.0010299999999999754,0.0016200000000000658,0.0014899999999999913,0.0024321457217522102,0.77486,26831.0,0.004039643056619857,0.77298,25971.0,0.0005588479933458235,0.76987,28706.0,-0.00231445363291205,0.7673,31571.0,38146.45,0.8705659373283753
2026-02-23 00:00:00+00:00,0.77291,0.77677,0.771,0.77464,29759.0,-0.001173360840693638,-0.0011740497674840806,0.007318777521323392,0.77358,0.7713240000000001,0.7715115,0.7847713999999999,0.7991118500000001,0.773131568655588,0.7766367128053131,49.63375329622038,-0.41139565977578685,-0.0035051441497251368,-0.004849538172148326,0.0013443940224231888,0.7812886167313741,0.7715115,0.761734383268626,0.019554233462748094,0.6599909301461468,0.00542000000000002,74.46270543615658,70.68831732842587,0.007448621295053111,0.0022332954662811232,0.0017300000000000093,0.0021299999999999653,0.0019099999999999673,0.0008904834421701313,0.77555,33209.0,0.0024321457217522102,0.77486,26831.0,0.004039643056619857,0.77298,25971.0,0.0027890003909814,0.76944,19653.0,37249.35,0.7989132696275237
2026-02-24 00:00:00+00:00,0.77411,0.77656,0.77292,0.77393,29847.0,-0.0009165547867396873,-0.0009169750799123394,0.0055656259192648815,0.774392,0.771927,0.7721555,0.7843357999999999,0.7987975,0.773254404247036,0.776436215560475,44.77013267510024,-0.17928081308363028,-0.003181811313439087,-0.004515992800406478,0.0013341814869673911,0.7806429333731185,0.7721555,0.7636680666268815,0.01697486674623705,0.6045369030889965,0.005435714285714298,69.97471554993669,72.7818000064302,0.004703267737392241,-0.000232579173827036,0.00017999999999995797,0.0024500000000000632,0.0010099999999999554,-0.001173360840693638,0.77464,29759.0,0.0008904834421701313,0.77555,33209.0,0.0024321457217522102,0.77486,26831.0,0.0005588479933458235,0.76987,28706.0,36603.45,0.8154149403949629
2026-02-25 00:00:00+00:00,0.7734,0.77572,0.77183,0.77249,29102.0,-0.001860633390616706,-0.0018623665190686224,0.005210919937536338,0.774294,0.772014,0.7723685,0.7838642,0.7984921,0.7731368035936459,0.7761439032967361,41.974197419742,0.8630594871259211,-0.0030070997030902102,-0.004214214180943225,0.0012071144778530146,0.7806525170143902,0.7723685,0.7640844829856098,0.016568034028780376,0.5073333987477898,0.005390714285714289,61.29853596435408,68.5786523168158,0.005035663892089152,-0.0011780087768126014,0.0009099999999999664,0.0023199999999999887,0.0006599999999999939,-0.0009165547867396873,0.77393,29847.0,-0.001173360840693638,0.77464,29759.0,0.0008904834421701313,0.77555,33209.0,0.004039643056619857,0.77298,25971.0,35616.5,0.8170932011848441
2026-02-26 00:00:00+00:00,0.76963,0.77534,0.76826,0.77418,26661.0,0.00218773058550914,0.0021853409875148507,0.005057395020042034,0.7741580000000001,0.772524,0.772868,0.7834479999999999,0.7982225,0.7732972953484696,0.7759984289784594,48.246153846153796,0.8178148196379674,-0.0027011336299898048,-0.0039115980707525415,0.0012104644407627367,0.7802289513115153,0.772868,0.7655070486884847,0.014721902623030525,0.5891189157811385,0.00564357142857143,79.1055206149543,70.12625737641504,0.009145160040300674,0.005877186184091481,0.004549999999999943,0.0011600000000000499,0.0013699999999999823,-0.001860633390616706,0.77249,29102.0,-0.0009165547867396873,0.77393,29847.0,-0.001173360840693638,0.77464,29759.0,0.0024321457217522102,0.77486,26831.0,34507.4,0.7726168879718552
2026-02-27 00:00:00+00:00,0.77323,0.77386,0.76711,0.76861,27676.0,-0.007194709240744945,-0.007220715976955618,0.00469987078057795,0.7727700000000001,0.7726550000000001,0.772661,0.7829107999999999,0.7979434000000001,0.7725761729871665,0.7754511379430179,54.76772616136924,-0.39008838547471,-0.002874964955851378,-0.0037042714477723087,0.0008293064919209308,0.7802647633341705,0.772661,0.7650572366658296,0.01520752666834091,0.23361874758809958,0.00533857142857143,40.181691125087454,60.19524923479863,0.008782087144325514,-0.006010850756560489,0.0046199999999999575,0.0006300000000000194,0.0015000000000000568,0.00218773058550914,0.77418,26661.0,-0.001860633390616706,0.77249,29102.0,-0.0009165547867396873,0.77393,29847.0,0.0008904834421701313,0.77555,33209.0,33031.65,0.837863079803764
2026-03-02 00:00:00+00:00,0.76596,0.78132,0.76589,0.77933,48428.0,0.013947255435136086,0.013850887479937185,0.005325167907832235,0.773708,0.773644,0.7726515,0.7826184,0.7977004999999999,0.7736152232968333,0.77573846105835,65.30940262523441,1.3327612211993527,-0.002123237761516683,-0.0033880647105211836,0.0012648269490045006,0.780219572201167,0.7726515,0.7650834277988331,0.015136144402333906,0.9412286129465133,0.0060228571428571475,88.41676367869586,69.23465847291256,0.019799058165347227,0.017155762000692895,0.013369999999999993,0.0019900000000000473,7.00000000000145e-05,-0.007194709240744945,0.76861,27676.0,0.00218773058550914,0.77418,26661.0,-0.001860633390616706,0.77249,29102.0,-0.001173360840693638,0.77464,29759.0,32609.75,1.4850773158334547
2026-03-03 00:00:00+00:00,0.77849,0.78781,0.77823,0.7818,55920.0,0.003169389090629249,0.00316437716406338,0.00517781579439896,0.775282,0.774837,0.7729969999999999,0.7823504,0.7975066,0.7748744197127051,0.7761874639429167,64.10753880266091,1.8897432555714935,-0.001313044230211613,-0.00297306061445927,0.001660016384247657,0.781560772164425,0.7729969999999999,0.7644332278355749,0.01712754432885011,1.0139674334499955,0.006076428571428578,72.58211678832141,67.0601905307016,0.012253773343566171,0.004233819391148676,0.003310000000000035,0.00600999999999996,0.000260000000000038,0.013947255435136086,0.77933,48428.0,-0.007194709240744945,0.76861,27676.0,0.00218773058550914,0.77418,26661.0,-0.0009165547867396873,0.77393,29847.0,33340.2,1.6772544855759715
2026-03-04 00:00:00+00:00,0.78266,0.78346,0.77865,0.77901,48171.0,-0.003568687643898838,-0.003575070600024546,0.005212151350452532,0.776586,0.7754399999999999,0.7730815,0.7820967999999999,0.79730035,0.7755106628338274,0.7763965406878859,63.66639141205616,1.243761696818461,-0.00088587785405847,-0.00255562406237911,0.00166974620832064,0.7818556420933135,0.7730815,0.7643073579066865,0.017548284186627017,0.8378392973894235,0.006005000000000015,59.854014598540104,73.61763168851914,0.006174503536540085,-0.004685434076584437,0.003650000000000042,0.0008000000000000229,0.00036000000000002697,0.003169389090629249,0.7818,55920.0,0.013947255435136086,0.77933,48428.0,-0.007194709240744945,0.76861,27676.0,-0.001860633390616706,0.77249,29102.0,33759.7,1.4268787933542064
2026-03-05 00:00:00+00:00,0.77901,0.78373,0.77789,0.78076,46944.0,0.002246440995622656,0.0022439215195799115,0.005232767100378713,0.7779019999999999,0.77603,0.7732275000000001,0.781964,0.79707105,0.7763182531670848,0.7767197598961906,68.5399449035813,1.414524530115468,-0.0004015067291057717,-0.0021248005957244425,0.0017232938666186708,0.7824221343048526,0.7732275000000001,0.7640328656951475,0.018389268609705134,0.9096138981854115,0.006074285714285731,67.83759124087598,66.75790754257919,0.007479891387878563,0.002241405809723896,0.0017500000000000293,0.002970000000000028,0.0011200000000000099,-0.003568687643898838,0.77901,48171.0,0.003169389090629249,0.7818,55920.0,0.013947255435136086,0.77933,48428.0,0.00218773058550914,0.77418,26661.0,34017.2,1.3800077607798409
2026-03-06 00:00:00+00:00,0.78088,0.78275,0.77569,0.77608,101685.0,-0.005994159536861554,-0.006012196625381872,0.00536270570203634,0.779396,0.7760830000000001,0.7732654999999999,0.7817333999999999,0.79681945,0.7762815988336871,0.7766723702742505,58.5478887744593,0.40104530518253917,-0.00039077144056343105,-0.0017779947646922403,0.0013872233241288092,0.78250273010431,0.7732654999999999,0.7640282698956898,0.018474460208620203,0.6523454524905039,0.006326428571428582,46.4872262773723,58.05961070559615,0.009097000309246412,-0.006184929388722846,0.0048000000000000265,0.0018699999999999273,0.00039000000000000146,0.002246440995622656,0.78076,46944.0,-0.003568687643898838,0.77901,48171.0,0.003169389090629249,0.7818,55920.0,-0.007194709240744945,0.76861,27676.0,37637.0,2.701729680899115
2026-03-09 00:00:00+00:00,0.77898,0.78253,0.77672,0.77693,175826.0,0.0010952479125863057,0.0010946485661733132,0.004524198656437603,0.778916,0.7763120000000001,0.773818,0.7814914000000001,0.7965940499999999,0.7763813528592737,0.7766914539576394,58.99133978604172,0.26714503265106165,-0.00031010109836571154,-0.0014844160314269347,0.0011743149330612232,0.7825004483570971,0.773818,0.7651355516429029,0.017364896714194167,0.6792121226644692,0.006380714285714295,50.36496350364975,54.89659367396603,0.007478151184791399,-0.002638590349194903,0.0020499999999999963,0.003549999999999942,0.00021000000000004349,-0.005994159536861554,0.77608,101685.0,0.002246440995622656,0.78076,46944.0,-0.003568687643898838,0.77901,48171.0,0.013947255435136086,0.77933,48428.0,44669.95,3.9361136513472705
2026-03-10 00:00:00+00:00,0.77697,0.77928,0.77479,0.77795,135752.0,0.001312859588380011,0.0013119985417704163,0.0045043982662797515,0.778146,0.776714,0.7743205,0.7812708,0.7963737499999999,0.7766226831886162,0.7767846795904069,56.68549905838045,0.309457804139007,-0.0001619964017907094,-0.0012199321054996897,0.0010579357037089803,0.782719483585121,0.7743205,0.7659215164148789,0.016797967170242067,0.7160678112545543,0.006420000000000005,55.01824817518268,50.62347931873493,0.0057715791503309905,0.0012597210617648702,0.0009799999999999809,0.0013299999999999423,0.0021800000000000708,0.0010952479125863057,0.77693,175826.0,-0.005994159536861554,0.77608,101685.0,0.002246440995622656,0.78076,46944.0,0.003169389090629249,0.7818,55920.0,49929.25,2.718887225423975
2026-03-11 00:00:00+00:00,0.77798,0.78087,0.77654,0.77971,120281.0,0.0022623561925574354,0.002259800918021503,0.004414255593695226,0.778286,0.777436,0.774725,0.7810307999999999,0.7961876,0.7770976550057522,0.7770013699911175,56.54520917678815,0.6544975730662009,9.628501463476713e-05,-0.0009566886814727984,0.0010529736961075655,0.783352501925451,0.774725,0.766097498074549,0.017255003850902062,0.7889017031276646,0.006398571428571428,63.04744525547456,56.14355231143568,0.005553346757127579,0.0022187736466122137,0.0017300000000000093,0.0011599999999999389,0.0014399999999999968,0.001312859588380011,0.77795,135752.0,0.0010952479125863057,0.77693,175826.0,-0.005994159536861554,0.77608,101685.0,-0.003568687643898838,0.77901,48171.0,54010.4,2.2269970227956097
2026-03-12 00:00:00+00:00,0.77971,0.78635,0.77964,0.7856,107857.0,0.0075540906234368155,0.0075257013612628505,0.004582915216523668,0.779254,0.778578,0.775551,0.780897,0.7959989000000001,0.7784057080817903,0.7776383055473309,61.89349112426036,1.5078883103122969,0.0007674025344593938,-0.00061187043828636,0.0013792729727457537,0.7850246707719192,0.775551,0.7660773292280808,0.01894734154383837,1.0303646412215484,0.006582142857142854,89.91788321167864,69.32785888077865,0.00854124236252545,0.007497454175152687,0.005889999999999951,0.0007500000000000284,7.00000000000145e-05,0.0022623561925574354,0.77971,120281.0,0.001312859588380011,0.77795,135752.0,0.0010952479125863057,0.77693,175826.0,0.002246440995622656,0.78076,46944.0,57492.5,1.87601861112319
2026-03-13 00:00:00+00:00,0.7856,0.79168,0.78469,0.79094,111083.0,0.006797352342158947,0.006774354500197339,0.004680297850559397,0.782226,0.780811,0.7767329999999999,0.7808736000000001,0.7958663,0.7803340606845918,0.7786236162475286,67.45929734361607,2.388380432109149,0.001710444437063141,-0.00014740746321645977,0.0018578519002796009,0.7876596879462014,0.7767329999999999,0.7658063120537983,0.021853375892403104,1.150105506350571,0.006669285714285719,97.1306708026364,83.36533308992988,0.008837585657572068,0.0067514602877588835,0.005340000000000011,0.0007400000000000739,0.0009099999999999664,0.0075540906234368155,0.7856,107857.0,0.0022623561925574354,0.77971,120281.0,0.001312859588380011,0.77795,135752.0,-0.005994159536861554,0.77608,101685.0,61468.1,1.8071650173016574
2026-03-16 00:00:00+00:00,0.79013,0.79227,0.78603,0.78727,101409.0,-0.004640048549826692,-0.0046508469915766135,0.004866127190395921,0.7842939999999999,0.7816050000000001,0.7776245,0.7807913999999999,0.79570815,0.7814011282715776,0.7792640891180821,63.436744560838044,1.6908212560386535,0.0021370391534955013,0.0003094818601259325,0.0018275572933695687,0.7889480617885423,0.7776245,0.7663009382114578,0.022647123577084427,0.9259039770401486,0.006855000000000008,81.04624715693711,89.36493372375075,0.007926124455396526,-0.003632807042056694,0.0028599999999999737,0.0021400000000000308,0.0012400000000000189,0.006797352342158947,0.79094,111083.0,0.0075540906234368155,0.7856,107857.0,0.0022623561925574354,0.77971,120281.0,0.0010952479125863057,0.77693,175826.0,65555.9,1.546908821326532
2026-03-17 00:00:00+00:00,0.78727,0.79001,0.78393,0.78458,63537.0,-0.0034168709591372304,-0.003422721794213751,0.0049719165915864585,0.78562,0.781883,0.7783599999999999,0.7805705999999999,0.79552325,0.7818901854605657,0.7796578602945206,61.878561603458486,2.077776765850046,0.0022323251660451016,0.0006940505213097663,0.0015382746447353353,0.789471748168871,0.7783599999999999,0.7672482518311289,0.02222349633774212,0.7798839527980438,0.007011428571428581,70.8491281273694,83.00868202898099,0.007749369089194185,-0.0034285859950546407,0.00268999999999997,0.0027399999999999647,0.0006500000000000394,-0.004640048549826692,0.78727,101409.0,0.006797352342158947,0.79094,111083.0,0.0075540906234368155,0.7856,107857.0,0.001312859588380011,0.77795,135752.0,67297.45,0.9441219541007869
2026-03-18 00:00:00+00:00,0.78458,0.79355,0.78435,0.79216,70811.0,0.009661220015804606,0.009614848858450013,0.005303141774290305,0.78811,0.783198,0.779319,0.780459,0.7953785999999999,0.7834701569281709,0.7805839447171486,65.83303980274746,1.646285912257966,0.0028862122110222543,0.001132482859252264,0.0017537293517699904,0.7917124531104124,0.779319,0.7669255468895876,0.0247869062208248,1.0180557785469646,0.007162857142857153,94.97469269703542,82.29002266044733,0.011613815390830118,0.009568773985053423,0.00757999999999992,0.0013900000000000023,0.0002300000000000635,-0.0034168709591372304,0.78458,63537.0,-0.004640048549826692,0.78727,101409.0,0.006797352342158947,0.79094,111083.0,0.0022623561925574354,0.77971,120281.0,69539.45,1.018285304240974
2026-03-19 00:00:00+00:00,0.79216,0.7958,0.78575,0.78792,115048.0,-0.005352454049686983,-0.005366829751666052,0.005493276272226639,0.788574,0.783914,0.779972,0.7802452,0.7952064,0.7841547481699908,0.7811273562195821,67.41208295761942,0.7828089025326047,0.0030273919504086866,0.0015114646774835486,0.001515927272925138,0.7927466073788669,0.779972,0.7671973926211331,0.025549214757733862,0.8110858817136076,0.007375714285714295,73.65429622199933,79.82603901546807,0.012755102040816332,-0.0053812569804041295,0.0042400000000000215,0.0036399999999999766,0.0021700000000000053,0.009661220015804606,0.79216,70811.0,-0.0034168709591372304,0.78458,63537.0,-0.004640048549826692,0.78727,101409.0,0.0075540906234368155,0.7856,107857.0,73950.3,1.5557475764128068
2026-03-20 00:00:00+00:00,0.78792,0.79056,0.78551,0.78802,84507.0,0.0001269164382171617,0.00012690838500739943,0.005495635538766664,0.78799,0.7851079999999999,0.7805955,0.7799860000000001,0.7950484,0.7847494022976844,0.781637922425539,59.69217042159274,1.156596192603442,0.0031114798721454395,0.0018314677164159268,0.0012800121557295127,0.7936749857053244,0.7805955,0.7675160142946756,0.026158971410648713,0.7838223217361564,0.006634285714285719,62.97001427891524,77.19966773265001,0.006408466790182988,0.000126900332478998,0.00010000000000010001,0.0025399999999999867,0.002409999999999912,-0.005352454049686983,0.78792,115048.0,0.009661220015804606,0.79216,70811.0,-0.0034168709591372304,0.78458,63537.0,0.006797352342158947,0.79094,111083.0,76515.2,1.1044472209443352
2026-03-23 00:00:00+00:00,0.78841,0.79397,0.78344,0.78611,159733.0,-0.0024237963503465076,-0.002426738499796043,0.005526439574798373,0.787758,0.786026,0.781169,0.7797622000000001,0.79492935,0.7849587250211176,0.7819691874310546,54.867856336119175,0.6852297761155753,0.0029895375900630405,0.0020630816911453497,0.0009264558989176908,0.7941544994432047,0.781169,0.7681835005567953,0.025970998886409413,0.6902506723599912,0.006702142857142855,53.87910518800577,63.501138562973466,0.013395071936497346,-0.0029257991884088486,0.0023000000000000798,0.005559999999999898,0.00266999999999995,0.0001269164382171617,0.78802,84507.0,-0.005352454049686983,0.78792,115048.0,0.009661220015804606,0.79216,70811.0,-0.004640048549826692,0.78727,101409.0,83013.9,1.924171735094966
